# .PCD v0.7 - Point Cloud Data file format
VERSION 0.7
FIELDS x y z
SIZE 4 4 4
TYPE F F F
COUNT 1 1 1
WIDTH 16156
HEIGHT 1
VIEWPOINT 0 0 0 1 0 0 0
POINTS 16156
DATA ascii
26.185793 12.597642 0.0015
26.357513 12.625582 0.00060000003
26.657997 12.620673 0.0015
26.900566 12.685168 0.0024000001
27.158136 12.623758 0.013125
27.408886 12.638918 0.024428571
27.618343 12.610307 0.11200826
27.884573 12.613812 0.10750116
28.071018 12.615184 0.06333445
28.389996 12.634496 0
-1.6341547 12.871343 0.10579231
-1.3867116 12.877096 0
-1.1166149 12.87025 0
-0.83901727 12.878591 0
-0.63006479 12.857211 0
-0.43868142 12.872496 0.066475257
-0.10574182 12.878508 0.028415825
0.082472004 12.883162 0.047805432
0.3276175 12.914464 0.10671506
0.66759682 12.880453 0.061656117
0.8718304 12.892487 0.003
1.1605396 12.822053 0.0015
1.3638779 12.846187 0.0024000001
1.6101327 12.8608 0.0024999999
1.8859912 12.890325 0.0022500001
2.1047978 12.882443 0.064875983
2.4246838 12.859099 0.081823692
2.6547081 12.875999 0.14677714
2.7839308 12.870359 0.098202929
3.0998673 12.897864 0.098585837
3.3710403 12.862205 0.10192857
3.647608 12.856314 0.09254545
3.8658063 12.869329 0.10175
4.1396055 12.860063 0.116
4.3855124 12.880163 0.10976923
4.6325717 12.889482 0.10174999
4.8731318 12.868898 0.13533333
5.1334796 12.870275 0.093363635
5.3997703 12.868078 0.10976923
5.6347427 12.865632 0.1218
5.8950567 12.87754 0.11127272
6.1410222 12.874442 0.11023077
6.3673358 12.88041 0.11866666
6.6159058 12.872922 0.14209999
6.8752913 12.889932 0.126875
7.1086574 12.886531 0.10224999
7.36801 12.901332 0.10224999
7.6430688 12.884997 0.11127273
7.8850985 12.886573 0.13558333
8.1161938 12.875046 0.10175
8.373992 12.877663 0.1015
8.6082106 12.877687 0.10214286
8.8677778 12.863158 0.09254545
9.1386471 12.887691 0.11642857
9.3776064 12.879556 0.10174999
9.6447897 12.87202 0.11099999
9.8949461 12.872102 0.13599999
10.132748 12.871169 0.11277778
10.370671 12.898794 0.13558333
10.630527 12.898384 0.111
10.880559 12.871995 0.11064086
11.125445 12.857811 0.08023376
11.405015 12.891088 0.07053595
11.692756 12.919004 0.0015
11.855494 12.887203 0.0015
12.113805 12.86614 0.00085714291
12.393217 12.853281 0.086207829
12.612156 12.869911 0.11449222
12.858884 12.882127 0.12436967
13.10987 12.878952 0.11338797
13.344072 12.869908 0.11434083
13.620294 12.884598 0.094669022
13.875806 12.848174 0.10637556
14.118356 12.847919 0.096553057
14.372271 12.890508 0.12049779
14.607033 12.864394 0.10704733
14.863515 12.862854 0.10548338
15.129252 12.857326 0.11647239
15.39343 12.887262 0.12525253
15.617251 12.887562 0.12083694
15.869946 12.854359 0.096616983
16.128447 12.880744 0.10361875
16.360655 12.865403 0.10649307
16.61866 12.872569 0.11433449
16.871403 12.877868 0.10946375
17.118488 12.866886 0.13183746
17.368826 12.864853 0.10799005
17.634462 12.861214 0.10280797
17.864082 12.850189 0.12693797
18.125469 12.88098 0.11793924
18.332918 12.857906 0.084946953
18.640636 12.875793 0.0016333334
18.857454 12.862535 0.001
19.118093 12.885162 0.00050000002
19.340279 12.800961 0.0015
19.61557 12.836737 0.00075000001
19.877111 12.883643 0.0015
20.151213 12.85061 0.0012000001
20.397203 12.917813 0.044302128
19.909548 0 0.35714287
20.140949 1.2207032e-07 0.35744691
20.35421 0 0.35384181
20.632357 0 0.3402718
20.880276 0 0.3390857
21.148157 0 0.36192137
21.379635 0 0.36053091
21.586855 0 0.37301615
21.89135 6.1035159e-08 0.35246035
22.136244 0 0.34044057
22.335732 0 0.34692481
22.596962 0 0.32990021
22.847063 6.9754471e-08 0.35812914
23.127449 0 0.33222395
23.420757 0 0.37016806
23.630531 0 0.36594337
23.86097 0 0.34639394
24.122002 0 0.34898999
24.388203 6.9754471e-08 0.36584172
24.628214 0 0.34319937
24.910116 0.080384277 0.37565553
25.164509 0.073434882 0.37571728
25.399946 0 0.37068704
25.600521 0.080071777 0.36561957
25.913637 0.063434012 0.37963077
26.129105 4.8828127e-08 0.34854987
26.390814 0 0.38554057
26.639229 4.8828127e-08 0.36576691
26.859308 9.7656255e-08 0.35306668
27.096834 0 0.36446065
27.345058 0.060331054 0.37540764
27.664608 0.057463266 0.35861155
27.866142 6.9754471e-08 0.37097105
28.00675 0.10955939 0.35430154
-0.018000243 0.35305345 0.35708916
0 0.33791211 0.39140293
0.61102724 0.37946317 0.34832308
1.397333 0.39997771 0.28971189
3.5903389 0.38552412 0.36751845
12.908217 0.35453662 0.28947723
13.164276 0.36025357 0.36776233
13.3978 0.39436662 0.43915763
13.541469 0.38309643 0.48308152
13.808497 0.36251876 0.38592008
24.975239 0.39339715 0.41382876
25.225239 0.38432169 0.38061127
25.538145 0.35830665 0.3741028
25.945436 0.38514501 0.36951959
27.2798 0.39698267 0.3715581
27.687092 0.35897297 0.36913896
28.008999 0.3669275 0.39537701
-0.013500243 0.6631887 0.36811224
0.12486023 0.55208039 0.40303874
0.37958509 0.54712498 0.38572726
0.61128896 0.61567354 0.36523834
1.3958815 0.62713116 0.29066008
3.5909114 0.62167335 0.37977526
12.86335 0.61028004 0.27575988
13.124714 0.62469834 0.35566694
13.380075 0.60915291 0.43373871
13.5443 0.66933006 0.48394716
13.8081 0.62571764 0.3743332
24.975239 0.62359202 0.35665074
25.225239 0.61982888 0.34604207
25.574757 0.62670952 0.40793434
25.890894 0.63891834 0.44541815
27.335987 0.63458037 0.42438468
27.653469 0.61964184 0.39192942
28.006168 0.62475342 0.36825883
-0.30570605 0.89753902 0.32820398
-0.10420724 0.89797634 0.38478124
0.094101422 0.89244968 0.37990737
0.63648719 0.90209317 0.40074179
1.3973334 0.90467954 0.28110233
3.499999 0.81301808 0.49600995
3.5987577 0.88611865 0.37200907
12.726803 0.99999952 0.35512391
12.920299 0.85822737 0.29358914
13.142746 0.86573154 0.36138889
13.377298 0.882276 0.43315119
13.532834 0.87697071 0.4804416
13.81245 0.86599952 0.39642453
24.975239 0.89094502 0.36729574
25.225239 0.86959898 0.36978495
25.594133 0.876068 0.42667499
25.906799 0.86986208 0.39987829
27.33713 0.89074963 0.42630905
27.641827 0.86098105 0.41181681
28.01 0.90958244 0.37294784
-0.29092968 1.04368 0.3081083
-0.060090821 1.11773 0.35820964
0.077288643 1.0706969 0.35250416
0.63336289 1.1236392 0.37901247
1.3684267 1.1364065 0.29170558
3.499999 1.237102 0.47293878
3.6056197 1.1328663 0.36681637
12.633778 1.0964431 0.32444143
12.873182 1.0769904 0.36013526
13.099062 1.0813249 0.41318578
13.36172 1.1224999 0.39055791
13.638087 1.1191529 0.39324492
13.879556 1.0880984 0.33018416
14.132011 1.1537353 0.3169972
14.393484 1.1467687 0.31752682
14.654772 1.1691641 0.31565017
14.891082 1.1821665 0.33560234
15.154435 1.1546457 0.30819428
15.335561 1.1740632 0.32020479
15.617179 1.1844574 0.33947635
15.878204 1.1844778 0.3898654
16.073511 1.1831977 0.3413766
24.975239 1.1059244 0.36946315
25.225239 1.1225667 0.38792586
25.428928 1.2095883 0.42111808
25.598145 1.1399066 0.41343871
25.901819 1.1284922 0.40332764
27.335423 1.1296146 0.41864708
27.653288 1.126968 0.40486926
27.775547 1.2077925 0.41256917
28.009989 1.1415837 0.39897293
-0.0090004876 1.3583723 0.37968129
0.10065319 1.3756537 0.35934585
0.38397658 1.3678271 0.35235021
0.61124194 1.3736881 0.37600896
1.373271 1.4053886 0.30000001
3.5978482 1.3811365 0.37712193
14.375649 1.2750472 0.32475889
14.633565 1.2925187 0.30912244
14.87893 1.2925189 0.33299896
15.0978 1.2916433 0.32500491
15.395466 1.3323685 0.33956099
15.662169 1.3554496 0.41844207
15.871556 1.3338802 0.40285122
16.132463 1.3480866 0.33718681
16.30504 1.4264938 0.3109355
24.975239 1.3584865 0.36397973
25.225239 1.3528715 0.38207045
25.324615 1.3392881 0.34110501
25.581402 1.3684708 0.37854603
25.90274 1.3869435 0.39980233
27.331387 1.3657522 0.39577481
27.652128 1.3637911 0.40176284
26.322945 6.3819146 0.0015
26.634991 6.4308829 0.0012000001
26.881805 6.3794484 0.0024000001
27.094074 6.3105593 0.0023333335
27.338623 6.3380022 0.0015
27.648701 6.3886709 0.0020000001
27.789446 6.3946052 0
28.059801 6.3794761 0.060998932
28.368587 6.3216262 0
-0.38928223 6.6414547 0
-0.10866585 6.6266656 0.02740233
0.08540117 6.6299434 0.070255414
0.36864388 6.6641598 0
0.63537794 6.5904126 0.001
0.84808421 6.6570907 0.0022499999
1.1060468 6.6348448 0.0024000001
1.3602509 6.6337976 0.00075000001
1.6053427 6.5674658 0.001
1.8505911 6.5939775 0.0015
2.1524618 6.6594949 0.091685481
2.3770185 6.6351275 0.062638059
2.639158 6.6530142 0.067540489
2.8667731 6.6558833 0.033174552
3.1486139 6.6481934 0.0017142857
3.3209877 6.6087666 0.003
3.6565056 6.664011 0.001
3.9009309 6.6407213 0.00075000001
4.1408253 6.6514649 0.0012857142
4.3506007 6.6451592 0.0022499999
4.5933547 6.5946403 0.0018
4.8741264 6.6006622 0.001
5.1251898 6.6357164 0.0022666666
5.3813815 6.6334391 0.00060000003
5.6028705 6.626718 0.0015
5.9097452 6.6234326 0.0012000001
6.1404481 6.6478477 0.088161275
6.3707714 6.6037908 0.098184213
6.6117954 6.5981083 0.077514693
6.8731098 6.6279578 0.095213488
7.0805435 6.6379318 0.058199376
7.3839831 6.6570673 0.0018000001
7.6396518 6.6158223 0.0024000001
7.7856426 6.6041718 0.001
8.1234579 6.5799398 0.0018
8.374691 6.6201234 0.0015
8.6241322 6.6262741 0.0017142857
8.8539209 6.6223955 0.001
9.1249876 6.5950618 0.0014000001
9.3471594 6.6269703 0.0015
9.6287651 6.6096849 0.084244773
9.8832083 6.6149054 0.11765521
10.113795 6.6305308 0.067064449
10.390285 6.6441197 0
10.648054 6.6283708 0
10.87241 6.6457467 0
11.126275 6.6091776 0
11.367074 6.6044755 0
11.61764 6.6146531 0
11.869151 6.6511536 6.2341929e-17
12.125056 6.6085749 7.8417238e-17
12.375895 6.636622 7.7038844e-17
12.592993 6.6181664 8.551959e-17
12.864454 6.6256003 3.3071723e-17
13.131591 6.6180749 5.0029673e-17
13.391292 6.6036801 3.5982509e-17
13.644862 6.6238542 1.2584605e-17
13.845862 6.6043925 8.6449109e-18
14.131287 6.6224494 0
14.374135 6.6486998 0
14.612892 6.6516261 0
14.871077 6.6139984 0
15.135947 6.633503 0
15.394353 6.6121473 0
15.639359 6.6024823 0
15.894028 6.6246004 0
16.126219 6.617188 0
16.377144 6.6176033 0
16.607983 6.6230865 0
16.888096 6.6234488 0
17.136326 6.6018748 0
17.371933 6.636116 0
17.615271 6.6252222 0
17.8549 6.6216626 0.076401778
18.128204 6.6117969 0.10525518
18.398008 6.6070261 0.1046893
18.557537 6.6563277 0.0015
18.893692 6.657424 0.00145
19.111692 6.6487789 0.0012000001
19.381233 6.6124406 0
19.613245 6.6082082 0.00085714285
19.835413 6.61654 0.0020000001
20.142448 6.6261744 0.001
20.36727 6.6300721 0.0012000001
20.620796 6.6422925 0.0017142857
20.880653 6.6646652 0.068541087
21.140388 6.6543899 0.024505813
21.360874 6.639411 0.039925504
21.611244 6.6599274 0.032238662
21.879883 6.6459618 0.045433935
22.082216 6.6623249 0.022049205
22.375965 6.6421299 0.0017142857
22.59486 6.6056924 0.0015
22.858986 6.6069603 0.001
23.174055 6.6756992 0.0015
23.349768 6.6231151 0.001
23.631752 6.6008477 0.0022499999
23.889816 6.607913 0.0018333334
24.139345 6.6411772 0.001
24.38736 6.6426268 0.0022499999
24.625368 6.5890031 0.003
24.891644 6.5808678 0.00075000001
25.140102 6.6780524 0.051268507
25.374989 6.6329532 0.054455675
25.61146 6.6697879 0.10041743
25.860958 6.6783786 0.065372758
26.140965 6.6108837 0.0012000001
26.384613 6.6358948 0.0022499999
26.621124 6.6378708 0.0022499999
26.904789 6.6263485 0.0015
27.120129 6.5901546 0.0026666666
27.372736 6.6305704 0.0022500001
27.65892 6.6321945 0.0015
27.856678 6.6205869 0.001
28.065435 6.6311278 0.078931503
28.361097 6.6152878 0
-0.39064014 6.8610544 0
-0.10927283 6.8818722 0.045370318
0.060591064 6.8813705 0.040985174
0.33443001 6.8958468 0.001
0.61097932 6.8921289 0.0018333333
0.87907565 6.7910271 0.003
1.1406015 6.8804097 0.0018
1.3866893 6.8711243 0.00099999993
1.6369213 6.890934 0.027249366
1.8837237 6.9076619 0.10777051
2.1288707 6.8693628 0.11170875
2.3809705 6.8733139 0.12918182
2.6295843 6.8859553 0.080163479
2.8899322 6.889679 0.094929747
3.0933762 6.895185 0.036878571
3.3662155 6.8378901 0.0020000001
3.59742 6.888957 0.00099999993
3.8350143 6.85569 0.0011666667
4.1368647 6.9049506 0.0022857143
4.3295827 6.8941154 0.00075000001
4.6452227 6.9501619 0.001
4.8539624 6.8774347 0.0024000001
5.1554275 6.8653002 0.0022666666
5.3987346 6.8564129 0.0024000001
5.6109853 6.9994555 0
5.8599658 6.9008322 0.012267567
6.120616 6.8741684 0.060572166
6.3602171 6.8553534 0.094760448
6.6255002 6.8989224 0.083448663
6.8427982 6.9140887 0.0019999999
-0.372572 -0.3952719 0
-0.10930803 -0.37465107 0
0.11951562 -0.38063964 0
0.37639928 -0.37223786 0
0.64702094 -0.35676974 0
0.89940089 -0.35187608 0
1.1291718 -0.37594825 0
1.3836328 -0.35333526 0
1.5966685 -0.37150577 0
1.8424627 -0.34390891 0
2.1189361 -0.36325419 0
2.3835945 -0.4022274 0
2.6123059 -0.37759513 0
2.8393538 -0.38574994 0
3.1271064 -0.3812159 0
3.3846588 -0.3666001 0
3.6512918 -0.34843534 0
3.8965676 -0.40349543 0
4.1445274 -0.35869148 0
4.3985362 -0.37920332 0
4.6235609 -0.36461222 0
4.8951859 -0.38999951 0
5.1317644 -0.3860122 0
5.3428707 -0.3597908 0
5.5929623 -0.39043456 0
5.848536 -0.38579729 0
6.0965118 -0.39560938 0
6.3991437 -0.32361025 0
6.6494184 -0.36756456 0
6.8925915 -0.3877027 0
7.1348438 -0.3795886 0
7.3681059 -0.33921957 0
7.6214924 -0.39300236 0
7.8773823 -0.38208315 0
8.1306458 -0.37693837 0
8.3737001 -0.38306552 0
8.6453772 -0.3655774 0
8.8916683 -0.3727468 0
9.1140394 -0.36814672 0
9.3528767 -0.37794703 0
9.6266727 -0.4052586 0
9.8416481 -0.37864932 0
10.10294 -0.38907847 0
10.381697 -0.39989161 0
10.62967 -0.35990956 0
10.885849 -0.34676972 0
11.13008 -0.37298861 0
11.382897 -0.3434087 0
11.62096 -0.3879073 0
11.876822 -0.38983923 0
12.130538 -0.36085874 0
12.380932 -0.34348652 0
12.655088 -0.3647247 0
12.90287 -0.36125922 0
13.129436 -0.38845688 0
13.384843 -0.38236701 0
13.644749 -0.34458858 0
13.881145 -0.38174576 0
14.135774 -0.37348822 0
14.364027 -0.32062802 0
14.613008 -0.39736825 0
14.8741 -0.34209809 0
15.135323 -0.36145434 0
15.333289 -0.36632422 0
15.627812 -0.35496148 0
15.884905 -0.36435083 0
16.120636 -0.34939891 0
16.39966 -0.37959042 0
16.63201 -0.35468239 0
16.887964 -0.37569672 0
17.13686 -0.37491319 0
17.374329 -0.34457219 0
17.612772 -0.33684424 0
17.896294 -0.34630388 0
18.129934 -0.35259005 0
18.378323 -0.37398905 0
18.639343 -0.38783789 0
18.875799 -0.35174561 0
19.152891 -0.41072673 0
19.372206 -0.35722011 0
19.618465 -0.35093212 0
19.859892 -0.34625673 0
20.129545 -0.35873136 0
20.407591 -0.35708633 0
20.619858 -0.38668633 0
20.882595 -0.3606447 0
21.127098 -0.37936538 0
21.365759 -0.35807902 0
21.613905 -0.37760288 0
21.879875 -0.39974421 0
22.125784 -0.37906843 0
22.38862 -0.36067161 0
22.61797 -0.37864023 0
22.877832 -0.3534252 0
23.138868 -0.38370061 0
23.360554 -0.38508183 0
23.611855 -0.33389515 0
23.868729 -0.36993009 0
24.110897 -0.35871455 0
24.397665 -0.36694321 0
24.641909 -0.34441468 0
24.878387 -0.37011686 0
25.133179 -0.37855715 0
25.35125 -0.37243545 0
25.629232 -0.36623073 0
25.897739 -0.35906136 0
26.14216 -0.3627798 0
26.401979 -0.36865419 0
26.62652 -0.35211647 0
26.868982 -0.35541904 0
27.133085 -0.393769 0
27.403904 -0.37729806 0
27.620558 -0.3459996 0
27.88269 -0.37326083 0
28.146471 -0.35177946 0
28.363832 -0.36496592 0
-0.36932459 -0.12262783 0
-0.12710668 -0.1195465 0.012297479
0.13659403 -0.13174379 0.0076031727
0.3690415 -0.11303554 0.026358685
0.6561271 -0.12172974 0.015967479
0.88021326 -0.09781006 0.037787277
1.1434748 -0.085186161 0.04220961
1.3930703 -0.10539586 0.054047622
1.6154057 -0.11042523 0.031329449
1.8670158 -0.047504883 0.069729097
2.1053197 -0.092833705 0.070758693
2.3612962 -0.092517674 0.047506671
2.6319075 -0.10936416 0.039118998
2.8995337 -0.10626556 0.012735227
3.1442323 -0.081812598 0.047556374
3.374815 -0.090690061 0.03754048
3.6250603 -0.073415525 0.015272372
3.8705008 -0.12454156 0.019955909
4.1309252 -0.095817648 0.054240074
4.4023614 -0.094261959 0.062412459
4.613555 -0.10298421 0.016542858
4.8589959 -0.10640175 0.046275437
5.1188397 -0.098749794 0.048895694
5.3764429 -0.089714237 0.076243468
5.6145968 -0.080428816 0.081040204
5.8646045 -0.080968969 0.054578386
6.1182208 -0.10351487 0.036021985
6.3762727 -0.069694012 0.059611093
6.6192169 -0.07405398 0.08212781
6.8757467 -0.077243127 0.066821694
7.1244264 -0.10031451 0.033450078
7.3825145 -0.10523584 0.041355569
7.6466722 -0.094244465 0.044371657
7.8798199 -0.095704153 0.039960295
8.1159239 -0.078305267 0.048189379
8.396306 -0.11110527 0.046782009
8.6373053 -0.093305282 0.046014965
8.8897018 -0.091411702 0.010375355
20.34486 12.864093 0.08357089
20.625008 12.875435 0.071261719
20.887573 12.861496 0.067032427
21.117994 12.84746 0.077304967
21.378868 12.856562 0.066103771
21.632967 12.832157 0.096118301
21.866983 12.849627 0.070099011
22.118475 12.873081 0.073409989
22.356482 12.86218 0.064341925
22.611856 12.868582 0.076151974
22.876596 12.885134 0.082988009
23.127388 12.877037 0.094733328
23.40062 12.890372 0.084583327
23.633671 12.867669 0.086999997
23.890291 12.882528 0.072499998
24.135595 12.864816 0.10157143
24.331041 12.875114 0.059024822
24.53965 12.873715 0.083119273
24.854456 12.894904 0.0015
25.119247 12.885232 0.0020000001
25.328686 12.884349 0.0020000001
25.631203 12.829962 0.0022499999
25.907005 12.88566 0.001
26.097057 12.894657 0.0012000001
26.326382 12.890292 0.0020000001
26.63114 12.900299 0.003
26.866596 12.896707 0.0017142857
27.148558 12.879906 0.1061017
27.373194 12.859047 0.11221299
27.622225 12.877453 0.11055447
27.848524 12.858429 0.12581605
28.077728 12.850488 0.05716392
28.365911 12.872899 0
-1.6129071 13.141678 0.079320818
-1.4043584 13.089417 0
-1.1542414 13.142456 0
-0.87648469 13.106121 0
-0.64844501 13.126864 0
-0.42763102 13.115678 0.050473135
-0.097088538 13.115836 0.020183401
0.086114705 13.124306 0.05256718
0.33082935 13.126518 0.097593792
0.6713599 13.135246 0.060942948
0.85352123 13.135102 0.0022499999
1.1216218 13.120238 0.003
1.4047103 13.166369 0.0020000001
1.6299248 13.141115 0.0020000001
1.8653928 13.114412 0.0024999999
2.0858576 13.129471 0.11091152
2.4328804 13.133141 0.070312031
2.6278958 13.133438 0.10883491
2.8300896 13.097826 0.058339912
3.1156349 13.123576 0.097826265
3.3688233 13.125495 0.12945454
3.6152668 13.124557 0.14053845
3.8679385 13.141888 0.11916666
4.1174922 13.125865 0.1141111
4.3665423 13.112388 0.11
4.643436 13.132998 0.116
4.889101 13.12143 0.10224999
5.1418877 13.127006 0.11621428
5.3747544 13.112121 0.10179999
5.6084394 13.124863 0.11
5.8682284 13.130679 0.11891667
6.1187696 13.12904 0.13533333
6.4055862 13.118111 0.14542857
6.6205554 13.149475 0.10224999
6.8810606 13.136759 0.1424
7.1284313 13.124603 0.10953846
7.3853197 13.12076 0.102
7.6237445 13.096915 0.14542857
7.8719015 13.134958 0.085333332
8.1437273 13.122336 0.102
8.3838167 13.101959 0.11841667
8.6167145 13.134475 0.12945454
8.8634405 13.104353 0.13092856
9.1379375 13.101711 0.094615377
9.3776484 13.145307 0.079000004
9.6396074 13.147373 0.11277777
9.8801346 13.131249 0.101875
10.137103 13.127327 0.1224
10.377831 13.135398 0.092818178
10.613458 13.138725 0.10187499
10.862911 13.134572 0.14053845
11.123089 13.120409 0.11891666
11.344973 13.139405 0.13520518
11.581739 13.136953 0.074764289
11.897466 13.110924 0.0015
12.133348 13.151261 0
12.421305 13.113142 0.003
12.639732 13.083411 0.064226247
12.892649 13.097405 0.095031098
13.115249 13.078955 0.10125746
13.371486 13.097404 0.098888792
13.615703 13.11155 0.083721571
13.869342 13.10464 0.09721233
14.143786 13.11195 0.095839821
27.542807 1.4963467 0.45506522
27.773825 1.3561926 0.40832344
28.005142 1.3869349 0.35325503
28.589079 1.3692839 0.36044607
28.862011 1.3672627 0.38647166
29.1175 1.3517395 0.36252311
29.362171 1.376689 0.37801895
29.602015 1.3639213 0.36938736
-0.016684569 1.601633 0.38197669
0 1.6442202 0.29120213
0.60115927 1.6056343 0.34491563
1.3958174 1.6322453 0.2856707
3.5902233 1.6353452 0.37369469
15.405421 1.6513809 0.47303471
15.608715 1.6263679 0.47097224
15.785012 1.5198443 0.45300001
16.22538 1.5708222 0.30288467
16.359924 1.6128663 0.32956481
24.975239 1.6011416 0.38480434
25.225239 1.6390113 0.36894187
25.585211 1.6202092 0.39608026
25.900661 1.6306561 0.40107101
27.340202 1.6279911 0.41860065
27.670864 1.6247998 0.38090011
27.78368 1.6038806 0.43259859
28.008871 1.6167338 0.36803943
28.581877 1.6291879 0.36736894
28.874153 1.64458 0.40000001
29.134775 1.6312701 0.40000001
29.411674 1.6369739 0.40000001
29.627876 1.627095 0.36219874
-0.0144 1.8950635 0.33358791
0.099599369 1.85 0.39241076
0.39093372 1.8323742 0.36878192
0.62601256 1.8323057 0.36155096
0.86600459 1.8273333 0.36492229
1.1355355 1.8228124 0.37874722
1.32591 1.8317571 0.3467544
3.5986111 1.863875 0.37584594
13.948567 1.8820913 0.32221621
14.168701 1.8983796 0.371393
14.400669 1.890149 0.36406088
14.644219 1.9281297 0.36515373
14.86412 1.865687 0.34523883
15.14419 1.8813572 0.39905399
15.360874 1.881405 0.43244478
16.431623 1.8274 0.32108814
16.600042 1.895218 0.32808319
24.975239 1.8512917 0.34907585
25.225239 1.8653326 0.39004532
25.575882 1.8714415 0.38635126
25.876041 1.8664974 0.3980099
27.327206 1.8787903 0.3857514
27.632236 1.8776526 0.40435126
27.781755 1.850453 0.42785814
28.011999 1.8802633 0.35858211
28.566837 1.8665044 0.37270138
28.873585 1.9151709 0.40000001
29.111053 1.8601165 0.40000001
29.358837 1.8753275 0.40000001
29.623129 1.8754224 0.36157739
-0.018000487 2.1347885 0.43832296
0.053390235 2.1512918 0.29713628
3.6050103 2.111551 0.37122089
5.2002993 2.0745156 0.3565771
5.3710451 2.083508 0.34607282
5.6282368 2.0780504 0.36751184
5.8752294 2.0762379 0.34387797
6.1424346 2.0830662 0.34809399
6.3660927 2.0794649 0.35884279
6.6181059 2.0670924 0.36088899
6.8665223 2.0776517 0.3382653
7.1414509 2.0668755 0.33948675
7.392108 2.091516 0.31653786
7.5992761 2.0780303 0.30784309
9.664609 2.0897067 0.30107269
9.8111639 2.1163063 0.32143378
13.946432 2 0.28482306
14.110111 2 0.30455133
14.375158 2 0.32463169
14.628551 2 0.29751158
14.90563 2 0.33536258
15.119262 2.0108507 0.3351168
15.412994 2.0928874 0.34107277
15.607786 2.1569726 0.34843808
16.650373 2.1108418 0.31864709
16.870571 2.1510251 0.33223441
17.114082 2.1512127 0.31516442
24.975239 2.1076024 0.38749754
25.225239 2.1217828 0.371364
25.586304 2.1291089 0.38097212
25.891817 2.1261041 0.38853872
27.343374 2.1361518 0.37427747
27.667747 2.1128435 0.3845028
27.773415 2.1387775 0.40731376
28.006174 2.1288333 0.37573466
28.499998 2.0265493 0.3565886
28.570698 2.1374226 0.37039456
28.86058 2.1218226 0.40000001
29.122475 2.103771 0.40000001
29.390068 2.1207061 0.40000001
29.61755 2.1166341 0.36027387
-0.017999673 2.3993845 0.37618759
0.089961916 2.334512 0.30279002
0.33956128 2.3758373 0.26119894
3.6053636 2.3739078 0.38444433
9.8767424 2.3540995 0.33800659
10.077675 2.3925424 0.30902207
10.361506 2.3670349 0.27229911
10.609097 2.3856709 0.27563953
10.867675 2.3613696 0.27106249
11.129157 2.3924172 0.27691019
11.371742 2.3544624 0.26976159
11.630809 2.3843908 0.27539849
11.857128 2.3818014 0.27491078
12.127712 2.3944254 0.27728844
12.358354 2.3629053 0.27135175
12.60214 2.3692071 0.27253866
12.901236 2.380234 0.27461553
13.142547 2.3480325 0.26855052
13.378391 2.3762126 0.27385813
13.625634 2.391736 0.27678192
13.895069 2.379853 0.27454379
14.114026 2.3750217 0.27363384
14.370951 2.3576963 0.27037063
14.630337 2.360853 0.27096519
14.899181 2.3752456 0.27367598
15.142983 2.3847342 0.27546313
15.396555 2.3698394 0.27265775
15.636825 2.3771081 0.34250265
15.818563 2.4102621 0.35784096
20.561514 2.4999995 0.27975756
24.975239 2.3648179 0.37974584
25.227205 2.3697457 0.36182028
25.360722 2.4014041 0.34067225
25.599079 2.3933046 0.39322129
25.897257 2.3652017 0.38179207
27.363754 2.4031889 0.41882169
8.8439007 -0.10016699 0.089533336
9.1471128 -0.075625241 0.06345854
9.3968105 -0.087784767 0.057399414
9.6244106 -0.10391249 0.02391869
9.8847666 -0.10027627 0.049452115
10.109402 -0.098836035 0.044311736
10.384782 -0.13052474 0.016761772
10.64252 -0.089414552 0.06099759
10.87249 -0.10640028 0.034604874
11.134999 -0.1007464 0.05802042
11.373658 -0.12583211 0.015328783
11.643395 -0.10670703 0.03688563
11.875001 -0.084943555 0.058095887
12.121159 -0.082377225 0.057270892
12.381651 -0.086098798 0.046650428
12.629259 -0.078894667 0.060166877
12.857676 -0.11970948 0.012385873
13.152081 -0.097992457 0.034772962
13.365072 -0.11286743 0.0092265466
13.644365 -0.089317381 0.040184509
13.871295 -0.094871961 0.033670131
14.127296 -0.096550725 0.032409944
14.397796 -0.075260654 0.060402945
14.639204 -0.11373993 0.041692093
14.862287 -0.08948376 0.057309754
15.114475 -0.091658644 0.040229365
15.388126 -0.11646387 0.021942496
15.654963 -0.08734186 0.0355241
15.860941 -0.12916866 0.022162901
16.132053 -0.090664163 0.041973308
16.355928 -0.098463863 0.027036805
16.606428 -0.081947654 0.046897367
16.907286 -0.10375147 0.025870591
17.135305 -0.11168554 0.023266768
17.368223 -0.088904291 0.076780178
17.637093 -0.10159332 0.057337869
17.884634 -0.078498751 0.042416241
18.141039 -0.075283386 0.046735976
18.353949 -0.087373808 0.049677085
18.618923 -0.13487048 0.016708661
18.861191 -0.082696177 0.077367187
19.117592 -0.091127835 0.044828713
19.379797 -0.083984621 0.073889412
19.620407 -0.086027049 0.047428768
19.899372 -0.098956116 0.023401367
20.135281 -0.083504029 0.064552791
20.37447 -0.087298386 0.054089017
20.629093 -0.10736857 0.067952648
20.850193 -0.10605029 0.035135426
21.095964 -0.10680884 0.021138983
21.343002 -0.068833739 0.074426241
21.62812 -0.072411485 0.064191163
21.890596 -0.10051457 0.036336806
22.137257 -0.10426725 0.044786688
22.342609 -0.12560497 0.007064797
22.602205 -0.093739346 0.067458458
22.894402 -0.063420847 0.05365422
23.133104 -0.088785008 0.06802766
23.378832 -0.093088947 0.063922569
23.641935 -0.087946348 0.071404584
23.858528 -0.11302379 0.025546825
24.126465 -0.08510258 0.074792236
24.395182 -0.094750427 0.058867242
24.638309 -0.10995032 0.0093377568
24.890026 -0.10696918 0.028773213
25.107447 -0.082647726 0.048125353
25.370142 -0.086685814 0.049909964
25.622215 -0.098998889 0.051744092
25.885395 -0.096191056 0.068723969
26.121265 -0.1052583 0.052451279
26.365835 -0.08014594 0.033038225
26.623558 -0.10594678 0.0080567282
26.891226 -0.11113026 0.035141099
27.133043 -0.089020751 0.028036594
27.368692 -0.087481491 0.071566187
27.634884 -0.080367811 0.04809067
27.901293 -0.081094563 0.050777175
28.105772 -0.11648645 0.026499938
28.376987 -0.10059209 0
-0.38602149 0.096147701 0
-0.072835937 0.11957422 0.071212269
0.10887919 0.096290164 0.098052286
0.36831254 0.086871311 0.095311895
0.64212996 0.063618675 0.094519541
0.8958593 0.092687413 0.095659651
1.1226512 0.082447372 0.086504862
1.3751438 0.088995606 0.082988665
1.6333847 0.054221116 0.059641268
1.9101799 0.032117885 0.075859264
2.1224244 0.062024903 0.058197625
2.3524845 0.045466114 0.06357719
2.6222873 0.027953906 0.062139571
2.8744063 0.056576546 0.062528893
3.1523788 0.05125872 0.05805143
3.3854365 0.043792535 0.054412995
3.6158345 0.090661019 0.11046681
3.8690057 0.085942775 0.089603908
4.1332655 0.080475949 0.093029015
4.3703146 0.10598948 0.093629345
4.6097221 0.072836325 0.098586142
4.878336 0.068853348 0.096301734
6.8705335 6.9102507 0.11127606
7.0960202 6.8915658 0.049412761
7.3574505 6.891469 0.006555927
7.6094627 6.8850737 0.0022499999
7.8301477 6.8748603 0.0021428571
8.1106033 6.8616853 0.0020000001
8.3194313 6.8751273 0.0012000001
8.6109486 6.8911428 0.0015
8.9020739 6.8723149 0.0020000001
9.1248569 6.8733473 0.0013111111
9.382185 6.8747911 0.0015
9.6068544 6.8565817 0.11218292
9.8785334 6.8703003 0.11
10.134764 6.8923798 0.082900673
10.376507 6.8801427 0
10.618272 6.8906198 0
10.8544 6.8864088 0
11.111218 6.8728862 0
11.36955 6.8930416 0
11.59811 6.8608651 0
11.871825 6.8918333 2.6854705e-17
12.148161 6.8688116 5.6926768e-17
12.379114 6.9010715 8.7143001e-17
12.608474 6.8689055 5.4885568e-17
12.872663 6.8863115 7.1559071e-17
13.123563 6.8768945 4.1555321e-17
13.380693 6.8545184 1.7010814e-17
13.625181 6.8646917 3.1246043e-17
13.884649 6.8602872 1.1782155e-17
14.10032 6.8763084 0
14.367588 6.8902526 0
14.617854 6.8894014 0
14.87512 6.8781977 0
15.133761 6.8709631 0
15.394495 6.8633657 0
15.596064 6.8640614 0
15.867867 6.8835273 0
16.134401 6.8768768 0
16.388042 6.8641849 0
16.645645 6.8771267 0
16.855474 6.8765345 0
17.092188 6.8806286 0
17.375303 6.8685007 0
17.65974 6.8820744 0
17.857117 6.8633471 0.076353975
18.100878 6.8794613 0.11166236
18.378103 6.8684487 0.11330781
18.585522 6.8708363 0.00050000002
18.891254 6.851346 0.00075000006
19.126078 6.8774452 0.00060000003
19.421116 6.882369 0.0015
19.595406 6.8409696 0.0015
19.901157 6.8771729 0.0011999999
20.135914 6.7927322 0.0015
20.349258 6.8750048 0.0015
20.628727 6.9248347 0.047358572
20.860834 6.862783 0.097319588
21.124405 6.8771935 0.068481378
21.380037 6.8769507 0.058858324
21.643391 6.8599787 0.071740225
21.859474 6.8730669 0.098516859
22.103323 6.8860641 0.06549409
22.384171 6.8791347 0.0013333333
22.638241 6.8737001 0.0012857143
22.875074 6.8659759 0.0022499999
23.149061 6.8981409 0
23.369633 6.8594265 0.0015
23.699112 6.7942944 0.0020000001
23.867731 6.867981 0.0012857143
24.10021 6.8887415 0.0030000003
24.367935 6.8696699 0.0015
24.639881 6.8802295 0.00075000001
24.898605 6.8937769 0.04738351
25.141289 6.8808656 0.10386136
25.373774 6.8897438 0.10995895
25.624361 6.8712831 0.13
25.849689 6.8868718 0.10127462
26.106148 6.8763251 0.076759167
26.323723 6.9011345 0.043626569
26.662251 6.8707261 0.0012000001
26.874552 6.8538995 0.0012000001
27.139357 6.8898702 0.0015
27.41099 6.8951468 0
27.588264 6.8802428 0.001
27.873184 6.8726687 0.0024000001
28.086683 6.8927593 0.047823291
28.394567 6.8934498 0
-0.3741883 7.1368575 0
-0.064845413 7.1254873 0.054412983
0.046713866 7.086607 0.069602765
0.3503803 7.1139917 0.0035714286
0.6251111 7.1493368 0.003
0.90659326 7.0849266 0.00275
1.1148926 7.1412892 0.0018
1.3651288 7.1323094 0.0021428573
1.6471258 7.12603 0.064026833
1.865098 7.1484232 0.14299999
2.1345646 7.1346474 0.11046153
2.4009056 7.1124916 0.10548905
2.6356652 7.1660185 0.13702746
2.898315 7.1052356 0.11369546
3.1299462 7.1306276 0.10636731
3.4295373 7.1045713 0.0015
3.6410742 7.1357746 0.001
3.8262126 7.1267376 0.0015
4.0951567 7.0861688 0.0022499999
4.3637376 7.1216335 0.0015
4.5598969 7.1431608 0.0020000001
4.8772535 7.1333694 0.0015
5.1092429 7.1447372 0.003
5.3664794 7.1654687 0.003
5.5814624 7.1374912 0.0015
5.9003568 7.1176357 0.032927804
6.1231833 7.1149001 0.077549301
6.364521 7.1289806 0.089999996
6.6412883 7.1136041 0.085999995
6.8642702 7.1410913 0.077428572
7.1389956 7.1315236 0.058233391
7.3890018 7.1397653 0.031442348
7.6443834 7.0944786 0.0018
7.8905277 7.0924358 0.0020000001
8.0820608 7.1189651 0.0015
8.3667259 7.114584 0.0019999999
8.5729895 7.1453147 0.0015
8.8656759 7.1590028 0.00236
9.1804447 7.1168723 0.00075000001
9.4399662 7.0225172 0.003
9.6112032 7.1130013 0.10464765
9.8677921 7.1289144 0.09533333
10.107232 7.1175508 0.085342437
10.358876 7.1317883 0
10.640384 7.1190457 0
10.874131 7.1476216 0
11.123381 7.1105161 0
11.367463 7.1077332 0
11.596185 7.1178784 0
14.085125 13.070931 0.14969265
14.365912 13.095497 0.095258072
14.609648 13.096298 0.10050738
14.877761 13.091752 0.11046515
15.136289 13.090326 0.10675218
15.354143 13.087015 0.094985522
15.619087 13.094135 0.093556091
15.873116 13.092478 0.10624959
16.135714 13.118078 0.11147879
16.372208 13.09392 0.10528056
16.63822 13.11153 0.10432792
16.889904 13.107064 0.10164452
17.130722 13.081364 0.097289585
17.385586 13.104398 0.096824355
17.61388 13.083193 0.098539941
17.873299 13.076964 0.098285109
18.12542 13.117662 0.09363392
18.371794 13.101428 0.10892752
18.614717 13.098653 0.097720012
18.859474 13.09789 0.098051332
19.116409 13.081803 0.091698125
19.36883 13.087593 0.096508823
19.635719 13.098097 0.10034275
19.874632 13.118122 0.11281352
20.116583 13.092521 0.11464263
20.359068 13.090481 0.11477313
20.627304 13.099853 0.10813542
20.881561 13.101416 0.10792474
21.121771 13.094543 0.084036857
21.36145 13.090835 0.11633735
21.632767 13.101002 0.09329877
21.884792 13.110654 0.12210371
22.138079 13.085575 0.085966028
22.373688 13.108806 0.11867347
22.628916 13.101817 0.086936787
22.8708 13.122495 0.10783894
23.130512 13.108786 0.1015
23.364065 13.138972 0.1015
23.610222 13.118698 0.10826667
23.862228 13.128685 0.093692303
24.115028 13.1373 0.10826666
24.350416 13.132051 0.066101901
24.560379 13.135309 0.075183265
24.862144 13.12957 0.0012000001
25.119444 13.108072 0.0020000001
25.420862 13.093902 0.0022499999
25.627422 13.117795 0.0014285714
25.768494 13.135305 0
26.172575 13.119504 0.00060000003
26.374285 13.138309 0.018881239
26.62607 13.128848 0.091256343
26.875216 13.160671 0.087339677
27.117014 13.116513 0.099593781
27.380522 13.106277 0.10578977
27.638508 13.120977 0.086977549
27.880306 13.178267 0.086947069
28.056988 13.113714 0.078088857
28.380522 13.115509 0
-1.6365702 13.366705 0.079967164
-1.3797286 13.341278 0
-1.1143205 13.370437 0
-0.88269693 13.371986 0
-0.62292969 13.392776 0.015714271
-0.4128333 13.35225 0.064773679
-0.080182619 13.387431 0.061904531
0.047299478 13.348028 0.0556999
0.3582513 13.370985 0.090203665
0.67339933 13.391899 0.087516218
0.88490981 13.389217 0.0015
1.1167816 13.331809 0.003
1.3447322 13.378108 0.003
1.6044568 13.384351 0.003
1.8694 13.367965 0.003
2.0830364 13.370226 0.059982762
2.4007077 13.378019 0.070010051
2.6453726 13.367898 0.11772171
2.8280838 13.348687 0.066645667
3.09621 13.37089 0.12154511
3.3807886 13.37525 0.11866666
3.6597571 13.375007 0.12945454
3.86291 13.342003 0.1015
4.862864 0.084580444 0.071440086
5.1252098 0.084567554 0.097785667
5.3876629 0.068856567 0.098840721
5.6237984 0.092631564 0.075019218
5.8761559 0.096828856 0.097896427
6.1281734 0.085962817 0.097236477
6.3811059 0.081671551 0.085891411
6.6466885 0.10108422 0.099922732
6.8796248 0.09856727 0.098703377
7.1337395 0.082643986 0.090415262
7.3832107 0.077689379 0.096027918
7.6407933 0.079218 0.08847598
7.8655057 0.10611548 0.11120776
8.1252956 0.10239355 0.10671499
8.3763075 0.084563605 0.089034103
8.635726 0.0785999 0.10307124
8.8797369 0.096992731 0.09994372
9.1194315 0.097175196 0.090091981
9.3645449 0.084794544 0.09878356
9.6282635 0.081099994 0.10350918
9.8703499 0.090447783 0.10693922
10.119378 0.10372624 0.076209128
10.369665 0.084048294 0.10345874
10.624975 0.069886014 0.089175008
10.873469 0.084056512 0.10746742
11.131453 0.078917451 0.092741922
11.368929 0.087767065 0.087855972
11.613432 0.084410347 0.098429866
11.879016 0.086648792 0.098623239
12.128333 0.095715597 0.093744084
12.357699 0.0956636 0.094659507
12.592736 0.11216813 0.076046504
12.88045 0.036027551 0.089648083
13.124846 0.04182202 0.061920352
13.357138 0.062613986 0.061949544
13.604725 0.037289023 0.07940115
13.854976 0.075834215 0.12984195
14.124744 0.086043045 0.10545202
14.409443 0.10330981 0.079492263
14.626937 0.11408208 0.10778705
14.880946 0.088750854 0.085997939
15.132191 0.088720873 0.10821663
15.384238 0.087833241 0.11750533
15.61594 0.10903732 0.085798651
15.86376 0.088386573 0.094018549
16.131018 0.097124577 0.095900476
16.39403 0.088762082 0.10011203
16.62775 0.094663978 0.1033632
16.855646 0.082873076 0.1166949
17.109032 0.066201322 0.11727873
17.383089 0.086494252 0.093928628
17.627333 0.085638553 0.09742099
17.862436 0.11327448 0.10847336
18.098452 0.090024784 0.1256123
18.374134 0.10466857 0.10174849
18.623806 0.085905246 0.087665796
18.875359 0.072395049 0.074761979
19.146612 0.1029767 0.071840517
27.306229 2.3546844 0.3174184
27.637194 2.3726935 0.38432279
27.818619 2.3871207 0.40456456
28.00885 2.4065139 0.39941427
28.584455 2.366678 0.38322839
28.874672 2.3528142 0.40446532
29.124811 2.3971233 0.40000001
29.370144 2.386167 0.40000001
29.605047 2.369519 0.38137236
-0.0079350583 2.5967093 0.3578217
0.083301559 2.5859296 0.29962441
0.37582326 2.5852895 0.26012999
3.6126077 2.6086035 0.36764532
9.9604311 2.5591249 0.35509118
10.141807 2.63908 0.34690592
10.39957 2.6132493 0.30215982
10.636438 2.6363761 0.30316737
10.848146 2.6021786 0.30259243
11.116019 2.6141837 0.3028354
11.365318 2.6164932 0.30287763
11.621874 2.6220558 0.30232623
11.890793 2.6080177 0.30214414
12.155523 2.6516609 0.3027232
12.382297 2.6365356 0.30287763
12.626045 2.6133368 0.3023628
12.846867 2.6276076 0.30287763
13.090538 2.6264884 0.30287763
13.362531 2.6367583 0.30287763
13.62322 2.6239636 0.30236238
13.883819 2.6483245 0.30287763
14.152568 2.6338601 0.30261928
14.387932 2.6310151 0.30234987
14.631382 2.6130009 0.30282062
14.858193 2.6226175 0.30220759
15.130022 2.620985 0.30213651
15.375389 2.6220713 0.30251759
15.653024 2.6026332 0.29644647
15.865724 2.6259389 0.33815691
16.034079 2.7153549 0.33195359
18.159536 2.6599066 0.3703647
18.374624 2.5065098 0.38860923
18.617615 2.5 0.38347211
18.847582 2.5 0.3546972
19.123709 2.5 0.38060904
19.393759 2.5 0.40171358
19.614653 2.5 0.38279831
19.879457 2.5 0.37419477
20.121529 2.5 0.3695108
20.371622 2.5 0.36265475
20.648857 2.5 0.38364917
20.872795 2.5 0.39093801
21.094875 2.5 0.35661894
21.360298 2.5 0.37870452
21.58914 2.5 0.3789458
21.848688 2.5 0.40310881
22.121559 2.5303636 0.39471689
22.330772 2.5943592 0.34468085
24.975239 2.5958378 0.36890346
25.225239 2.6191258 0.37202382
25.42444 2.6266563 0.45508379
25.570183 2.6198087 0.37151209
25.907574 2.6002848 0.38889003
27.328613 2.6222734 0.36329922
27.647604 2.6362951 0.37383139
27.875141 2.6204836 0.43125966
28.009001 2.6377387 0.37912178
28.569181 2.6267328 0.36795446
28.877632 2.6052296 0.40000001
29.119095 2.6545043 0.40000001
29.378223 2.6541295 0.40000001
29.619864 2.6322432 0.34987757
-0.0090903314 2.8880885 0.37027058
2.4414064e-07 2.8696406 0.33725268
3.5989041 2.8763592 0.36487168
10.169449 2.8625338 0.33828953
10.377574 2.8866875 0.3343806
10.608653 2.8677869 0.30287763
10.86983 2.8516269 0.30287763
11.133724 2.8628654 0.30287763
11.376041 2.8542895 0.30287763
11.626833 2.8659096 0.30287763
11.87321 2.8846197 0.30287763
12.124949 2.9047415 0.30287763
12.402608 2.8767202 0.30287763
12.639585 2.8624361 0.30287763
12.869049 2.8929949 0.30287763
13.124004 2.8636739 0.30287763
13.388465 2.9026766 0.30287763
13.610267 2.8834138 0.30287766
13.875021 2.8779607 0.30287763
14.121239 2.8710957 0.30287763
14.378075 2.8863361 0.30287763
14.651372 2.8545156 0.30287763
14.899652 2.8834081 0.30287763
15.123788 2.8674891 0.30287763
15.40851 2.8968658 0.30327764
15.619773 2.8302407 0.30316335
15.880415 2.8824861 0.33024827
16.119116 2.8996186 0.35516828
17.909977 2.9151785 0.39523751
18.021786 2.8008113 0.3833763
22.208733 2.8698983 0.46700391
22.350975 2.8430037 0.33892912
24.975239 2.8786469 0.36340135
25.225239 2.8545465 0.37961107
25.382416 2.8876457 0.46708009
25.59647 2.8947871 0.35607409
25.912491 2.863945 0.36730179
26.154482 2.967696 0.29529348
26.393656 2.9725604 0.30727413
26.611313 2.9865301 0.33504951
26.878359 2.9684188 0.29707399
27.144033 2.978724 0.32245627
27.346817 2.8636165 0.35934839
27.653721 2.875159 0.36476982
27.86223 2.8735127 0.46957213
28.008999 2.8768699 0.36028481
28.571806 2.8850098 0.37619722
28.85857 2.8761513 0.40000001
29.138168 2.8716946 0.40000001
29.37575 2.8755693 0.40000001
29.619284 2.8725204 0.36459023
-0.013597005 3.1349862 0.37301618
4.8828127e-07 3.1560106 0.33540004
3.5981376 3.1235652 0.38446563
10.391903 3.1093183 0.3527244
10.633622 3.1637697 0.32047573
10.859158 3.1310687 0.32464856
11.113029 3.136261 0.30490807
11.359066 3.1396353 0.30287763
11.62127 3.1432955 0.30288473
11.894016 3.1461477 0.30287763
12.131241 3.1151862 0.30287763
12.361955 3.1109452 0.30287763
12.615206 3.1051843 0.30287763
12.886911 3.1624479 0.30287763
13.1288 3.1059957 0.30287763
13.384158 3.1265314 0.30287763
13.638525 3.1209109 0.30287763
13.89274 3.1183534 0.30287766
14.120872 3.1404154 0.30287763
14.357141 3.1491022 0.30287763
14.612467 3.1129491 0.30287763
14.878638 3.1140797 0.30287763
15.137753 3.141654 0.30287763
15.381224 3.1158969 0.30287763
15.62243 3.1060119 0.30287763
15.863585 3.1392746 0.30287763
16.156221 3.121078 0.34690097
11.868954 7.1426277 0
12.109192 7.1275883 3.5613967e-17
12.352004 7.1351576 8.6015336e-17
12.625565 7.1397276 1.4777069e-16
12.856271 7.1822772 5.8930703e-17
13.092865 7.1374664 4.3011873e-17
13.361856 7.1186275 2.5571782e-17
13.647631 7.1362109 1.103846e-17
13.860629 7.1132069 9.218114e-18
14.107111 7.1055527 0
14.388016 7.1506848 0
14.642635 7.1308293 0
14.866947 7.1356235 0
15.101249 7.1323442 0
15.358435 7.1232162 0
15.607686 7.1177311 0
15.862226 7.1230793 0
16.114311 7.144124 0
16.362907 7.1132755 0
16.615849 7.1404009 0
16.878019 7.1258068 0
17.123772 7.1579809 0
17.387365 7.1000724 0
17.660215 7.1014309 0
17.877457 7.1319513 0.081420936
18.132074 7.1280804 0.10214286
18.409601 7.1161757 0.091173284
18.609808 7.1276546 0.003
18.882368 7.1268721 0.0015
19.227436 7.1333661 0.0015
19.374233 7.1822433 0.0018000001
19.622707 7.1271672 0.0021428573
19.877617 7.0884809 0.0019999999
20.169441 7.118598 0.0015
20.399456 7.1254315 0.0052563706
20.607637 7.1129775 0.093115635
20.909132 7.1537752 0.12911311
21.125967 7.1152973 0.092499994
21.379242 7.1399288 0.10244445
21.639238 7.1154823 0.098454542
21.863354 7.146668 0.074792676
22.138704 7.1019306 0.054523654
22.33486 7.1228981 0.049579088
22.607386 7.1328144 0.0018000001
22.903713 7.1662226 0.003
23.079876 7.0962157 0.003
23.356606 7.1158004 0.00075000001
23.677362 7.1614418 0.0015
23.863565 7.1771274 0.0020000001
24.131437 7.1195321 0.003
24.374428 7.1135201 0.0012857143
24.662029 7.1172037 0.0015
24.87188 7.1322522 0.10551848
25.135292 7.1317883 0.14687873
25.379557 7.1158724 0.12349527
25.606625 7.1355004 0.1428
25.871824 7.1132259 0.12762499
26.118872 7.1111021 0.12561537
26.361038 7.1246681 0.083648801
26.6315 7.1223927 0.0016291207
26.93338 7.1513705 0.0016666666
27.107399 7.1896467 0.0020000001
27.38813 7.114675 0.0027999999
27.64958 7.1507378 0.0024999999
27.875721 7.1447673 0.00075000001
28.089268 7.1214786 0.050221447
28.408031 7.1396894 0
-0.39002001 7.3529134 0
-0.14498647 7.3862643 0.015778078
0.057123046 7.4171152 0.063021526
0.3837181 7.391252 0.0026666666
0.64542794 7.3795023 0.00060000003
0.88073862 7.3491893 0.0015
1.1201946 7.3688784 0.0021428571
1.362779 7.4299707 0.02996275
1.6197549 7.3540597 0.073845781
1.8818394 7.3901067 0.11196222
2.1316047 7.3651848 0.12592307
2.3789113 7.3849258 0.123
2.6362677 7.3840041 0.12239999
2.8709664 7.3645024 0.096493907
3.1336136 7.3460364 0.10848547
3.3849766 7.3703146 0.014306389
3.6430101 7.3548322 0.0038666667
3.8602183 7.3784933 0.00116
4.149425 7.3983383 0.0020000001
4.3647232 7.3534565 0.0020000001
4.6101513 7.346262 0.0024000001
4.9505539 7.4765692 0
5.115716 7.3828888 0.0015
5.3978462 7.3717189 0.0018
5.6382627 7.3968039 0.011916857
5.8798246 7.366374 0.054479431
6.1225905 7.409667 0.115125
6.3562388 7.3752255 0.089999996
6.6314268 7.3641596 0.077571422
6.8921585 7.3766093 0.083999999
7.1305056 7.3856559 0.088767469
7.3606501 7.3752265 0.072730988
7.5761938 7.3789539 0.015795747
7.8663607 7.3851652 0.0015
8.1345215 7.3390322 0.0022499999
8.32899 7.3716841 0.0015
8.6161137 7.3908243 0.0018
8.8213024 7.3659029 0.0019
9.0905581 7.2801447 0.001
9.368124 7.358623 0.0018
9.6137228 7.3873091 0.10510714
9.8825884 7.3908749 0.088071428
10.132556 7.3686538 0.077646099
10.381487 7.42033 0
10.591503 7.3537588 0
10.852339 7.4009986 0
11.115679 7.3751488 0
11.378702 7.3557668 0
11.64905 7.3611965 0
11.886622 7.3814111 0
12.132434 7.3685699 9.7191499e-17
12.376311 7.3906584 3.3646015e-17
12.596693 7.3806138 6.4724514e-17
12.862679 7.3823476 7.0230215e-17
13.131261 7.3699956 2.7545541e-17
13.368889 7.3945127 0
13.644199 7.389493 1.9639405e-17
13.908519 7.3627071 4.9777165e-18
14.126705 7.3691025 0
14.385032 7.3731208 0
14.631741 7.3641882 0
14.890141 7.359982 0
15.112739 7.3687415 0
15.365652 7.3812027 0
15.600474 7.355742 0
15.869539 7.3606234 0
16.120886 7.3953199 0
16.352589 7.3647871 0
16.625675 7.3741741 0
16.899212 7.3756833 0
17.12752 7.4011097 0
17.370798 7.3743639 0
17.643841 7.3456264 0
3.8835516 13.425194 0.20299999
4.1022406 13.375608 0.11127272
4.3788409 13.375996 0.095533334
4.6153588 13.367983 0.11891666
4.8750086 13.387379 0.11891666
5.1171947 13.392194 0.11891666
5.3670096 13.362352 0.09392307
5.6271381 13.383687 0.08742857
5.8825302 13.388993 0.12538461
6.1454659 13.348503 0.081799999
6.3877726 13.375922 0.11099999
6.6290951 13.384731 0.13558333
6.887064 13.370935 0.12239999
7.1446099 13.385 0.11344444
7.3736386 13.388837 0.10235714
7.6333971 13.369628 0.10976923
7.8606358 13.365162 0.11154545
8.1194563 13.365664 0.10930769
8.3812532 13.3578 0.102
8.632021 13.364391 0.12239999
8.8679371 13.372678 0.093692303
9.126914 13.362352 0.12492307
9.3928204 13.36851 0.11344444
9.6245422 13.377917 0.12538461
9.8579283 13.358827 0.15224999
10.124865 13.357371 0.111
10.372048 13.356279 0.13533333
10.6288 13.366207 0.092818178
10.87522 13.37949 0.11127272
11.116648 13.355249 0.123
11.352856 13.379791 0.087642856
11.624753 13.356554 0.094853945
11.849546 13.411232 0.049197342
12.156174 13.367796 0.0018
12.373579 13.353383 0.0022499999
12.639635 13.307125 0.0015
12.896479 13.381369 0.0015
13.141317 13.332924 0.00046811195
13.412482 13.351261 0.019762976
13.643535 13.398725 0.049688429
13.879046 13.374095 0.068401411
14.119107 13.390213 0.091414094
14.361022 13.359567 0.093692303
14.620957 13.376857 0.086999997
14.879395 13.364103 0.093692303
15.114259 13.360757 0.10930769
15.383396 13.365909 0.1015
15.63727 13.366504 0.10930769
15.888143 13.374963 0.10930769
16.110825 13.389709 0.1015
16.366396 13.37731 0.1015
16.628284 13.378212 0.086999997
16.882103 13.375006 0.094733328
17.134964 13.362427 0.1015
17.372709 13.376369 0.11418749
17.629114 13.355483 0.094733335
17.852795 13.375783 0.1015
18.117321 13.373305 0.1015
18.379374 13.367212 0.084583327
18.611811 13.391681 0.1015
18.87583 13.388843 0.086999997
19.137949 13.367469 0.10826667
19.374176 13.377005 0.116
19.633614 13.367776 0.086999997
19.882772 13.379542 0.092272721
20.119167 13.370031 0.086999997
20.371061 13.354505 0.093692303
20.619518 13.37926 0.092272721
20.873011 13.369868 0.11841667
21.114479 13.381735 0.093692303
21.385406 13.373797 0.093692303
21.619497 13.37652 0.081199996
21.865099 13.377631 0.11072727
22.124323 13.363809 0.084583327
22.385628 13.383883 0.11841666
22.608536 13.378425 0.073818177
22.883087 13.358807 0.094733328
23.141771 13.388026 0.1015
23.371918 13.375591 0.1015
23.62323 13.371327 0.1015
23.883154 13.366582 0.093692303
24.131643 13.375089 0.09384615
24.346357 13.353971 0.083341576
24.544048 13.363821 0.1145906
24.851978 13.368401 0.0018
25.114056 13.3848 0.0020000001
25.361292 13.363349 0.0012857143
25.638166 13.3974 0.00050000002
25.911856 13.380624 0.00060000003
26.107342 13.370158 0.003
26.408089 13.376499 0.0015
26.627411 13.350482 0.080149047
19.08893 0.107509 0.13640817
19.35928 0.086054891 0.095585518
19.612303 0.086249024 0.11459316
19.880642 0.069919139 0.10267199
20.137436 0.11293574 0.11236558
20.361044 0.096197352 0.099888615
20.620241 0.089055732 0.094954401
20.883257 0.078743443 0.12298123
21.131334 0.073564418 0.12363773
21.381193 0.098157316 0.088204138
21.614069 0.10340381 0.060047619
21.87512 0.078592747 0.098094717
22.125772 0.065690711 0.11064522
22.375204 0.082255073 0.11896686
22.615534 0.064651124 0.097487301
22.868597 0.077280484 0.089804955
23.12594 0.076484799 0.099111423
23.37689 0.087331057 0.096148886
23.628183 0.090144344 0.10651571
23.875368 0.07956256 0.07548631
24.123985 0.085951664 0.093803845
24.38386 0.081224099 0.11108972
24.649742 0.08773227 0.10841719
24.8806 0.092905171 0.09904775
25.14279 0.091478914 0.084000677
25.372601 0.062915526 0.04747482
25.621433 0.079741754 0.066606097
25.8911 0.084279194 0.08736971
26.125801 0.050973371 0.060363736
26.405071 0.051787157 0.064709224
26.618593 0.028601196 0.084946766
26.886179 0.069554493 0.052953862
27.117702 0.055643186 0.063966781
27.343714 0.071556605 0.10406964
27.654482 0.086392581 0.067891538
27.867035 0.092486203 0.038766194
28.059479 0.12667818 0.073154673
28.363817 0.12766211 0
-0.40776724 0.36575097 0
-0.12871465 0.39768338 0.02136549
0.088406682 0.37346891 0.065116815
0.40019092 0.37738395 0.094969399
0.66545343 0.37168837 0.076168828
0.88005382 0.36388406 0.022222223
1.1390313 0.37565967 0.025374999
1.3691244 0.38411841 0.095310934
1.5960987 0.43331218 0
1.8621588 0.33851278 0.0018
2.1174588 0.32592434 0
2.3869679 0.35089844 0.00075000001
2.6070046 0.30944717 0.00060000003
2.9067051 0.38523421 0.0020000001
3.1190293 0.34725553 0.001
3.3919644 0.36075342 0.023971187
3.6178761 0.35304436 0.10680933
3.8843155 0.38295484 0.11849999
4.1273479 0.36074388 0.094733328
4.3674612 0.3861163 0.10175
4.6096702 0.38186041 0.094799995
4.8660517 0.36537382 0.094746068
5.1504889 0.34980798 0.084749997
5.3884983 0.34834021 0.10157143
5.6334729 0.36904392 0.09376923
5.8759036 0.36088231 0.094733328
6.1236615 0.3887895 0.1015
6.3852706 0.3645156 0.072499998
6.6160893 0.37424204 0.11866666
6.8799424 0.37748381 0.116
7.1338639 0.38426611 0.1015
7.3779235 0.37056306 0.1015
7.624064 0.3798632 0.078076921
7.8736525 0.37222287 0.1015
8.1253099 0.36796653 0.078076921
8.385644 0.37537077 0.092272729
8.6177092 0.35963592 0.093692303
8.8663836 0.37316018 0.11841666
9.1320877 0.39230323 0.084583335
9.3817196 0.35694221 0.086999997
9.6297665 0.38933539 0.10930769
9.9844236 0.35259619 0
17.547609 7.4149494 0
17.87096 7.3643637 0.070140958
18.116001 7.3829608 0.11015055
18.387066 7.3696947 0.09830872
18.655588 7.3021002 0.003
18.884176 7.4091969 0.0019750001
19.130507 7.4109769 0.0014666666
19.382877 7.3922081 0.001
19.64179 7.3582816 0.0018
19.886232 7.3786745 0.0015
20.14794 7.364327 0
20.399576 7.3903246 0.069473065
20.620794 7.4085364 0.080122843
20.877739 7.3830671 0.072355956
21.134531 7.3756227 0.077749997
21.368439 7.3762984 0.077500001
21.592405 7.3885741 0.083538458
21.885403 7.3631401 0.10225
22.127832 7.3625569 0.089942873
22.343912 7.3956499 0.070509851
22.62956 7.3367562 0.0020000001
22.839928 7.392705 0
23.122383 7.4105945 0.0024999999
23.400469 7.3886895 0.00196
23.633093 7.3668046 0.0010888889
23.921459 7.4148703 0.001
24.139315 7.339817 0
24.365023 7.3692722 0.0019166337
24.654854 7.4035249 0.0096006673
24.848295 7.3878913 0.11050143
25.122471 7.3284664 0.10462926
25.381313 7.3773065 0.10926666
25.641132 7.3596172 0.10224999
25.875576 7.3717093 0.1106923
26.13595 7.3822527 0.10523006
26.388411 7.3895645 0.097896159
26.592873 7.4169936 0.013542932
26.878929 7.3669009 0.0028000001
27.091671 7.4345746 0.0035000001
27.356976 7.3384852 0.0015
27.698591 7.3710446 0.003
27.861942 7.3859892 0.0018
28.061295 7.353734 0.074200757
28.374117 7.3781362 0
-0.37444791 7.6320314 0
-0.088151954 7.625504 0.060605004
0.076044068 7.637002 0.040663246
0.3856205 7.6187725 0.0018
0.63295877 7.6384664 0.0012000001
0.86498201 7.6361785 0.0012857143
1.1438386 7.6082115 0.00275
1.3828205 7.6093216 0.0094632898
1.6089432 7.6177783 0.091762215
1.857517 7.612771 0.098836169
2.1274579 7.619863 0.12945454
2.3760788 7.6378093 0.12972727
2.6254997 7.6180286 0.11154545
2.8907917 7.6200075 0.13599999
3.1514084 7.6154537 0.10620473
3.3121762 7.592926 0.001
3.6172121 7.6453295 0.0017599999
3.8637378 7.6515503 0.00082857144
4.1149721 7.6166391 0.0015
4.4061456 7.6422353 0.00060000003
4.6445742 7.6230307 0.0015
4.8488312 7.6312237 0.00060000003
5.1574941 7.6289644 0.0015
5.3679385 7.6463399 0.0019999999
5.6600947 7.6064997 0.084390208
5.8956518 7.6174774 0.11441459
6.0916071 7.6210814 0.103
6.3871984 7.6155586 0.077357143
6.6394758 7.6523776 0.08463636
6.867527 7.6243601 0.09025
7.1333494 7.6452966 0.10208693
7.3802443 7.6185036 0.10239055
7.5767379 7.6271176 0.06998723
7.8260336 7.6181898 0.0020000001
8.097764 7.640902 0.0020000001
8.366416 7.6349735 0.0012857142
8.6656952 7.6876583 0.0022499999
8.9070187 7.634201 0.0018000001
9.1235561 7.5986195 0.0025428573
9.3934813 7.6329293 0.0018
9.6138973 7.6186161 0.097073965
9.8637257 7.6476159 0.11344444
10.117308 7.6334572 0.073685862
10.389951 7.6280651 0
10.63571 7.6398931 0
10.872495 7.6169949 0
11.118376 7.6125636 0
11.379781 7.6436734 0
11.629814 7.5945835 0
11.875191 7.6418319 0
12.13094 7.6211371 5.4357013e-17
12.388433 7.6485558 5.7038921e-17
12.640365 7.6203079 8.2103724e-17
12.900681 7.6208243 5.5927342e-17
13.152994 7.6435275 4.3862542e-17
13.373475 7.6169262 2.3259156e-17
13.641144 7.6183209 1.7675586e-17
13.887232 7.6171885 4.3936807e-18
14.123807 7.635787 0
14.38511 7.6277156 0
14.617864 7.6463375 0
14.875201 7.6215773 0
15.135502 7.6268559 0
15.393967 7.6418099 0
15.615254 7.6107349 0
15.875898 7.6337614 0
16.139908 7.6246901 0
16.389816 7.6382794 0
16.621758 7.630383 0
16.859829 7.6309009 0
17.103725 7.6079993 0
17.363064 7.6248093 0
17.62315 7.6457047 0
17.860418 7.6087942 0.064616777
18.105227 7.634551 0.11111259
18.384132 7.6324883 0.1029719
18.61285 7.6180358 0.0011999999
18.851624 7.6282082 0.0015
19.151798 7.6170917 0.0023999999
19.383966 7.6264338 0.0011999999
16.151505 3.1362689 0.34444213
16.341843 3.1441905 0.34262252
17.694599 3.1416178 0.35802051
17.791452 3.0364141 0.37358329
22.205982 3.1482189 0.46948183
22.358612 3.1384766 0.33205166
24.975239 3.1374612 0.37634999
25.225239 3.0996532 0.34535629
25.361311 3.110508 0.42778343
25.588959 3.1239679 0.33155146
25.903877 3.1055651 0.32789519
26.119072 3.0953906 0.34479162
26.363359 3.095933 0.3564741
26.62619 3.0953729 0.35943618
26.897203 3.0828717 0.35341904
27.120049 3.1049292 0.36153781
27.360779 3.1113124 0.32495999
27.652519 3.1057887 0.33327967
27.844107 3.1486535 0.4210574
28.013647 3.1260419 0.38834578
28.499998 3.1059942 0.41104141
28.604595 3.1495974 0.36679655
28.863453 3.1458287 0.37674069
29.114296 3.1340644 0.37098372
29.362745 3.1532147 0.35559165
29.600807 3.1298697 0.37623394
-3.73 3.4955673 0.36189306
-3.3703954 3.4920001 0.360486
-3.1242735 3.4920001 0.36446899
-2.8961349 3.4920001 0.37276876
-2.623682 3.4920001 0.40443552
-2.3705149 3.4920001 0.39324716
-2.1245885 3.4920001 0.35436034
-1.8683473 3.4920001 0.42618111
-1.6301402 3.4920001 0.4114801
-1.3645172 3.4920001 0.39766321
-1.0849265 3.4920001 0.38333347
-0.87536913 3.4920001 0.35648292
-0.71243167 3.4919999 0.41957521
-0.013500243 3.3788784 0.34923816
0 3.4012351 0.36771244
3.5982349 3.3710153 0.37497702
10.465217 3.3600166 0.31887552
10.640273 3.390161 0.36492854
10.872966 3.3734698 0.36014789
11.113939 3.3857498 0.3647961
11.368491 3.4033761 0.30561259
11.64947 3.3706772 0.30287763
11.865952 3.3907411 0.30327764
12.1107 3.3749287 0.30287763
12.396992 3.3606021 0.30287763
12.641522 3.3834434 0.30287763
12.885115 3.3654695 0.30287763
13.137446 3.3942935 0.30287763
13.395871 3.3615227 0.30287763
13.628518 3.3598764 0.30287763
13.893607 3.3486235 0.30287763
14.121916 3.4255221 0.30287763
14.380437 3.3587756 0.30287763
14.600282 3.3407738 0.30287763
14.840375 3.340426 0.30287763
15.102344 3.3821881 0.30287763
15.378434 3.3689392 0.30300263
15.637341 3.3950908 0.30287763
15.878009 3.3988776 0.30287763
16.09597 3.3486514 0.30316335
16.346767 3.3599763 0.3472068
16.546288 3.44137 0.34680364
17.669979 3.2847767 0.31505495
17.830399 3.3949971 0.39152369
22.197519 3.3865108 0.47710037
22.357452 3.3813417 0.33309561
24.975239 3.355551 0.34094697
25.225239 3.3747404 0.36021864
25.362814 3.3677149 0.38243091
25.578808 3.3727493 0.30559942
25.85074 3.3240745 0.2667537
26.155197 3.3488226 0.26238996
26.38707 3.2997754 0.27103829
26.652599 3.3034527 0.27038985
26.902418 3.3352377 0.26478532
27.169142 3.3186579 0.26749089
27.372091 3.3447986 0.26309952
27.65457 3.3522766 0.30677599
27.87439 3.3719306 0.38168761
28.011999 3.3660533 0.35347515
-3.6503673 3.6010585 0.27781755
-3.4830403 3.6330502 0.36534297
-0.69999999 3.6353612 0.37291077
-0.0078310547 3.6142173 0.40925595
4.8828127e-07 3.7014952 0.33976865
3.609818 3.6336634 0.37526712
10.468911 3.6227713 0.34802547
10.64906 3.6344435 0.37923634
10.858827 3.6215205 0.36137992
11.109529 3.6245799 0.35852572
11.336196 3.6250849 0.33048987
11.614314 3.6486318 0.30287763
11.861331 3.627562 0.30316335
12.093472 3.6434805 0.30287763
12.346943 3.5966012 0.30287763
12.609919 3.6193695 0.30287763
12.874064 3.5983927 0.30287763
13.12986 3.6290617 0.30287763
13.39577 3.6012659 0.30287763
13.595822 3.6573422 0.30287763
13.85448 3.6028428 0.30287763
14.15575 3.645649 0.30287763
14.381362 3.6163418 0.30287763
14.623794 3.6223598 0.30287763
14.89589 3.6136115 0.30287763
15.151049 3.6278996 0.30287763
15.410227 3.6450911 0.30302051
15.648509 3.6339958 0.30287763
15.885316 3.6423693 0.30287763
16.120756 3.6209505 0.30287763
16.392611 3.624799 0.31766257
16.628279 3.6349685 0.34959424
17.968376 3.5606074 0.34112531
18.096241 3.6485991 0.40184578
22.223558 3.6190727 0.45365417
22.361675 3.6288669 0.32929286
24.975239 3.6040699 0.39150783
25.225239 3.626472 0.36591673
25.39184 3.5967941 0.33224064
25.538145 3.575676 0.26613197
26.633051 3.6653178 0.36263391
26.881306 3.6399612 0.35494214
27.129299 3.6508186 0.34495875
27.398312 3.6458082 0.36546391
27.639843 3.631181 0.38290095
27.871325 3.6405156 0.37564719
28.018 3.6206198 0.37373844
-3.6113348 3.9461803 0.25
-3.4706025 3.8687551 0.36267185
-0.70000017 3.905937 0.37716138
-0.012000651 3.8077331 0.36321658
0 3.9115376 0.35207203
3.5831692 3.8810377 0.38088089
10.471373 3.9004552 0.33968943
10.631211 3.8814709 0.35867229
10.854928 3.8704288 0.37281296
11.098598 3.8763437 0.36175239
11.362072 3.8755827 0.31507751
11.628884 3.9112206 0.30287763
11.886302 3.88691 0.30287763
12.117273 3.896358 0.30287763
12.401356 3.8792915 0.30287763
26.644724 13.35532 0.093323722
26.871923 13.387984 0.033333335
27.12056 13.376971 0.020300001
27.349068 13.365753 0.055069942
27.600519 13.360424 0.079525977
27.878334 13.403713 0.0044999998
28.07563 13.374065 0.080302201
28.36335 13.367459 0
-1.60803 13.626422 0.073731348
-1.3635731 13.621877 0.040284887
-1.1239128 13.654128 0.048408229
-0.86005849 13.651214 0.044799283
-0.59693617 13.644644 0.034417026
-0.43774346 13.612394 0.063209608
-0.10324304 13.61441 0.049271733
0.072860599 13.647484 0.057975955
0.3492294 13.613228 0.066058256
0.6703245 13.624351 0.062444109
0.85984206 13.605289 0.0017142857
1.119846 13.63942 0.00075000001
1.37999 13.599337 0.0021428571
1.6514854 13.644678 0.0024999999
1.8836884 13.596202 0.0024000001
2.0941803 13.636431 0.083777785
2.40307 13.632291 0.070300288
2.6030107 13.611757 0.10003794
2.7854424 13.623732 0.09963315
3.1155963 13.636991 0.11025564
3.4082069 13.618824 0.1427
3.6213145 13.640172 0.12515384
3.8998947 13.604273 0.11866666
4.1344142 13.635157 0.10976923
4.4035478 13.611862 0.11664286
4.6434598 13.637666 0.13533333
4.8687782 13.64922 0.10866667
5.1399856 13.627304 0.11072727
5.3445578 13.622868 0.11916666
5.6256986 13.628645 0.11866666
5.8592577 13.639084 0.09254545
6.1405883 13.628541 0.13533333
6.3749475 13.617427 0.11
6.5914178 13.638375 0.126875
6.8937049 13.611474 0.1015
7.1343188 13.614302 0.13583332
7.3766003 13.620807 0.10174999
7.6301618 13.611773 0.093090907
7.8825274 13.632604 0.12538461
8.1085873 13.602203 0.11127272
8.3840971 13.617367 0.11099999
8.6285038 13.619541 0.10976923
8.8787479 13.611235 0.11891667
9.1392231 13.625881 0.14053845
9.3890238 13.630884 0.102
9.6170759 13.637205 0.094846152
9.8716507 13.615639 0.11891666
10.115106 13.615179 0.11099999
10.384692 13.629698 0.12561537
10.637237 13.610212 0.1018
10.891635 13.628743 0.11099999
11.119898 13.630585 0.1221
11.386744 13.626295 0.12725
11.631 13.629756 0.11985961
11.891194 13.637259 0.093954146
12.141388 13.666164 0.082178816
12.361282 13.668506 0.068023577
12.620491 13.675752 0.071345575
12.89395 13.63796 0.068845734
13.113269 13.677289 0.093951561
13.357215 13.64103 0.064662844
13.625055 13.638476 0.072206631
13.896069 13.626132 0.08143983
14.14307 13.615926 0.095047548
14.374393 13.635986 0.1015
14.632657 13.629822 0.10930769
14.871648 13.63155 0.10826667
15.13397 13.623611 0.1015
15.369576 13.619786 0.081199996
15.614928 13.623296 0.086999997
15.871662 13.621223 0.1015
16.140606 13.619709 0.086999997
16.372334 13.633257 0.1015
16.616545 13.616436 0.0888125
16.887053 13.625977 0.1305
17.118244 13.627899 0.092272729
17.37385 13.635736 0.093692303
17.623699 13.623442 0.10930769
17.869232 13.630362 0.086999997
18.129898 13.622085 0.078076921
18.372488 13.613519 0.093692303
18.610498 13.62901 0.10158333
18.855043 13.626225 0.10833333
19.141695 13.627865 0.1015
9.8712845 0.3736921 0.11841667
10.135719 0.36433715 0.1015
10.375389 0.38681084 0.094733335
10.64496 0.37369823 0.10156605
10.879761 0.34832719 0.073818177
11.125031 0.36926213 0.10749558
11.387732 0.36662146 0.093692303
11.635455 0.35802761 0.093692303
11.862878 0.38207871 0.1015
12.099365 0.37081999 0.093692303
12.377568 0.39156437 0.1015
12.597547 0.39432818 0.12103018
12.841125 0.3964552 0.062316932
13.124701 0.33234996 0
13.4214 0.36911303 0
13.600168 0.35238978 0
13.849561 0.35951647 0.13644731
14.142271 0.36395976 0.10529217
14.404686 0.37758487 0.076173201
14.621489 0.38204339 0.11277778
14.85773 0.37388259 0.12492307
15.124807 0.38327157 0.1015
15.365265 0.38308474 0.084833331
15.602587 0.38483724 0.12945454
15.895769 0.37416047 0.12492307
16.149952 0.38729674 0.1218
16.374695 0.39068231 0.16239999
16.606319 0.3638927 0.085583329
16.869877 0.38516024 0.126
17.136274 0.36173341 0.10179999
17.372005 0.38344687 0.10174999
17.599903 0.37251768 0.1218
17.877691 0.38029772 0.11916666
18.135242 0.3757894 0.09254545
18.381088 0.39980635 0.1221
18.651945 0.38720176 0.1424
18.867973 0.36271766 0.102
19.132183 0.3819935 0.12538461
19.374887 0.34889379 0.12725
19.614029 0.3610501 0.11891666
19.869894 0.36394703 0.093923077
20.117805 0.38134414 0.11154545
20.357784 0.36825529 0.11154545
20.618176 0.3826423 0.13608333
20.868196 0.36015087 0.12972726
21.126551 0.3692053 0.092818178
21.351782 0.37087768 0.14277631
21.606417 0.3640759 0.11663511
21.868683 0.36847284 0.10982794
22.12429 0.37794337 0.12972727
22.380194 0.34732941 0.1257915
22.613153 0.36523917 0.12918182
22.870087 0.35997722 0.095584214
23.12993 0.37150607 0.13571052
23.381378 0.36365917 0.078483813
23.631485 0.3683112 0.13533333
23.86952 0.37644321 0.1170752
24.130524 0.37590986 0.12255263
24.366526 0.35751146 0.094271258
24.636444 0.39149106 0.10224999
24.902914 0.37914923 0.11769503
25.184978 0.38246974 0.093636461
25.381138 0.37019637 0.0024999999
25.602486 0.3601912 0.048842009
25.914413 0.35342017 0.082928672
26.083368 0.37375361 0.0018
26.384037 0.38292012 0.0018
26.580441 0.35063305 0.003
26.858925 0.38123998 0.0020000001
27.09454 0.31767845 0.003
27.332245 0.38898417 0.069948778
27.649889 0.37284166 0.058180206
27.902012 0.35984579 0.032700885
28.070629 0.38448396 0.064344756
28.365337 0.36733952 0
-0.38456503 0.63310093 0
-0.099809177 0.62046784 0.044047989
0.085748844 0.59938717 0.11078001
0.37814498 0.56385434 0.083169632
0.63602751 0.61057651 0.095634185
0.88044226 0.61246914 0.044125002
1.137959 0.62572348 0.029000001
1.367624 0.62937731 0.085971616
1.6355304 0.65466696 0.00085714285
1.9118767 0.64465123 0.001
2.1194005 0.65839291 0.0024999999
2.4481926 0.5869714 0.0015
2.6368344 0.6587317 0.001
2.8665774 0.61419529 0.001
3.1355886 0.59301597 0.0015
3.3678365 0.6313051 0
3.6155534 0.62289739 0.090630032
3.882123 0.61673623 0.10157143
4.1328387 0.63639778 0.094733328
4.386868 0.61802554 0.1015
4.639327 0.63358152 0.11841667
4.8824549 0.60587353 0.1015
5.1230493 0.63087481 0.1015
19.316032 7.5818729 0
19.617769 7.655694 0.0015
19.895388 7.6156135 0
20.138262 7.6287909 0.0022499999
20.39735 7.6104341 0.021375783
20.63936 7.6110263 0.062911853
20.883554 7.634932 0.080881037
21.139208 7.6117105 0.086999997
21.395746 7.6268554 0.077333331
21.633663 7.6092086 0.064999998
21.87011 7.6270185 0.093039982
22.136955 7.6342835 0.053212024
22.378883 7.6004672 0.029208846
22.63991 7.5998459 0.0012000001
22.91795 7.6292467 0.0019999999
23.115875 7.627727 0.0021142857
23.396624 7.6376171 0.0018
23.645256 7.6485238 0.0012857143
23.864729 7.5960236 0.0015
24.14518 7.6136236 0.0014666667
24.397974 7.5984674 0.00192
24.590239 7.6417017 0.0016000001
24.858156 7.6300244 0.11317739
25.135765 7.6220107 0.096000001
25.390266 7.6226635 0.1025
25.61899 7.6134539 0.087857142
25.896648 7.6264362 0.10235714
26.137321 7.6113281 0.13138421
26.382204 7.6374159 0.099410579
26.619791 7.637692 0.0022
26.881279 7.6779003 0.003
27.099457 7.619545 0.0019999999
27.386145 7.6247845 0.0024000001
27.589384 7.6322246 0.0015
27.886654 7.6417255 0.0015714286
28.078535 7.636519 0.051869139
28.375769 7.6097207 0
-0.37128243 7.883697 0
-0.087137572 7.8976173 0.062592573
0.096267901 7.8691559 0.018766856
0.3640407 7.8159637 0.0020000001
0.61551076 7.883543 0.0012000001
0.88468015 7.8938608 0.0035000001
1.1280237 7.8874331 0.001
1.3952844 7.8710456 0.0015
1.6280199 7.8570127 0.072732091
1.878104 7.8674369 0.11941666
2.1258526 7.854238 0.085583329
2.3726645 7.8965616 0.13762343
2.614275 7.8630986 0.1027
2.8749218 7.881217 0.10987418
3.1402822 7.8591156 0.11391015
3.3915861 7.8762159 0.0012000001
3.5512161 7.8548794 0
3.860229 7.8685803 0.0017142856
4.1208348 7.8813376 0.0018
4.3535166 7.8988419 0.0015
4.6188035 7.872715 0
4.8927131 7.8928218 0.0020000001
5.0922732 7.9051232 0.0020000001
5.3501072 7.9236035 0
5.6303072 7.8912311 0.032717559
5.8559546 7.8826365 0.078124553
6.1362419 7.8798666 0.096067332
6.3674798 7.8600397 0.096500002
6.6111054 7.8735266 0.083846152
6.8667431 7.889029 0.072230764
7.0692124 7.8719735 0.10304669
7.3682828 7.8717842 0.10304874
7.6281366 7.8827381 0.011889931
7.9199553 7.9501734 0.0015
8.1016331 7.8622227 0.0022500001
8.367157 7.8815465 0.0015
8.6116476 7.8577261 0.001
8.8754702 7.9169788 0
9.1672411 7.9146934 0.0022499999
9.3888111 7.8802462 0.0018000001
9.6064434 7.8888884 0.093261749
9.8760033 7.8724871 0.10224999
10.131262 7.8862057 0.05651759
10.381841 7.8703947 0
10.633609 7.8537574 0
10.871344 7.8613358 0
11.111666 7.8763494 0
11.372638 7.9200115 0
11.640506 7.873848 0
11.884959 7.890244 0
12.119123 7.8751793 0
12.353522 7.8865395 1.1934538e-16
12.598784 7.8745518 4.2521434e-17
12.889193 7.8638821 5.2772962e-17
13.133827 7.8987122 4.6026834e-17
13.349894 7.8554292 3.485394e-17
13.607786 7.8793592 1.2202118e-17
13.88052 7.8694067 7.446667e-18
14.122252 7.9055333 0
14.365107 7.8888044 0
14.641435 7.8564 0
14.886096 7.8708277 0
15.150858 7.8709049 0
15.380802 7.8787093 0
15.614429 7.8910656 0
15.893837 7.8693652 0
16.151449 7.8946829 0
16.365313 7.8553696 0
16.628693 7.8794289 0
16.877806 7.8908625 0
17.111282 7.8681693 0
17.386782 7.8778052 0
17.634819 7.900434 0
17.868898 7.8773537 0.06703987
18.12599 7.8819175 0.10192857
18.393091 7.9023952 0.10752049
18.607656 7.846293 0.0019999999
18.903568 7.9142423 0.0022499999
19.108805 7.8479624 0.00236
19.384045 7.8837137 0
19.60594 7.8369656 0.0015
19.883314 7.8911476 0.001
20.124176 7.8691945 0.0015
20.373249 7.8452673 0.0024000001
20.645807 7.8757343 0.036715381
20.877321 7.8941731 0.059182689
21.111151 7.8808398 0.096600369
21.38339 7.8886681 0.09025
21.623766 7.8649406 0.1077
21.887463 7.8921871 0.069059335
22.109894 7.8965173 0.060734987
22.362267 7.8668823 0.008954213
22.626816 7.857461 0.0022499999
22.902 7.8562741 0.0015
23.181986 7.9394608 0.003
23.359375 7.8743715 0.00060000003
23.72328 7.8225574 0
23.861998 7.8683815 0.0015
24.104706 7.8644404 0.001
24.387354 7.8585358 0.0018
24.644863 7.886652 0.0012000001
24.874702 7.86128 0.10732391
25.144047 7.8865743 0.1479535
25.428127 7.8301754 0.20299998
12.30994 3.951478 0.30287763
12.637947 3.8560858 0.30287763
12.876811 3.8480458 0.30287763
13.160336 3.8791823 0.30287763
13.386425 3.8622489 0.30287763
13.650591 3.8880622 0.30287763
13.875494 3.8750916 0.30287763
14.125439 3.8605783 0.30287763
14.387034 3.8736019 0.30287763
14.623792 3.896595 0.30287763
14.871351 3.8926153 0.30287763
15.12045 3.8852997 0.30287763
15.361834 3.8884633 0.30302051
15.622486 3.9012957 0.30287763
15.866272 3.8558283 0.30287763
16.106462 3.8813393 0.30287763
16.381775 3.8454289 0.30302051
16.643169 3.8825452 0.32294944
16.830654 3.8727801 0.35852885
18.221052 3.7825077 0.38234147
18.352448 3.9180286 0.37075043
22.197704 3.8680058 0.47693336
22.329874 3.8691537 0.35792714
24.976757 3.8777893 0.38053608
25.192097 3.9030628 0.39424416
26.711451 3.7608662 0.38805866
26.896265 3.8239675 0.38920155
27.072453 3.7975175 0.41882455
27.387932 3.837208 0.3041923
27.647022 3.8203006 0.34945697
27.870611 3.8160043 0.34645358
28.056879 3.822665 0.32704601
28.268572 3.9061589 0.292
-3.6016259 4.120594 0.25
-3.480196 4.1140246 0.35638681
-0.69999999 4.1423879 0.37621319
-0.017999999 4.1108398 0.36249858
0 4.1055007 0.3512851
10.423723 4.1432323 0.39026898
10.627034 4.1208706 0.33393952
10.8621 4.0929303 0.31788337
11.098667 4.1230278 0.31646127
11.36462 4.1109376 0.30287763
11.592412 4.1317601 0.30287763
11.875056 4.1363053 0.30287763
12.119596 4.1311903 0.30287763
12.355273 4.1332159 0.30287763
12.622597 4.1281099 0.30287763
12.886843 4.1174927 0.30287763
13.131636 4.1254625 0.30287763
13.396153 4.1181736 0.30287763
13.611763 4.1315546 0.30287763
13.847308 4.1076279 0.30287763
14.127529 4.1390638 0.30287763
14.398453 4.1128416 0.30287763
14.628678 4.140152 0.30287763
14.883897 4.1492233 0.30287763
15.142798 4.1146512 0.30287763
15.378654 4.1017365 0.30287763
15.628283 4.1462226 0.30288035
15.883702 4.0976586 0.30287763
16.135046 4.1163921 0.30287763
16.376331 4.1256928 0.30287763
16.652609 4.1097894 0.30327764
16.878849 4.1205029 0.34670156
17.050859 4.1665339 0.33227035
18.468096 4.0526428 0.33539006
18.595293 4.1565595 0.36891517
22.218845 4.0041561 0.45789936
22.389143 4.0442228 0.39385277
22.604872 4.123383 0.38642859
24.97612 4.1425743 0.36624178
25.169937 4.1270595 0.40454346
-3.6118538 4.3753757 0.25
-3.4803238 4.3463531 0.35253516
-0.69999981 4.3685451 0.3736051
-0.015245116 4.359118 0.34821805
0 4.4057703 0.35449451
10.395582 4.3339405 0.40043896
10.61838 4.3606834 0.35349932
10.85218 4.364306 0.34563729
11.099785 4.396152 0.30469701
11.351426 4.3526816 0.30287763
11.620594 4.3724179 0.30287763
11.871785 4.3723717 0.30287763
12.094001 4.3713374 0.30287763
12.386552 4.4010749 0.30287763
12.626091 4.3855715 0.30287763
12.871431 4.3921633 0.30287763
13.111701 4.3572674 0.30287763
13.349565 4.3879733 0.30287763
13.631981 4.3611393 0.30287763
13.861284 4.3632779 0.30287763
14.07846 4.3684111 0.30287763
14.374875 4.3579278 0.30287763
14.639045 4.3649292 0.30287763
14.888986 4.3617444 0.30287763
15.123378 4.3740044 0.30287763
15.385889 4.3904142 0.30287763
15.616675 4.3689556 0.30287763
15.858215 4.353961 0.30287763
16.118637 4.3772483 0.30287763
16.359221 4.3671298 0.30287763
16.609419 4.361876 0.30287763
16.888762 4.370728 0.31302196
17.136131 4.381218 0.36284924
17.271423 4.4594827 0.3154431
18.690485 4.3015919 0.28365415
18.850143 4.3541179 0.39148688
19.124084 4.3912611 0.36419255
19.393522 4.380527 0.38881901
19.628513 4.3976092 0.34962744
19.860718 4.3921356 0.36218628
20.121279 4.3822107 0.38495666
20.400661 4.3896298 0.36793557
20.632483 4.3885517 0.37040854
20.858332 4.3874631 0.37290642
21.11245 4.383646 0.3816635
21.389114 4.3943319 0.35714689
21.626638 4.3876171 0.37255287
21.868088 4.3808422 0.38809681
22.120779 4.3854003 0.37763846
22.359068 4.3857121 0.37692294
22.588005 4.3945642 0.37866595
24.979445 4.3847322 0.35219809
25.173933 4.369205 0.3672969
-3.6278691 4.6265101 0.26184464
-3.4812326 4.6262455 0.3524172
-0.69999999 4.6386638 0.36655658
-0.016206542 4.6278896 0.34085137
0 4.6967368 0.42215213
10.211531 4.6308546 0.45703077
10.39447 4.5908494 0.46127641
10.907764 4.5435162 0.34026489
11.136212 4.5906591 0.34956232
11.373747 4.6176476 0.33399883
11.636539 4.659091 0.32871747
11.87525 4.6126299 0.30287763
12.1196 4.627286 0.30287763
12.363777 4.6358352 0.30287763
12.620828 4.6258674 0.30287763
12.895638 4.6342063 0.30287763
13.140427 4.6154733 0.30287763
13.384239 4.6301837 0.30287763
13.643268 4.6218739 0.30287763
13.874604 4.6196346 0.30287763
14.144514 4.6229639 0.30287763
14.366429 4.5918326 0.30287763
14.629096 4.6355639 0.30287763
14.876659 4.6375971 0.30287763
15.129241 4.6267648 0.30287763
15.39538 4.6150045 0.30287763
15.621783 4.6430306 0.30287763
15.862894 4.6175489 0.30304432
16.104248 4.6546664 0.30287763
16.377125 4.6321144 0.30287763
16.645027 4.6356225 0.30287763
16.911331 4.5958052 0.30287763
19.11956 13.68493 0.10175
19.370981 13.627587 0.10158333
19.614964 13.616886 0.086999997
19.885773 13.619376 0.093692303
20.111326 13.638255 0.093692303
20.358332 13.618844 0.0888125
20.632061 13.635178 0.11941176
20.900312 13.609708 0.1015
21.137054 13.614224 0.11841666
21.376911 13.628852 0.086999997
21.63781 13.609072 0.1015
21.867508 13.602473 0.11072727
22.109236 13.627392 0.11418749
22.374016 13.621142 0.078076921
22.60862 13.620113 0.11841667
22.875515 13.62209 0.095529407
23.132273 13.633038 0.093692303
23.385433 13.639265 0.1015
23.627541 13.61979 0.1015
23.860367 13.635202 0.084583327
24.132366 13.621769 0.10747059
24.318556 13.607716 0.074568093
24.525921 13.610557 0.096806794
24.872404 13.605673 0.0020000001
25.135578 13.626643 0.0012857143
25.377752 13.615535 0.0022499999
25.628202 13.626353 0.00060000003
25.900057 13.577099 0.00075000001
26.09749 13.667036 0.001
26.371412 13.628782 0.0018
26.648588 13.614573 0.078216851
26.887951 13.625656 0.03125
27.125799 13.631457 0.028111111
27.377951 13.640662 0.062885627
27.632675 13.608631 0.096148752
27.841618 13.636659 0.058053751
28.074547 13.609611 0.063426793
28.372263 13.631816 0
-1.605075 13.86969 0.11791732
-1.3651568 13.87882 0.085714288
-1.126569 13.877261 0.12
-0.87546897 13.887574 0.1
-0.62938923 13.879868 0.1
-0.41738993 13.894699 0.057629276
-0.066644527 13.849799 0.039253388
0.090589717 13.885694 0.066360176
0.33564338 13.885906 0.068620227
0.67684507 13.874546 0.067160472
0.91836017 13.880424 0.0018000001
1.0846136 13.899171 0.003
1.3648682 13.856905 0.0020000001
1.6181623 13.873653 0.002625
1.8797629 13.878852 0.0024000001
2.1095614 13.886208 0.047928512
2.4362476 13.868455 0.097789176
2.6047516 13.883917 0.0015
2.837002 13.86114 0.071563549
3.1076002 13.876868 0.11096557
3.3578768 13.871117 0.1218
3.6171672 13.886438 0.09533333
3.8846638 13.863975 0.094384611
4.1211152 13.878134 0.08742857
4.3889461 13.881316 0.094153844
4.6454639 13.881151 0.092272721
4.8853846 13.880413 0.11277778
5.1053562 13.879452 0.11891666
5.370491 13.883036 0.1024
5.6192713 13.875915 0.11127272
5.8515558 13.866939 0.1218
6.1109691 13.874256 0.10846666
6.3954015 13.854913 0.11127272
6.6339197 13.898333 0.12945454
6.8532481 13.858206 0.15224999
7.1285834 13.86694 0.102
7.3813658 13.86304 0.16916667
7.6501722 13.891983 0.1427
7.8776512 13.880202 0.102
8.1345339 13.853943 0.094733328
8.4049015 13.885804 0.13566667
8.6216469 13.855136 0.10179999
8.8862772 13.853543 0.12538461
9.1251802 13.862329 0.1221
9.3743505 13.868738 0.087642856
9.6434507 13.867564 0.1021
9.8824301 13.860147 0.11841666
10.150961 13.879763 0.12515384
10.371118 13.89873 0.10224999
10.641183 13.855632 0.10886666
10.870482 13.872408 0.12945454
11.138453 13.897702 0.11841667
11.371897 13.876945 0.11439318
11.608974 13.86229 0.12239999
11.892659 13.911016 0.090372302
5.1439824 0.60217297 0.15224999
5.3706779 0.61835659 0.094733328
5.6271315 0.6199128 0.084583327
5.8678555 0.62138075 0.12492307
6.1383462 0.6271919 0.094733335
6.3951802 0.61490512 0.1015
6.6445751 0.61820787 0.078076921
6.8650208 0.64592916 0.081199996
7.1205115 0.60928261 0.094733335
7.3794198 0.62228179 0.1015
7.6216755 0.62697148 0.093692303
7.8639345 0.61669344 0.093692303
8.1136608 0.62205499 0.1015
8.3585157 0.61849695 0.1015
8.627058 0.62163514 0.094733328
8.8731155 0.62345326 0.1015
9.1351271 0.63364941 0.10826667
9.3922653 0.62453151 0.1015
9.6034079 0.63086927 0.073818177
9.8657703 0.6131137 0.10147946
10.118047 0.61277151 0.094714157
10.367715 0.61526704 0.094794989
10.629406 0.63406247 0.10157707
10.88008 0.62129128 0.094733328
11.131933 0.62599987 0.08461874
11.388966 0.63218367 0.10826667
11.638408 0.61349636 0.10930769
11.877262 0.61351269 0.1015
12.123568 0.6218307 0.1015
12.363779 0.63134271 0.1015
12.619335 0.61383194 0.11553513
12.849515 0.65672618 0
13.079636 0.70776188 0
13.379152 0.62389195 0
13.624879 0.58956605 0
13.869805 0.60824162 0.14531204
14.132123 0.6367231 0.099252701
14.408885 0.61701703 0.074514799
14.649707 0.61371624 0.094733328
14.895791 0.62151623 0.1021
15.11253 0.60503805 0.12515384
15.363216 0.63453257 0.1219
15.616826 0.61460346 0.1165
15.868653 0.62676907 0.094307691
16.132389 0.62384403 0.12515384
16.406649 0.60950738 0.13583332
16.636557 0.61615717 0.11621428
16.893248 0.62734479 0.1165
17.141169 0.61442709 0.10224999
17.387882 0.59941506 0.10976923
17.640682 0.62416029 0.12584615
17.876202 0.60963929 0.10174999
18.126656 0.62608182 0.094153844
18.360813 0.58670533 0.16916667
18.611437 0.63241816 0.12945454
18.882374 0.62485087 0.10224999
19.126272 0.62687379 0.11866666
19.376406 0.6187554 0.09392307
19.618597 0.61345541 0.10976923
19.874166 0.61745024 0.10224999
20.094133 0.64205647 0.1221
20.38393 0.6285103 0.12515384
20.623169 0.63390344 0.093090907
20.873806 0.6306743 0.11891666
21.107214 0.61109471 0.10976923
21.388777 0.63340122 0.11916666
21.62693 0.60705835 0.13558333
21.886053 0.63024884 0.11866666
22.121513 0.60301036 0.12239999
22.365248 0.61850095 0.093636364
22.616491 0.60273677 0.10953846
22.863195 0.64199346 0.11
23.116257 0.60935616 0.11023077
23.389908 0.64246452 0.11
23.617565 0.62357897 0.094615385
23.872503 0.62191153 0.1025
24.141161 0.60412258 0.14818181
24.377054 0.65445 0.10214286
24.609377 0.60988396 0.12918182
24.898252 0.6258328 0.11346221
25.169544 0.62825084 0.064038299
25.363768 0.61603951 0.0021428571
25.588751 0.62033451 0.085243717
25.939224 0.60822082 0.093657449
26.152369 0.57264048 0.0020000001
25.368235 7.8701301 0.11127272
25.616335 7.8860726 0.10510845
25.878353 7.874011 0.11281849
26.129854 7.8775854 0.10275
26.355425 7.876349 0.069863208
26.614573 7.8926601 0.0031428572
26.850559 7.8550539 0.003
27.134705 7.8769341 0.0015
27.375521 7.8830051 0.0011428571
27.643724 7.8644948 0.0019999999
27.876591 7.8942766 0.0027999999
28.05545 7.8714094 0.081085607
28.369469 7.8843818 0
-0.37399244 8.126545 0
-0.10581066 8.1139536 0.032247666
0.075300977 8.1214542 0.03594261
0.38791114 8.0672913 0.003
0.5909763 8.1193447 0.0025714287
0.84651333 8.126236 0.00050000002
1.1234519 8.1304255 0.0012000001
1.3543972 8.1025505 0.001
1.6485089 8.0601912 0.038651839
1.8715751 8.1114511 0.078777753
2.1249795 8.1320705 0.10112342
2.3558793 8.1429491 0.1227
2.6302004 8.132946 0.088684089
2.8715541 8.137044 0.095994934
3.0890589 8.1107855 0.056015205
3.3933055 8.1955843 0.0020000001
3.5429747 8.1844807 0.003
3.8800688 8.1043568 0
4.1392317 8.1396255 0.0015
4.3434501 8.0994186 0.0020000001
4.6274862 8.1178112 0.00060000003
4.8870072 8.1275854 0.001
5.1303935 8.1037588 0.0022499999
5.4334965 8.111515 0
5.6177478 8.1725359 0.001
5.890461 8.1130228 0.075867958
6.1335883 8.1323328 0.12092543
6.3624573 8.12321 0.075614907
6.6360478 8.1185722 0.07967899
6.8800282 8.1433687 0.049976494
7.11941 8.1375837 0.098522566
7.352952 8.0961056 0.057415243
7.6124835 8.1233091 0.0012000001
7.8884044 8.112421 0.00060000003
8.1096926 8.1612015 0.0012000001
8.3689251 8.0811996 0.00060000003
8.5673819 8.1587553 0
8.9021893 8.0868263 0.0016999999
9.0790281 8.1837368 0.0019333333
9.3306341 8.1245918 0.00099999993
9.6246462 8.1302519 0.10019451
9.8756504 8.1370583 0.087642856
10.119435 8.1190052 0.087846883
10.380288 8.1431875 0
10.626136 8.1181107 0
10.863354 8.1090078 0
11.132005 8.109333 0
11.36326 8.1318245 0
11.602109 8.128108 0
11.857821 8.1112747 0
12.116876 8.1248035 0
12.371716 8.1095228 5.7806465e-17
12.647182 8.1303005 5.0970499e-17
12.852744 8.1123505 6.1505603e-17
13.123562 8.1292067 4.8415983e-17
13.36065 8.1068296 4.1559136e-17
13.623948 8.1392565 2.5793192e-17
13.903285 8.1434679 9.9942981e-19
14.123678 8.1619377 0
14.363616 8.1594276 0
14.608751 8.1000967 0
14.891288 8.0982866 0
15.110368 8.1421604 0
15.382046 8.1103678 0
15.652821 8.130022 0
15.845261 8.1096363 0
16.11158 8.1093578 0
16.373808 8.1114311 0
16.607807 8.115056 0
16.879099 8.1358566 0
17.136782 8.1361799 0
17.375586 8.1060495 0
17.625206 8.1251621 0
17.851299 8.1398869 0.058724798
18.105274 8.122695 0.10303026
18.381517 8.1469898 0.094356902
18.65328 8.0905733 0.001
18.861267 8.1435289 0.0015
19.109341 8.1823025 0.00075000001
19.367748 8.0916576 0.0020000001
19.605347 8.1111126 0.00074999995
19.88179 8.1183834 0.0020000001
20.131161 8.1144047 0.0021428571
20.385271 8.1485529 0.0015
20.639149 8.1684036 0.0012594322
20.890842 8.1370659 0.048495412
21.131836 8.1162653 0.093712933
21.385702 8.1025 0.067229196
21.642488 8.1017885 0.10307796
21.876747 8.1399288 0.068240069
22.103292 8.0804262 0.020010807
22.381239 8.1683073 0.0022499999
22.589439 8.1286354 0.00075000001
22.868927 8.0994244 0.0020000001
23.114927 8.1046619 0.0020000001
23.364588 8.0907574 0.0018
23.640409 8.0815239 0.0020000001
23.886726 8.1120996 0.0026
24.121969 8.1287785 0.003
24.373646 8.1568203 0.0020000001
24.596182 8.1219835 0.0024000001
24.9256 8.1068516 0.059983641
25.118822 8.1167784 0.1024908
25.361176 8.1178579 0.11305596
25.61084 8.1012163 0.13291156
25.855162 8.1277018 0.10195951
26.114618 8.1142006 0.0868342
26.326103 8.1044369 0.056754846
26.646524 8.0885429 0.001
26.907026 8.0742874 0.0012000001
27.085907 8.1492701 0.0020000001
27.340416 8.1432657 0.0015
27.619122 8.1108265 0
27.849184 8.1365976 0.0012000001
28.080082 8.1124887 0.067124128
28.391148 8.1290865 0
-0.35172999 8.4136496 0
-0.10622726 8.3918772 0.05967861
0.074673831 8.3723307 0.057706058
0.38364941 8.3666964 0.00060000003
0.66508728 8.4040442 0.0018
0.87852752 8.3888788 0.0020000001
1.1270769 8.2977448 0.001
1.3621624 8.3379593 0
1.6744297 8.3755007 0.001
1.8777808 8.3795214 0.0017142857
2.1641614 8.3484621 0.063960746
2.3496201 8.3460836 0.16656737
16.86557 4.6681771 0.30287763
17.127148 4.6415753 0.31808555
17.332811 4.6412091 0.3444916
22.580729 4.6079154 0.35641491
24.975292 4.6758146 0.34692135
25.138779 4.6191983 0.36290035
26.648664 4.7284708 0.402659
26.896587 4.6563554 0.37382406
27.110098 4.6892285 0.37886623
27.40206 4.7185807 0.30744302
27.629839 4.6760001 0.36548257
27.869514 4.6760001 0.35550532
28.018002 4.6907492 0.33937323
-3.6729794 4.772665 0.32272342
-3.3648336 4.7819996 0.38377076
-3.1298156 4.7819996 0.35495448
-2.8655238 4.7819996 0.37893674
-2.6226094 4.7819996 0.37154716
-2.3814769 4.7819996 0.35486779
-2.1237814 4.7819996 0.38417614
-1.8911254 4.8791399 0.38448012
-1.6346611 4.7670002 0.38387609
-1.3820314 4.7670002 0.36212939
-1.1204842 4.7670002 0.36488771
-0.91018361 4.841857 0.38390434
-0.69999999 4.8665495 0.39391568
-0.017999755 4.9020176 0.35939324
4.8828127e-07 4.8386555 0.37017888
10.130263 4.9179759 0.37772131
10.363966 4.9050384 0.37311015
11.40606 4.8573499 0.31124988
11.645268 4.8881054 0.32899415
11.854983 4.8554468 0.30287763
12.113822 4.8683872 0.30287763
12.352901 4.8751216 0.30287763
12.60627 4.8659015 0.30287763
12.865076 4.8866653 0.30287763
13.124464 4.8662148 0.30287763
13.351282 4.8748746 0.30287763
13.618839 4.8795776 0.30287763
13.888444 4.8892932 0.30287763
14.108119 4.8812337 0.30287763
14.378297 4.8508763 0.30287763
14.60224 4.8672562 0.30287763
14.865453 4.8845158 0.30287763
15.10036 4.9007244 0.30287763
15.376863 4.8903346 0.30287763
15.64213 4.873662 0.30287763
15.892483 4.8677626 0.30287763
16.148003 4.8990641 0.30325264
16.389965 4.8834834 0.30304432
16.612135 4.8734236 0.30287763
16.845295 4.8988204 0.30287763
17.12484 4.8884487 0.30287763
17.386845 4.8728466 0.35090426
17.563183 4.8867021 0.34575424
22.574709 4.8457055 0.32452616
24.977486 4.8713279 0.3292371
25.158869 4.884726 0.32651949
26.655983 4.8172655 0.36220068
26.882614 4.8252649 0.38516709
27.132631 4.8424802 0.36977193
27.369324 4.8473334 0.38110924
27.613615 4.8044391 0.37179628
27.874762 4.8092265 0.37799165
28.010799 4.8491187 0.37052959
-1.8691666 5.1326551 0.39066377
-0.8900001 5.1305656 0.40236542
-0.70000011 5.1385126 0.38254637
-0.01542885 5.1441383 0.35557491
0 5.0093727 0.35838753
10.108572 5.1251678 0.33355412
10.385844 5.1157022 0.33052674
10.617979 5.1117625 0.34612098
10.85155 5.1549911 0.34700507
11.160975 5.1508336 0.30379358
11.399986 5.1283002 0.30287763
11.613084 5.1390171 0.30287763
11.895952 5.1219735 0.30287763
12.118742 5.0943279 0.30287763
12.354183 5.1246281 0.30287763
12.614062 5.1317215 0.30287763
12.904396 5.1444178 0.30287763
13.123186 5.1247535 0.30287763
13.357615 5.1268487 0.30287763
13.606453 5.1587319 0.30287763
13.851594 5.1185923 0.30287763
14.145182 5.1227617 0.30287763
14.409698 5.0792894 0.30287763
14.617329 5.0985813 0.30287763
14.85735 5.117218 0.30287763
15.081242 5.140945 0.30287763
15.351439 5.1089678 0.30287763
15.622749 5.1075397 0.30287763
15.889206 5.1290588 0.30287763
16.122662 5.121057 0.30287763
16.364847 5.1165304 0.30307764
16.616735 5.1315875 0.30287763
16.841558 5.0973797 0.30287763
17.113781 5.1189866 0.30287763
17.38356 5.1035867 0.30680868
17.615635 5.1120973 0.34914047
17.799076 5.2130523 0.30748194
22.572515 5.0985355 0.29200301
24.975239 5.051517 0.29738498
25.106312 5.1250734 0.28519389
27.999998 5.1369929 0.31303081
28.012724 5.1372232 0.3976104
-1.8849999 5.3936467 0.37072286
-0.88999999 5.3801603 0.39221382
-0.69999999 5.4053764 0.39018098
-0.017999999 5.3742857 0.2889826
0 5.3525524 0.39872298
10.099857 5.3704104 0.35732609
10.371058 5.3852944 0.30287763
10.629197 5.3845644 0.30287763
10.868072 5.3720498 0.32053012
11.118144 5.3715711 0.36266753
11.364553 5.384203 0.32491809
11.618396 5.3808842 0.30287763
11.870009 5.3834448 0.30287763
12.15422 5.3692703 0.30287763
12.399163 5.3791723 0.30287763
12.63427 5.3763914 0.30287763
12.848911 5.3832521 0.30287763
13.11411 5.4059038 0.30287763
13.381693 5.3788943 0.30287763
13.63837 5.3835788 0.30287763
13.879199 5.3666906 0.30287763
14.13193 5.3536916 0.30287763
14.382433 5.3543091 0.30287763
14.623074 5.3798928 0.30287763
14.871924 5.386096 0.30287763
15.110929 5.3851948 0.30287763
15.366049 5.3894191 0.30287763
15.594133 5.353786 0.30287763
15.871365 5.3850465 0.30287763
16.135656 5.3531508 0.30287763
16.378906 5.3865199 0.30302051
16.642418 5.368474 0.30287763
16.909113 5.3959556 0.30287763
17.104618 5.370553 0.30287763
17.363598 5.3892913 0.30287763
17.648283 5.3316402 0.32789186
17.85269 5.40345 0.34844625
27.999998 5.4435239 0.29430613
28.007782 5.3655605 0.35603946
-1.877692 5.6479087 0.36000016
-0.89000016 5.5970268 0.35051247
-0.69999999 5.6161408 0.37535611
-0.015229687 5.6195025 0.37202793
0 5.6398916 0.29746661
10.054459 5.6363959 0.32004631
11.865235 13.861658 0.13633333
12.116139 13.887542 0.095380805
12.386313 13.898153 0.10360933
12.615281 13.885003 0.078377232
12.886899 13.896591 0.10586528
13.121469 13.909563 0.13533333
13.374865 13.877056 0.11448272
13.64027 13.905069 0.096172258
13.878221 13.866688 0.089544281
14.115136 13.888934 0.099917628
14.373657 13.831694 0.10677859
14.606592 13.839337 0.076394282
14.887336 13.83884 0.082442097
15.11377 13.858009 0.097854428
15.400678 13.871321 0.1180409
15.636363 13.8638 0.10158333
15.866934 13.883986 0.10930769
16.125818 13.865606 0.094799995
16.381453 13.889735 0.11841667
16.631628 13.872577 0.092363633
16.881901 13.863122 0.09376923
17.130775 13.86064 0.10930769
17.364065 13.875837 0.084583327
17.622276 13.870415 0.094799995
17.877129 13.879157 0.11072727
18.129566 13.865081 0.10930769
18.370729 13.877231 0.10930769
18.622402 13.887322 0.093692303
18.867876 13.870632 0.086999997
19.124308 13.866278 0.11841667
19.373047 13.876631 0.1015
19.629803 13.87446 0.10164285
19.861244 13.868614 0.09376923
20.126917 13.89255 0.12492307
20.397839 13.877087 0.093692303
20.647949 13.886584 0.09369231
20.874336 13.869755 0.11072727
21.125744 13.861437 0.092272721
21.3673 13.86408 0.1015
21.62266 13.884287 0.094733328
21.865456 13.867296 0.10826667
22.123825 13.877773 0.1015
22.377253 13.86201 0.1015
22.628857 13.85899 0.093692303
22.869833 13.897413 0.092272721
23.11128 13.88769 0.116
23.355673 13.877731 0.084583327
23.618004 13.866698 0.094733328
23.881504 13.879492 0.086999997
24.120182 13.897311 0.11072727
24.316784 13.896829 0.061751392
24.540886 13.851286 0.080517679
24.893658 13.904404 0.0024000001
25.096806 13.869858 0.001
25.40295 13.891054 0.0021666666
25.633015 13.878699 0.0020000001
25.90794 13.871897 0.0012000001
26.116627 13.887487 0.0018
26.351875 13.876292 0.0015
26.63414 13.886449 0.077753626
26.865425 13.855962 0.033333335
27.130301 13.859411 0.032000002
27.351444 13.906178 0.11113028
27.644167 13.833935 0.00075000001
27.887821 13.91002 0.091722384
28.118349 13.88947 0.091015458
28.375153 13.896952 0.028282266
-1.6136994 14.041789 0.083414443
-1.4028333 14.063097 0.10032241
-1.1321837 14.05402 0.096433334
-0.87644851 14.055618 0.10471093
-0.62483507 14.06455 0.092962459
-0.3669636 14.158342 0
-0.10659494 14.126102 0.0402999
0.052553713 14.119601 0.10421394
0.33082172 14.135061 0.073983528
0.66264033 14.135435 0.077867441
0.8508662 14.128016 0.0024000001
1.1458468 14.111179 0.001
1.3910769 14.115651 0.0020000001
1.6603758 14.135777 0.0018
1.881516 14.153996 0.001
2.0881662 14.140074 0.07981164
2.4207501 14.09466 0.065560706
2.5919967 14.126692 0.003
2.8195426 14.108891 0.065755703
3.1130636 14.106337 0.11557589
3.3803403 14.119938 0.10174999
3.6400478 14.123732 0.12945454
3.8698721 14.123574 0.094153844
4.1412606 14.125321 0.12239999
4.359406 14.121281 0.10174999
4.6235723 14.111768 0.10257142
4.8753972 14.120015 0.10171428
5.1406884 14.123999 0.087642856
5.3739991 14.12686 0.11154545
5.6298041 14.127653 0.12199999
5.9430685 14.138474 0.103
26.145071 0.63868397 0.0022499999
26.392986 0.60547239 0.0024000001
26.6012 0.60110956 0.00085714285
26.89695 0.61157471 0.0025714287
27.137033 0.62561136 0.0021428571
27.313879 0.61987412 0.075068273
27.639465 0.63093197 0.08604072
27.893393 0.57639855 0.0018
28.067497 0.61041677 0.077661633
28.384859 0.64212257 0
-0.39112371 0.88104594 0.044135436
-0.11982752 0.87460679 0.10632965
0.13295117 0.85608619 0.097560391
0.35009179 0.87694788 0.0015
0.63018334 0.87694401 0.081999123
0.86080176 0.86394715 0.037500001
1.1435779 0.87088019 0.031624999
1.3703513 0.87874973 0.080216989
1.697226 0.80699539 0.003
1.8793788 0.85773939 0.0012857143
2.1342821 0.97661161 0.0015
2.3631172 0.88974106 0.0015
2.6331534 0.89187568 0.0036000002
2.8607864 0.85205883 0.00275
3.1232009 0.83975995 0.0019999999
3.4101019 0.86101758 0.0015
3.6115305 0.89103168 0.099526159
3.8795211 0.88733757 0.093692303
4.1030512 0.86684912 0.093692303
4.3680773 0.87560433 0.094733328
4.6199656 0.8811506 0.093692303
4.8799891 0.86348653 0.1015
5.1215549 0.86715883 0.094733328
5.3840432 0.86915654 0.11072727
5.6183329 0.89361614 0.1015
5.8659801 0.86534274 0.094733328
6.1319556 0.88604975 0.10930769
6.373764 0.86974299 0.1015
6.6330252 0.8960796 0.10930769
6.87428 0.87951231 0.11841667
7.1118059 0.87852156 0.094733328
7.3619032 0.8633306 0.084583327
7.6189318 0.87943441 0.1015
7.8789058 0.878851 0.093692303
8.1417265 0.86566144 0.10826667
8.3841267 0.88920528 0.092272721
8.6092634 0.88238829 0.093692303
8.8814068 0.8698526 0.10930769
9.1319904 0.87926292 0.084583327
9.3771553 0.86349618 0.11841667
9.6348734 0.8791731 0.094733328
9.8689508 0.87031698 0.093692303
10.124157 0.86701739 0.086999997
10.384043 0.87820119 0.084583327
10.635784 0.87463135 0.11841667
10.866688 0.86463845 0.1015
11.124977 0.88483489 0.11605088
11.389897 0.8732751 0.11841666
11.624233 0.8759762 0.093692303
11.868841 0.87743187 0.084583327
12.105836 0.86696649 0.1015
12.360209 0.88435268 0.092272721
12.596639 0.87426984 0.11220222
12.836238 0.88977367 0.12458147
13.06695 0.85065699 0
13.316814 0.85704148 0
13.66177 0.83778387 0
13.852447 0.8781327 0.10516438
14.101993 0.88740426 0.12033024
14.406659 0.89415574 0.079495825
14.617504 0.87613201 0.076124996
14.863985 0.89522898 0.1015
15.133726 0.86383939 0.1025
15.391655 0.89700109 0.111
15.628562 0.86436236 0.10976923
15.873012 0.85414231 0.11322222
16.14822 0.88769644 0.11866666
16.384085 0.88135618 0.10930769
16.636623 0.87327522 0.13
16.884716 0.88141727 0.095266663
17.120352 0.87907636 0.11866666
17.366684 0.88999832 0.10192857
17.621214 0.88089544 0.093090907
17.872698 0.87210393 0.13533333
18.133516 0.87803411 0.1015
18.378292 0.86800826 0.10171428
18.609205 0.87955046 0.10224999
18.852608 0.8533507 0.11154545
19.118267 0.8824513 0.094615385
19.387045 0.8837648 0.093090907
19.61573 0.89270967 0.10930769
19.857504 0.87113494 0.1218
20.142637 0.87131363 0.10214286
20.358395 0.89383543 0.1218
2.388206 8.3838024 0.037153486
2.6254587 8.3510265 0.067597106
2.8503597 8.3415022 0.044739585
3.1371012 8.3882866 0.0015
3.4218519 8.4171572 0.0024000001
3.6221168 8.393836 0.001
3.8394117 8.3915167 0
4.1325078 8.3854675 0.0016666667
4.3596592 8.3932743 0.0015
4.6143389 8.3630791 0.0012000001
4.8543386 8.3603745 0.0020000001
5.1518831 8.3817673 0.00050000002
5.409575 8.3672838 0.00060000003
5.6161823 8.378087 0.00060000003
5.9193645 8.3715982 0.010308182
6.1048627 8.3398046 0.076121837
6.3620462 8.3734112 0.010885212
6.6183386 8.3415365 0.024358552
6.8930016 8.3524256 0.030523272
7.1253109 8.3503494 0.045340721
7.3651342 8.3718519 0.00075000001
7.5937366 8.3519869 0.00075000001
7.8806043 8.3679571 0.0025714284
8.1472511 8.3956118 0.0020000001
8.4202118 8.3412848 0.0030000003
8.6097898 8.3944006 0
8.8502941 8.3573713 0.0022499999
9.1309719 8.4015226 0.00136
9.3703051 8.3865528 0.00245
9.6172209 8.3946304 0.11193608
9.8591957 8.3912287 0.082445025
10.118986 8.3885727 0.089128174
10.387522 8.3871708 0
10.630516 8.3877544 0
10.885542 8.3894577 0
11.11419 8.3776884 0
11.391758 8.3512754 0
11.617463 8.3816938 0
11.871466 8.3780899 0
12.131965 8.3622627 0
12.360299 8.3534307 2.7335924e-17
12.610239 8.3966541 9.4899288e-17
12.873117 8.377182 8.5154803e-17
13.099825 8.3712463 4.6624254e-17
13.359569 8.3790274 4.9038168e-17
13.638013 8.3733788 1.3410316e-17
13.879352 8.365571 6.47111e-18
14.138092 8.3850842 0
14.385578 8.3999338 0
14.630141 8.3568182 0
14.872834 8.3728905 0
15.146811 8.3979387 0
15.383632 8.3772774 0
15.611667 8.359972 0
15.872028 8.3655996 0
16.133121 8.3827534 0
16.37887 8.3840733 0
16.620796 8.3705225 0
16.841642 8.4042969 0
17.080503 8.3859272 0
17.361492 8.3748713 0
17.618776 8.3840008 0
17.851976 8.3797846 0.056442648
18.109854 8.3753319 0.096101828
18.382496 8.3912392 0.11588055
18.587425 8.386282 0.0022499999
18.894104 8.418026 0.0020000001
19.138472 8.3644772 0.0015
19.370378 8.4143333 0.0022499999
19.591116 8.3860884 0.00085714285
19.872423 8.3803511 0.0012857143
20.084492 8.3869343 0.0015
20.404818 8.3606777 0.0022499999
20.659426 8.4036322 0.00060000003
20.915016 8.3529158 0.058318146
21.125246 8.3596678 0.077969044
21.380903 8.3987684 0.091869459
21.623377 8.3810997 0.073601983
21.868807 8.372221 0.05821288
22.117258 8.3759604 0.00060000003
22.352568 8.3495932 0.0024000001
22.562016 8.4571505 0.0015
22.904079 8.3887472 0.0015
23.100948 8.3779879 0.0012000001
23.386753 8.3924093 0.0020000001
23.61791 8.382596 0.003
23.888954 8.3500166 0.0017142857
24.135452 8.399456 0.0024999999
24.379971 8.4089527 0.0022500001
24.626965 8.4281464 0.0015
24.860235 8.3927889 0
25.116945 8.3050356 0.042520143
25.381689 8.3630295 0.054745723
25.637516 8.3452587 0.094546854
25.837341 8.3644218 0.046384543
26.14451 8.3869953 0.0012000001
26.38069 8.3592052 0.0012000001
26.618034 8.3003445 0.003
26.910257 8.3757915 0.0017142857
27.137785 8.3150434 0.0033333334
27.354736 8.384902 0.0015
27.636623 8.3567095 0.0015
27.904371 8.382597 0
28.062254 8.3523464 0.060678378
28.3388 8.3856936 0
-0.37461638 8.6101513 0
-0.078144349 8.6116133 0.045701575
0.082866989 8.6373901 0.044912506
0.35361522 8.6337452 0.0018
0.61595058 8.6698275 0.0012000001
0.87489611 8.6361723 0.0026
1.105293 8.6523438 0.0022500001
1.3967103 8.6312857 0.0015
1.6363444 8.61518 0.001
1.8679541 8.6056261 0.0018
2.1350193 8.6645718 0.0015
2.3331211 8.6590118 0.0015
2.6118324 8.6319389 0.00060000003
2.9042118 8.589489 0.00075000001
3.151696 8.6284943 0.0015
3.4358191 8.6483631 0.0022499999
3.6391432 8.6106987 0.003
3.8977714 8.6181889 0.0015
4.3352652 8.6031342 0.00075000001
4.6383939 8.6247673 0.0018
4.9069276 8.6273661 0.0012000001
5.1651134 8.6484776 0.0015
5.4209957 8.5893669 0.00060000003
5.5477538 8.5942039 0
5.8464365 8.6305771 0.0015
6.1144638 8.6012268 0.00075000001
6.3232646 8.6652088 0.00075000001
6.6020465 8.6237202 0.0022499999
6.9166222 8.646059 0.0022499999
7.1136112 8.6576824 0.0015
7.3612022 8.6131268 0.003
7.6189275 8.6266623 0.0022499999
7.8618684 8.6435966 0.0012000001
8.1190214 8.608429 0
8.3771515 8.5942869 0.0012000001
8.5985889 8.6245995 0.0015
8.8574238 8.6085443 0.0013333333
9.1109314 8.6651192 0.003
9.3921223 8.6162577 0.0017142858
9.6209202 8.636097 0.10160688
9.8785858 8.6306877 0.099726439
10.139503 8.6333227 0.064724728
10.374614 8.6267529 0
10.613722 8.6469707 0
10.867181 8.6547804 0
11.142756 8.6529655 0
11.362521 8.5945063 0
11.613088 8.6297789 0
11.874176 8.6491938 0
12.117186 8.6305695 0
12.349762 8.6276941 0
12.611593 8.638813 5.6078504e-17
12.872921 8.6312151 1.029368e-16
13.135894 8.6209545 2.5834602e-17
13.366629 8.6123705 1.7467288e-17
10.113849 5.6074595 0.35606503
10.376916 5.6075077 0.30287763
10.610661 5.6081157 0.30287763
10.876773 5.648396 0.30287763
11.142287 5.6113281 0.30287763
11.375127 5.6246071 0.31718081
11.628756 5.6118097 0.30287763
11.878696 5.6354699 0.30287763
12.132551 5.609971 0.30287763
12.400492 5.6257548 0.30287763
12.64343 5.6201501 0.30287763
12.866782 5.646771 0.30287763
13.112264 5.6243186 0.30287763
13.351127 5.6269774 0.30287763
13.613935 5.6144023 0.30287763
13.854991 5.6201706 0.30287763
14.099895 5.6290989 0.30287763
14.341042 5.6109805 0.30287763
14.61533 5.6179461 0.30287763
14.852004 5.6291566 0.30287763
15.096601 5.6238127 0.30287763
15.382367 5.6314273 0.30287763
15.636469 5.6454844 0.30287763
15.890363 5.6930881 0.30287763
16.107254 5.6101141 0.30287763
16.34845 5.6355219 0.30287763
16.608368 5.6262898 0.30316335
16.872919 5.6428738 0.30287763
17.132952 5.6136217 0.30287763
17.399561 5.6277618 0.30287763
17.626905 5.6157675 0.30287763
17.88513 5.615624 0.36241198
18 5.5739536 0.29556432
28.017542 5.6192584 0.35471821
-1.8951919 5.9198217 0.37798306
-1.6278331 5.9720001 0.36953521
-1.3575693 5.9726248 0.36685786
-1.105406 5.9755712 0.37135109
-0.88168651 5.9005966 0.37962428
-0.70784491 5.8749232 0.37809086
-0.017066406 5.8611021 0.35826284
2.4414064e-07 5.8975148 0.35708967
10.100214 5.8689613 0.34128338
10.38863 5.8727465 0.30307764
10.605814 5.8542929 0.30287763
10.847335 5.8692274 0.30287763
11.115897 5.8686457 0.30287763
11.351311 5.8584509 0.30287763
11.600427 5.8775249 0.30287763
11.858161 5.8694992 0.30287763
12.136004 5.8530531 0.30287763
12.399695 5.874692 0.30287763
12.635721 5.8674536 0.30287763
12.88897 5.8831577 0.30287763
13.139565 5.8479166 0.30287763
13.371674 5.9010954 0.30287763
13.624365 5.8547029 0.30287763
13.874315 5.8724785 0.30287763
14.169219 5.8772802 0.30287763
14.363968 5.8689852 0.30287763
14.628278 5.8744998 0.30287763
14.886037 5.8715496 0.30287763
15.136118 5.8907714 0.30287763
15.368538 5.9080906 0.30287763
15.619466 5.9036431 0.30287763
15.864158 5.8879881 0.30287763
16.110235 5.8607421 0.30287763
16.35441 5.8823457 0.30287763
16.629797 5.8496966 0.30287763
16.866152 5.8742871 0.30287763
17.098494 5.8800683 0.30287763
17.366337 5.8684134 0.30287763
17.615618 5.8786287 0.30304432
17.859167 5.8717799 0.34555331
18 5.8284049 0.31388369
28.015381 5.90488 0.36592007
-0.014723632 6.0847116 0.38804376
0 6.2084932 0.31262076
10.101758 6.1257882 0.34305701
10.385368 6.1174693 0.30321097
10.621902 6.118609 0.30287763
10.880548 6.1393595 0.30287763
11.124096 6.1172113 0.30287763
11.351998 6.1158462 0.30287763
11.599614 6.1204557 0.30287763
11.864784 6.1197286 0.30287763
12.126033 6.1352825 0.30287763
12.354727 6.1326098 0.30287763
12.630271 6.1524248 0.30287763
12.876153 6.1527033 0.30287763
13.137528 6.121706 0.30287763
13.390712 6.1368427 0.30287763
13.628573 6.1177497 0.30287763
13.893072 6.1349282 0.30287763
14.122445 6.1252637 0.30287763
14.384937 6.1170859 0.30287763
14.638648 6.1140404 0.30287763
14.900417 6.1257253 0.30287763
15.107639 6.1169043 0.30287763
15.374068 6.163528 0.30287763
15.61686 6.1326847 0.30287763
15.884324 6.1276727 0.30287763
16.149811 6.114583 0.30287763
16.364944 6.1078091 0.30287763
16.604879 6.1119928 0.30287763
16.863152 6.1294661 0.30287763
17.13868 6.1461916 0.30287763
17.366953 6.1332421 0.30287763
17.644707 6.1311588 0.30304429
17.852997 6.0945549 0.34679776
18 6.1263294 0.33884326
28.016443 6.1357851 0.3706049
-0.017999999 6.3676186 0.32909334
0 6.3644671 0.35635784
10.112119 6.3624983 0.35289916
10.378031 6.3840308 0.30287763
10.608281 6.3749428 0.30287763
10.874526 6.3814764 0.30287763
11.116433 6.3988061 0.30287763
11.392426 6.3688216 0.30287763
11.649401 6.3710432 0.30287763
11.888342 6.358398 0.30287763
12.113614 6.3839664 0.30287763
12.386349 6.3753896 0.30287763
12.627151 6.3733754 0.30287763
12.870642 6.4069543 0.30287763
13.133064 6.3892107 0.3577348
13.359009 6.3734403 0.36312336
13.629489 6.3926539 0.30982065
13.890045 6.3653283 0.30287763
14.11607 6.3768449 0.30290836
14.372321 6.3619008 0.30303806
14.63878 6.366559 0.30287763
14.887047 6.358212 0.30287763
15.141238 6.383297 0.30287763
15.387675 6.394218 0.30287763
15.623271 6.3589573 0.30287763
15.879432 6.3644094 0.30287763
16.133343 6.353488 0.30287763
16.354755 6.3496628 0.30287763
16.615719 6.3716822 0.30287763
16.890741 6.3768201 0.30287763
17.125126 6.3492503 0.30287763
17.391323 6.3727331 0.30287763
17.611622 6.3824811 0.30307764
17.857479 6.3499522 0.35096616
18 6.3964095 0.3316243
27.999998 6.4609952 0.4373377
28.006001 6.3700633 0.32723182
-0.010076335 6.6054263 0.38268286
0 6.640296 0.27982074
6.3710241 6.7014303 0.25660539
6.7065725 6.7048521 0.278
9.6823063 6.6552877 0.3026374
9.8137903 6.6583581 0.28589642
10.09304 6.6000466 0.33850816
10.399332 6.6443682 0.30304432
5.8746471 14.091227 0.12945454
6.1354146 14.12084 0.15224999
6.3586235 14.126423 0.10235714
6.6124635 14.11709 0.11866666
6.8711333 14.112317 0.09254545
7.139082 14.118712 0.094615385
7.3845692 14.120552 0.15788889
7.6246028 14.124066 0.102
7.88799 14.13839 0.085583329
8.1333618 14.095224 0.14209999
8.3740015 14.117393 0.094615385
8.6308937 14.124286 0.116
8.8839045 14.117911 0.087642856
9.1176023 14.118931 0.114375
9.377284 14.126369 0.11181818
9.6266565 14.10582 0.11891667
9.890214 14.130872 0.10976923
10.130611 14.112858 0.11311111
10.366306 14.14382 0.1221
10.62212 14.139743 0.11664286
10.893694 14.119958 0.11866666
11.1443 14.131774 0.085333332
11.399716 14.154912 0.1025
11.646685 14.100661 0.1221
11.882611 14.11506 0.10953846
12.120852 14.114136 0.13558333
12.369875 14.11894 0.094153844
12.609782 14.125105 0.11685714
12.878937 14.115604 0.177625
13.146483 14.120802 0.09254545
13.399981 14.132664 0.12492308
13.607006 14.116158 0.098765008
13.872693 14.116591 0.11288346
14.153605 14.129465 0.13902539
14.319286 14.074298 0
14.583585 14.125409 0
14.874962 14.12616 0
15.162679 14.150097 0.060603369
15.410718 14.120392 0.11037592
15.661349 14.119353 0.092272721
15.876667 14.138392 0.084583327
16.1222 14.121782 0.1015
16.38155 14.102258 0.073818177
16.62192 14.12771 0.086999997
16.871904 14.106122 0.1082475
17.12974 14.128192 0.10826667
17.3804 14.108726 0.084583327
17.632452 14.124578 0.11072727
17.873882 14.126095 0.10826667
18.107008 14.124998 0.084535405
18.369596 14.105844 0.094733328
18.630507 14.122116 0.092272721
18.871746 14.119627 0.084583327
19.116255 14.124597 0.1218
19.378265 14.117864 0.10930769
19.630438 14.128585 0.084583327
19.891191 14.10316 0.10930769
20.111141 14.119207 0.092272721
20.366137 14.122964 0.094733328
20.622458 14.116405 0.116
20.88492 14.11735 0.086999997
21.124189 14.109374 0.10930769
21.378166 14.131331 0.1015
21.626528 14.109805 0.093692303
21.864637 14.142919 0.073818177
22.136351 14.125158 0.1015
22.379894 14.128193 0.10826667
22.637035 14.110538 0.093692303
22.886768 14.108269 0.1015
23.124487 14.104773 0.1015
23.385836 14.130994 0.092272729
23.627394 14.118824 0.10826666
23.872047 14.13343 0.093692303
24.106171 14.120277 0.081199996
24.334652 14.13888 0.071830668
24.553402 14.111235 0.07314609
24.905701 14.185556 0.003
25.139591 14.154572 0.0017500001
25.35853 14.127306 0.0021428571
25.630297 14.124212 0.0021428571
25.888039 14.193249 0.0015
26.16362 14.113695 0.0015
26.394918 14.106755 0.0020000001
26.645588 14.130172 0.077715941
26.853521 14.121558 0.03614286
27.125956 14.095187 0.03125
27.356024 14.136217 0.090327479
27.612822 14.130128 0.0012857143
27.855919 14.148764 0.092759497
28.101088 14.123399 0.10612009
28.272915 14.208984 0
20.421974 0.94533938 0.003
20.635832 0.86333317 0.13135713
20.867609 0.88022417 0.10224999
21.113449 0.88498241 0.12945454
21.35014 0.88862497 0.11891666
21.619455 0.87453163 0.12515384
21.894176 0.86045843 0.1021
22.115946 0.86008704 0.11891666
22.381435 0.85751641 0.12972727
22.638287 0.87859344 0.10214286
22.873642 0.88474739 0.11072727
23.12562 0.8573066 0.11916666
23.3853 0.88541603 0.12239999
23.606922 0.87622249 0.13566667
23.856733 0.87282211 0.11127272
24.136137 0.87758082 0.085333332
24.383335 0.89900935 0.10953846
24.622671 0.88130957 0.12239999
24.889444 0.8879326 0.11923123
25.179241 0.86210251 0.068690613
25.41469 0.88623703 0.003
25.604294 0.87659681 0.068859316
25.905088 0.85535681 0.066998497
26.161976 0.84811807 0.0020000001
26.38373 0.86176074 0.0017142857
26.610685 0.84144121 0.0018
26.818071 0.84713382 0.003
27.115131 0.87027353 0.0015
27.31587 0.88057292 0.078316294
27.671505 0.86807728 0.082430452
27.890459 0.87790322 0.0015
28.066748 0.87638158 0.076129086
28.370113 0.89109993 0
28.608307 0.95837665 0.10747841
28.884367 0.95849401 0.10742795
29.119274 0.95533264 0.087887019
29.363153 0.95529556 0.099621743
29.563938 0.95000011 0.10943636
-0.34359181 1.1271229 0
-0.10836881 1.1065207 0.083075911
0.091556638 1.1178797 0.099603504
0.44044727 1.1356171 0.0020000001
0.63435024 1.108739 0.10129408
0.85698366 1.1178858 0.027545456
1.1454778 1.1378773 0.025375001
1.3758527 1.1161711 0.093526617
1.6235967 1.1184893 0.0022499999
1.8489023 1.1215925 0.0022499999
2.1053338 1.1000016 0.0018
2.3761718 1.1499479 0.0024000001
2.6018991 1.1531911 0.0020000001
2.8334033 1.1348413 0.0022499999
3.0546372 1.1606697 0.0022500001
3.4050457 1.0814205 0.0019999999
3.6178992 1.1397222 0.089251332
3.8711817 1.1319337 0.093692303
4.1142497 1.1157814 0.084583327
4.3682671 1.1182075 0.10930769
4.6277475 1.1322078 0.1218
4.8865662 1.1253301 0.1015
5.1529565 1.1158774 0.1015
5.3816652 1.1220554 0.086999997
5.6170387 1.1154561 0.1015
5.877254 1.1100154 0.11072727
6.1229763 1.1248145 0.1015
6.3753376 1.1127073 0.093692303
6.6317558 1.1391559 0.078076921
6.8752518 1.1441259 0.081199996
7.1249576 1.1174564 0.092272721
7.3792076 1.1112772 0.10826666
7.6404929 1.1247772 0.092272721
7.8750453 1.1096206 0.116
8.1363678 1.1142554 0.087071426
8.3866148 1.1205368 0.086999997
8.6182194 1.0977551 0.092272721
8.8552122 1.1349387 0.094799995
9.1176214 1.125554 0.1015
9.3694057 1.111954 0.10826667
9.6302128 1.1353719 0.093692303
9.8910141 1.1317981 0.087071426
10.129698 1.1309813 0.10938461
10.368028 1.1125283 0.10930769
10.618422 1.1206865 0.10826667
10.894528 1.1316851 0.09481848
11.139106 1.13333 0.084749997
11.375316 1.1067115 0.10826667
11.648356 1.1339146 0.10158333
11.886938 1.1151568 0.084583327
12.144838 1.119447 0.09376923
12.378919 1.1302649 0.093692303
12.620255 1.1214674 0.088759758
12.866385 1.1900444 0.077133529
13.12158 1.1398033 0.11225666
13.358155 1.1656976 0.10347747
13.627934 1.1641594 0.097038448
13.880182 1.1012422 0.11342933
14.13662 1.1360152 0.10679369
13.393076 8.6256065 3.5776117e-17
13.623647 8.6115141 2.2495056e-17
13.8572 8.6247549 5.9221992e-18
14.140662 8.6102409 0
14.387222 8.6393051 0
14.656954 8.6181755 0
14.867244 8.6222639 0
15.129097 8.6430645 0
15.386199 8.6543846 0
15.650724 8.6275539 0
15.877121 8.6203642 0
16.129593 8.638773 0
16.379597 8.6414032 0
16.614836 8.6266117 0
16.869415 8.6417131 0
17.098892 8.610507 0
17.374577 8.6238632 0
17.632042 8.6301718 0
17.87059 8.6309805 0.058086682
18.130739 8.5990076 0.11466276
18.382828 8.6447258 0.11031424
18.596361 8.6533585 0.00075000001
18.846043 8.6340303 0.0015
19.129583 8.6048708 0.00060000003
19.38973 8.6142931 0.0020000001
19.598721 8.6443624 0.0012000001
19.87521 8.5961857 0.0015
20.111517 8.6051912 0.0011999999
20.360867 8.5984325 0.0024999999
20.582632 8.6264591 0.0018
20.893906 8.6435251 0.0022499999
21.126146 8.6109028 0.0018
21.370399 8.5844584 0.016343808
21.640589 8.647974 0.0015
21.97385 8.609066 0
22.100708 8.6648035 0.0019999999
22.36091 8.6830587 0.0023999999
22.593863 8.6403408 0.0024666667
22.845846 8.5914145 0.0018
23.186117 8.5981312 0.003
23.336641 8.6618061 0.0020000001
23.540552 8.7307358 0
23.900677 8.7046022 0.0015
24.131805 8.6457443 0.0022499999
24.408081 8.6052456 0.00060000003
24.613344 8.6289253 0
24.862598 8.5298843 0.001
25.147251 8.5588388 0.001
25.397812 8.6236219 0.003
25.608948 8.5937157 0.0022499999
25.819103 8.6644096 0.0015
26.125216 8.6194077 0.0022499999
26.38867 8.6478825 0.0022500001
26.608704 8.6071339 0.0018000001
26.894423 8.6275692 0.0015
27.092806 8.6371746 0.0015
27.369112 8.6747313 0.0018
27.614935 8.6341553 0.0017142857
27.891922 8.6138983 0.003
28.078884 8.6222525 0.086795621
28.407328 8.63062 0
-0.38777196 8.8636427 0
-0.10882178 8.8773746 0.050027926
0.068214566 8.8853588 0.035409898
0.39091283 8.8404026 0.0015
0.66089553 8.9025679 0.0012857143
0.93366969 8.8980713 0
1.1549455 8.8502941 0.0021666668
1.387019 8.872551 0.0020000001
1.659125 8.8145685 0.003
1.8586234 8.8967791 0.003
2.123086 8.8528757 0
2.3893499 8.9129772 0.0020000001
2.646214 8.8788996 0.0015
2.8710704 8.856636 0.00050000002
3.1057475 8.8689709 0.0011666667
3.3512664 8.8723145 0.00085714285
3.5953383 8.899847 0.0012000001
3.8998053 8.8751736 0.001
4.1378918 8.8637562 0.0012000001
4.3953972 8.8712606 0.0012857143
4.6644273 8.8433428 0.003
4.8398571 8.8641272 0.00075000001
5.1021347 8.8643522 0.001
5.3849106 8.8557158 0.0015
5.6030431 8.866188 0.0015
5.8534555 8.9000969 0.0024000001
6.0743303 8.8375902 0.003
6.3447351 8.8517685 0
6.6546226 8.8770113 0.0021428573
6.8967352 8.8847647 0.0022499999
7.1582513 8.8535929 0.0015
7.3818865 8.8841782 0.0015
7.5740914 8.8690872 0.00075000001
7.8977509 8.8800497 0.0015
8.0997877 8.872036 0.0012000001
8.3551226 8.8680906 0.00085714285
8.555789 8.8222103 0.0020000001
8.8450279 8.868434 0.001
9.0880575 8.8675365 0.0015
9.297925 8.7979937 0
9.6181231 8.8946657 0.10034791
9.8697681 8.8629408 0.10014504
10.12826 8.8743372 0.085051738
10.365743 8.879447 0
10.633523 8.86549 0
10.87413 8.8630934 0
11.109412 8.8826113 0
11.368494 8.8555279 0
11.605137 8.8750153 0
11.875071 8.8617601 0
12.135308 8.8917446 0
12.356786 8.8896198 0
12.609616 8.8681383 3.6362449e-17
12.865636 8.8849859 1.0335444e-16
13.150401 8.8724508 4.8241534e-17
13.373398 8.8612413 2.3503526e-17
13.608745 8.8715363 2.9070862e-17
13.890738 8.8760862 5.0921429e-18
14.134421 8.8720493 0
14.377191 8.8830862 0
14.616331 8.8671255 0
14.859182 8.8459873 0
15.126612 8.8771315 0
15.387754 8.8826265 0
15.639732 8.8729382 0
15.891349 8.8853035 0
16.130236 8.8405533 0
16.394424 8.8844662 0
16.641071 8.8746576 0
16.889605 8.8827152 0
17.142916 8.8524179 0
17.374352 8.8873243 0
17.632807 8.8700533 0
17.860775 8.8715487 0.081711292
18.13323 8.8452063 0.10273785
18.364328 8.8724279 0.087655164
18.670832 8.8694401 0.003
18.8333 8.8898468 0.0020000001
19.122292 8.8512487 0.0012857143
19.418539 8.8956518 0
19.608515 8.8852673 0.0020000001
19.896688 8.843152 0.0018
20.103062 8.9023581 0.00075000006
20.373114 8.8510494 0.0015
20.630886 8.8977261 0.0011999999
20.907972 8.865448 0.0018
21.11792 8.8458853 0.0024999999
21.359768 8.8879375 0.00075000001
21.598221 8.9076366 0.0015
21.855789 8.8447094 0.0015
22.159769 8.8794765 0.0023999999
22.361876 8.902379 0.0024666667
22.629292 8.8676586 0.0012000001
22.840418 8.8721142 0.0024000001
23.10829 8.8755674 0.0019999999
23.362566 8.8827248 0.0018
23.632448 8.8705826 0.0017142857
23.885738 8.8548794 0.0020000001
24.108234 8.8640261 0.00060000003
24.402082 8.8791122 0.0024999999
24.593302 8.8807526 0.001
24.895855 8.8890648 0.0015
25.085125 8.8597851 0.0015
25.411032 8.881588 0.0018
25.656525 8.847208 0.0015
25.877071 8.8608255 0.003
26.139351 8.8671408 0.0015
26.313627 8.9242554 0.003
26.582691 8.8666372 0.001
26.886736 8.8680124 0.0021428571
27.20698 8.9001188 0.0015
27.367878 8.8790178 0.0022499999
27.631311 8.9346561 0.0015
27.890713 8.8793869 0.0020000001
28.069668 8.8749361 0.058059584
28.465918 8.9235573 0
10.620946 6.6513882 0.30304432
10.879815 6.6273751 0.30287763
11.132891 6.6395688 0.30287763
11.355087 6.6266384 0.30287763
11.639349 6.6522069 0.30287763
11.874012 6.6294441 0.30287763
12.151943 6.6073422 0.30287763
12.375367 6.6330934 0.30287763
12.592284 6.6255207 0.30287763
12.884109 6.6531572 0.36584976
13.142666 6.6097236 0.36861643
13.372208 6.6144118 0.36758161
13.629548 6.6214824 0.34410602
13.880926 6.6335788 0.32890251
14.146023 6.6473145 0.30287763
14.383956 6.6350212 0.30287763
14.646146 6.6074581 0.30306482
14.868479 6.6291466 0.30287763
15.125288 6.6282177 0.30287763
15.368031 6.628417 0.30287763
15.624422 6.6035814 0.30287763
15.872952 6.6261916 0.30287763
16.133055 6.6042681 0.30287763
16.374611 6.6115208 0.30287763
16.614235 6.6253886 0.30287763
16.895494 6.6200638 0.30302048
17.124025 6.5979147 0.30305558
17.352068 6.6661372 0.30308527
17.606842 6.6338739 0.3031809
17.848234 6.6116834 0.33790231
18.073915 6.6251769 0.32020569
18.334352 6.6383228 0.28218669
28.011585 6.6162477 0.36467469
-0.0115861 6.9041877 0.37296492
0 6.8086739 0.25465807
2.4749453 6.9736681 0.30872527
2.5537598 6.9838109 0.25567049
6.4089856 6.7859035 0.26133332
6.6032853 6.8272629 0.27334026
6.845686 6.7945447 0.25990483
10.097174 6.8890162 0.30054379
10.356923 6.8833642 0.30287763
10.621105 6.8622613 0.30287763
10.853997 6.8798227 0.30287763
11.127586 6.893579 0.30287763
11.384557 6.892282 0.30287763
11.608993 6.9055924 0.30287763
11.87327 6.874558 0.30287763
12.10635 6.861187 0.30287763
12.355885 6.8758221 0.30287763
12.587462 6.8820181 0.30287763
12.896708 6.8776851 0.35906717
13.128517 6.8629503 0.36332774
13.36904 6.879612 0.31990597
13.649062 6.871768 0.3458508
13.862745 6.8899951 0.35797161
14.072159 6.8949218 0.33400157
14.372112 6.8887959 0.30287763
14.621001 6.9016171 0.3030647
14.888227 6.8898077 0.30287763
15.130896 6.8688359 0.30287763
15.406526 6.8755684 0.30287763
15.639146 6.8655534 0.30287763
15.882065 6.8832617 0.30287763
16.128187 6.8917179 0.30287763
16.409838 6.8876033 0.30287763
16.658522 6.8797312 0.30287763
16.862537 6.8801131 0.30287763
17.11993 6.8793812 0.30287763
17.374296 6.9023819 0.30287763
17.618494 6.8883734 0.30287763
17.862518 6.9019346 0.29834184
18 6.8119383 0.29692549
20.885557 6.93466 0.25924999
21.910225 6.9067669 0.25299999
22.032602 6.9830823 0.278
25.49889 6.9764071 0.30680346
28.005133 6.8500352 0.3535755
-0.013398763 7.1308699 0.41124383
0 7.1385946 0.30580646
2.1314721 7.2163796 0.34589133
2.3599582 7.0973487 0.38326874
2.6179755 7.1106019 0.41813135
2.8008633 7.1741629 0.34948856
10.126387 7.1467528 0.29602629
10.375491 7.1168942 0.30287763
10.633634 7.1198711 0.30287763
10.883718 7.1323805 0.30287763
11.125999 7.1246738 0.30294055
11.376929 7.1192007 0.30287763
11.609482 7.1166725 0.30287763
11.851422 7.1329036 0.30287763
12.111046 7.1410408 0.30287763
12.390381 7.1372266 0.30287763
12.64678 7.1269221 0.30287763
12.886696 7.1018524 0.30204296
13.112909 7.1205759 0.36922494
13.354072 7.1358395 0.34209296
13.611301 7.1529288 0.30287763
13.90158 7.1140242 0.34509465
14.118876 7.1246881 0.35371739
14.364741 7.1417623 0.34289169
14.628733 7.1497135 0.30287763
14.857594 7.1466589 0.30287763
15.124093 7.0890784 0.30310225
15.369213 7.1224318 0.30287763
15.623316 7.1359835 0.30287763
15.865592 7.1258121 0.30287763
16.120495 7.1523147 0.30287763
16.366514 7.1331635 0.30287763
16.658264 7.1288376 0.30287763
16.901155 7.1372066 0.30287763
17.118662 7.1226425 0.30287763
17.406279 7.1365156 0.30287763
17.632366 7.1481862 0.30287763
17.871147 7.0889268 0.30287781
18 7.1730914 0.29614377
20.703835 7.1707792 0.278
20.849621 7.0917597 0.278
21.931042 7.0984645 0.27028692
22.101091 7.1445956 0.27324769
25.210585 7.1678524 0.36935773
25.367804 7.1118631 0.42862269
25.64497 7.0898838 0.37959436
25.864204 7.2095971 0.33467722
28.004007 7.1157331 0.34826326
-0.013502196 7.4236851 0.36963701
0 7.3222384 0.31176385
1.9310182 7.3719234 0.35723692
2.1295116 7.3790936 0.47282857
2.3776047 7.3560495 0.48079997
2.6118979 7.3952045 0.48114285
2.8039134 7.3486037 0.36376977
10.096034 7.3661532 0.29810965
10.374597 7.3720374 0.30307764
10.632078 7.3513713 0.30302927
10.887323 7.383276 0.30287763
11.13113 7.3567495 0.30287763
11.385297 7.3679309 0.30287763
11.630197 7.3668094 0.30287763
11.875918 7.3645873 0.30287763
12.111932 7.3550286 0.30287763
12.35414 7.3709974 0.30287763
12.621453 7.3907194 0.30287763
12.867485 7.3864875 0.30290252
13.141181 7.3245001 0.32734966
13.383867 7.3656025 0.35807163
13.623431 7.3908463 0.35975465
13.86934 7.359745 0.30287763
14.141776 7.3567972 0.36038786
14.369783 7.3663282 0.35269338
14.60178 7.424953 0.34911245
14.8949 7.3714356 0.30287763
15.14309 7.3556867 0.30289519
15.479135 7.4689727 0.30287763
28.372154 14.123739 0.037599999
-0.34050032 14.377064 0
-0.095585451 14.397828 0.026914723
0.063646778 14.360989 0.067265071
0.34435716 14.358171 0.083345525
0.66574556 14.360865 0.066912606
0.85453475 14.358662 0.0012857143
1.120739 14.358788 0.003
1.3939875 14.362532 0.0015
1.6344092 14.376796 0.0024000001
1.8597612 14.399508 0.001
2.0753255 14.381317 0.070062891
2.429533 14.366682 0.070000783
2.6426909 14.384378 0.0015
2.7747617 14.363457 0.14389022
3.109849 14.387613 0.10202019
3.3956409 14.365419 0.11023077
3.6230028 14.368761 0.10179999
3.856817 14.356717 0.10976923
4.1145482 14.353225 0.11099999
4.3673205 14.376437 0.13583332
4.6099648 14.372473 0.12972727
4.8565784 14.373166 0.11866666
5.103003 14.382382 0.12239999
5.3642726 14.385299 0.11664286
5.6159229 14.395683 0.12972727
5.8831348 14.36373 0.10976923
6.133667 14.372977 0.10224999
6.3608317 14.388624 0.14790909
6.6239319 14.379742 0.12945454
6.8752427 14.37334 0.12945454
7.1417518 14.36723 0.12918182
7.3803415 14.379791 0.09392307
7.6172166 14.378327 0.11916666
7.8602962 14.367606 0.12972727
8.1301403 14.371888 0.13566667
8.3631477 14.367889 0.092818178
8.6298056 14.364956 0.13599999
8.8790731 14.366725 0.11866666
9.1324759 14.356575 0.10209999
9.3610468 14.376081 0.087214284
9.5953407 14.36908 0.14076923
9.8645811 14.382144 0.095533326
10.122211 14.385456 0.094846152
10.385456 14.34137 0.1021
10.599699 14.373639 0.10224999
10.877579 14.370017 0.11127272
11.127146 14.386486 0.12523077
11.37021 14.373564 0.1015
11.607194 14.381898 0.10207707
11.876784 14.376911 0.10976923
12.142384 14.392597 0.13558333
12.364956 14.356285 0.11127273
12.625923 14.380207 0.1218
12.866922 14.371244 0.12515384
13.109734 14.369524 0.10224999
13.39201 14.38423 0.15224999
13.606721 14.375299 0.063630603
13.861987 14.364513 0.096009947
14.113572 14.397545 0.11641508
14.343843 14.377098 0
14.664448 14.36975 0
14.882203 14.390806 0
15.148769 14.343248 0.061180662
15.392094 14.372552 0.11402796
15.632923 14.387356 0.092272721
15.869875 14.378946 0.10826667
16.124971 14.37978 0.094733328
16.389357 14.365149 0.1015
16.632133 14.385122 0.093692303
16.896912 14.368647 0.10155088
17.127037 14.367879 0.10930769
17.377825 14.356415 0.086999997
17.610111 14.38094 0.093692303
17.872467 14.386489 0.094733328
18.142601 14.366924 0.10928557
18.38273 14.377242 0.1015
18.63718 14.383712 0.10930769
18.876873 14.362405 0.10826667
19.123562 14.384352 0.078076921
19.369165 14.381973 0.1015
19.612877 14.365551 0.094733328
19.857824 14.370616 0.11841667
20.101009 14.355726 0.11418749
20.378372 14.373316 0.093692303
20.616659 14.388082 0.094733328
20.859558 14.374662 0.078076921
21.110264 14.353935 0.1015
21.371965 14.375662 0.086999997
21.622118 14.370283 0.10930769
21.87414 14.365913 0.093692303
22.117777 14.406971 0.116
14.128596 1.1514091 0.067866057
14.372953 1.1093926 0.071094275
14.618645 1.1113569 0.084350944
14.852952 1.1224428 0.093581155
15.122392 1.0856251 0.10201006
15.411709 1.1063991 0.095798448
15.632134 1.1073742 0.102375
15.873061 1.0962363 0.092970021
16.137306 1.1193924 0.092999995
16.381882 1.132147 0.11109091
16.626616 1.1259069 0.12239999
16.881998 1.1185021 0.10984614
17.129364 1.1179419 0.12945454
17.368231 1.1334126 0.11344444
17.621147 1.1140648 0.11154545
17.881491 1.1223168 0.093923077
18.109655 1.1235864 0.11344444
18.362129 1.0986683 0.12945454
18.602505 1.1323234 0.10214286
18.885921 1.1117347 0.14076923
19.149363 1.1230007 0.11127272
19.380823 1.1213131 0.1221
19.618189 1.142463 0.1015
19.881639 1.1155868 0.11891666
20.165142 1.1223078 0.1227
20.365093 1.1356021 0.11916666
20.610966 1.1217062 0.093090907
20.884464 1.1319091 0.11891666
21.132397 1.1435373 0.12972727
21.388857 1.1334425 0.10179999
21.631847 1.1488559 0.11891666
21.870543 1.1129136 0.10930769
22.113651 1.1225797 0.10171428
22.369316 1.1137819 0.13533333
22.623777 1.1447003 0.093363635
22.879072 1.1262218 0.12584615
23.140997 1.1271648 0.11664286
23.373878 1.122704 0.11311111
23.617046 1.1158984 0.12538461
23.871563 1.1399907 0.11127272
24.109915 1.1157532 0.12538461
24.381918 1.1252874 0.11841667
24.624998 1.14649 0.11866666
24.883305 1.1150024 0.090966709
25.154667 1.1333247 0.060583066
25.379698 1.1314018 0.0021428571
25.554947 1.1151603 0.097211145
25.90926 1.1339467 0.065000005
26.122162 1.1133115 0.003
26.34391 1.1288465 0.0022499999
26.645376 1.1176213 0.00060000003
26.901196 1.1407366 0.0012000001
27.135353 1.1118703 0.0015
27.318357 1.1245567 0.064294435
27.637672 1.1418247 0.065755449
27.862196 1.1420991 0.0012857143
28.068958 1.1219429 0.079564705
28.356194 1.135013 0
28.579176 1.1225079 0.10359471
28.871956 1.126266 0.07692308
29.124126 1.1211152 0.092307694
29.374878 1.1236497 0.1
29.604033 1.1085836 0.10785215
-0.38397607 1.4108036 0
-0.088375904 1.389003 0.046841022
0.11192557 1.3762833 0.080131739
0.38032722 1.397911 0.064487129
0.61836123 1.35729 0.073425636
0.86559665 1.3722851 0.019125
1.1167432 1.360435 0.025
1.3641611 1.3663276 0.10340618
1.5720191 1.3499558 0.0015
1.8301945 1.3605447 0.00050000002
2.1541965 1.3617831 0.00060000003
2.4408841 1.3899744 0.0015
2.5942748 1.4058522 0.0018
2.8520823 1.3648524 0.0015
3.1416159 1.4276108 0.00075000001
3.3588765 1.3924114 0.0024000001
3.6217222 1.3753179 0.095576443
3.8838737 1.3796865 0.10930769
4.1189747 1.3710817 0.116
4.3844361 1.3760211 0.086999997
4.6084294 1.3727747 0.092272721
4.8585248 1.3648356 0.10930769
5.1332502 1.3641855 0.081200004
5.3862967 1.3622813 0.12918182
5.6234217 1.3803847 0.10826667
5.888267 1.3639152 0.094733328
6.130784 1.3609263 0.1015
6.3830314 1.370232 0.094733328
6.6204295 1.3691063 0.1015
6.8732839 1.3768324 0.1218
7.1392846 1.3686529 0.09369231
7.379097 1.3811569 0.1015
7.6670084 1.435038 0.081199996
28.361849 8.8691521 0
-0.3739956 9.1151524 0
-0.07886263 9.1287251 0.06632296
0.10322461 9.133173 0.001125
0.35231474 9.0822964 0.0025714287
0.60079587 9.1308851 0.00075000001
0.82367188 9.1062918 0.0019999999
1.1088251 9.1241608 0.0012000001
1.3975914 9.1787815 0.0018
1.6272973 9.1168861 0.0017142858
1.8886694 9.1209431 0.00085714285
2.1150002 9.1443081 0.00060000003
2.3742888 9.1178083 0.0024999999
2.6558604 9.1247978 0.0021666668
2.8937831 9.1350107 0.00050000002
3.3598948 9.106019 0.0020000001
3.6136558 9.1703129 0.001
3.8645935 9.1248713 0.0015
4.1482682 9.1084366 0.0018
4.3710885 9.1678257 0.0022499999
4.6028643 9.1360016 0.00060000003
4.8789763 9.100359 0.0012857143
5.1378012 9.1064405 0.00075000001
5.391995 9.1475477 0.0015
5.5671654 9.0516968 0.003
5.8648429 9.1189442 0.003
6.1732874 9.1292686 0.0012000001
6.3891206 9.0927439 0.00075000006
6.6518526 9.1862154 0.001
6.8862696 9.1495743 0.0020000001
7.1546345 9.1396179 0.0015
7.3993711 9.1092768 0.0022499999
7.6662421 9.1759176 0.0019999999
7.9053307 9.1269712 0.0018
8.0872297 9.1267462 0.0012000001
8.3477354 9.1053734 0.0020000001
8.632369 9.1331968 0.00060000003
8.9265404 9.1576433 0.003
9.1325369 9.1317987 0.0020000001
9.3772287 9.1054497 0.00060000003
9.6674471 9.115428 0.070964225
9.881073 9.1335144 0.094153844
10.128375 9.1074667 0.072685868
10.378239 9.1084604 0
10.629082 9.1225357 0
10.855303 9.1243057 0
11.132806 9.1030035 0
11.404782 9.1327009 0
11.652654 9.1189375 0
11.895785 9.1169949 0
12.141657 9.1226854 0
12.393251 9.0965328 0
12.637087 9.1225414 1.9258543e-17
12.890317 9.1473646 5.2594536e-17
13.122371 9.136178 2.8426594e-17
13.377668 9.1169605 4.6973751e-17
13.615291 9.134182 2.460769e-17
13.877385 9.1253328 4.5068348e-18
14.112129 9.1295643 0
14.373222 9.1485834 0
14.603855 9.1223431 0
14.871697 9.12782 0
15.144625 9.1019812 0
15.355231 9.1261196 0
15.615073 9.1179504 0
15.870396 9.1290159 0
16.131504 9.1262865 0
16.364305 9.1196423 0
16.646387 9.1165648 0
16.881941 9.1227198 0
17.12479 9.1313906 0
17.359545 9.1533136 0
17.618996 9.1211443 0
17.867346 9.1394806 0.064376593
18.128838 9.1255817 0.10641059
18.359457 9.1066418 0.094872802
18.62932 9.1053371 0.0018
18.869324 9.1400595 0.0024000001
19.157694 9.1350441 0.0015
19.398983 9.0746984 0.00075000001
19.686113 9.1555967 0.001
19.863956 9.1268711 0.0017142857
20.132563 9.1592093 0.0024000001
20.395855 9.1041269 0.0020000001
20.668171 9.1494217 0.00075000001
20.878624 9.181776 0.003
21.156237 9.1445007 0.0015
21.340401 9.0793982 0.0020000001
21.640175 9.0925484 0.0018
21.854937 9.1622124 0.001
22.145061 9.1407137 0.001
22.395199 9.1597195 0.00075000001
22.585464 9.1492329 0.0015
22.916111 9.1183653 0
23.130886 9.1451235 0.0022499999
23.39135 9.139945 0.001
23.608009 9.1258936 0.0015
23.900585 9.1163607 0.00075000001
24.108187 9.0760193 0.00060000003
24.40621 9.1297903 0.0017142857
24.689116 9.0668201 0.003
24.856583 9.1538076 0.0015
25.079782 9.1318817 0.0032500001
25.431097 9.1127396 0.0022500001
25.577818 9.1714096 0.0015
25.874237 9.1127157 0.0021428571
26.097662 9.160079 0.0015
26.365438 9.119751 0.0020000001
26.652031 9.1115017 0.0017500001
26.88464 9.1292877 0.00085714285
27.201445 9.1239309 0.003
27.362234 9.1268721 0.001
27.626431 9.1195955 0.0020000001
27.882652 9.1286058 0.00075000001
28.064671 9.1114426 0.05212592
28.385324 9.1255636 0
28.721601 9.0803223 0.12110017
28.900707 9.0983467 0.091820158
29.118958 9.0848818 0.069290139
29.366516 9.1051064 0.071208306
29.625196 9.0926933 0.071922876
29.900869 9.0980282 0.094348021
-0.37426236 9.3762617 0
-0.077936038 9.3739166 0.053832334
0.10736767 9.375392 0.052807529
0.37108788 9.3476324 0
0.57898599 9.3825979 0.0020000001
0.89448225 9.3831892 0.001
1.1344255 9.3821459 0.0022499999
1.3558314 9.3674469 0.001
1.6497658 9.347271 0.0024999999
1.9394639 9.3141785 0.003
2.1916234 9.3877831 0.00060000003
2.3952725 9.3671989 0.00075000001
2.6464624 9.3889513 0.0012000001
2.9026906 9.3714237 0.0015
3.2074711 9.3719702 0.0020000001
3.387974 9.3839827 0.003
3.5945959 9.3769932 0.00059999997
3.8718536 9.3355885 0
4.1001129 9.3738327 0.0012000001
4.3606043 9.3729744 0.001
4.6075039 9.3686008 0.0015
4.8588424 9.3684874 0.00060000003
5.1382017 9.3494349 0.003
5.3592558 9.3798342 0.0015
5.5967274 9.4058199 0.00060000003
5.9034719 9.3730841 0.0020000001
6.1422868 9.3798323 0.00050000002
6.3574109 9.3912048 0.0015
6.6294217 9.3520203 0.0020000001
6.8964367 9.3509693 0.0022499999
7.1199079 9.3600645 0.0012000001
7.3493867 9.3910122 0.0012000001
7.6433678 9.3700142 0.00060000003
7.8373203 9.3467999 0.0022499999
8.1369877 9.3791008 0.003
8.3562336 9.3939314 0.0015
8.6939754 9.2982864 0.003
8.871069 9.3902702 0.0019999999
9.111496 9.4134846 0.003
9.4169664 9.3656521 0.0015
9.602561 9.3270597 0.0012000001
9.8997164 9.3507681 0.11539657
10.128614 9.3543911 0.09277156
10.364205 9.3608236 0
10.62653 9.3936701 0
10.92112 9.3667936 0
15.37959 7.3323326 0.30287763
15.630283 7.3741431 0.30287763
15.892201 7.3606997 0.30287763
16.127697 7.3803444 0.30287763
16.382423 7.3737068 0.30287763
16.622362 7.3605142 0.30287763
16.872894 7.348783 0.30287763
17.103333 7.3802686 0.30287763
17.366833 7.3747616 0.30298874
17.635979 7.3792019 0.30307764
17.894461 7.3701859 0.2979399
20.638857 7.3581901 0.25299999
20.759201 7.2767849 0.278
22.130999 7.3411951 0.2639209
25.203831 7.3794103 0.36964935
25.386049 7.3591247 0.48133335
25.629709 7.3597903 0.48228571
25.887611 7.35079 0.47269583
26.067341 7.4008842 0.38063416
28.010857 7.3740907 0.35121718
-0.017999999 7.6528683 0.41590703
0 7.6392012 0.32565489
1.9277569 7.620822 0.35575432
2.1290271 7.6519966 0.47318855
2.3698006 7.6575918 0.48299998
2.6023281 7.6333489 0.48066664
2.7969339 7.6095209 0.35292843
5.8489079 7.6271663 0.25898072
7.3823519 7.6116705 0.25298616
10.089161 7.6269503 0.29165015
10.382183 7.6299953 0.30289319
10.645676 7.6174827 0.3028864
10.859891 7.6480355 0.30287763
11.11097 7.6399293 0.30300266
11.39214 7.6177993 0.30287763
11.643227 7.6040397 0.30287763
11.879583 7.6259842 0.30287763
12.120277 7.6085806 0.30287763
12.370499 7.6200294 0.30287763
12.644907 7.6339688 0.30287763
12.879504 7.620945 0.30289522
13.147386 7.6106644 0.30287763
13.38628 7.6124077 0.31144825
13.634108 7.6193314 0.35193458
13.848408 7.6414981 0.3579064
14.124023 7.6311445 0.30287763
14.393131 7.6075559 0.3417621
14.623877 7.6234555 0.34463882
14.873034 7.6353908 0.3262516
15.097507 7.6226969 0.30308527
15.382167 7.6298695 0.30287763
15.63269 7.6313176 0.30287763
15.872375 7.6248078 0.30287763
16.135538 7.6432548 0.30287763
16.381359 7.6114779 0.30287763
16.645992 7.6248946 0.30287763
16.878681 7.5979333 0.30287763
17.123011 7.6126175 0.30287763
17.380301 7.6446562 0.30287763
17.649006 7.6227226 0.30287763
17.901882 7.6033869 0.29546654
25.199858 7.6277761 0.34938273
25.402271 7.6444025 0.48171428
25.633142 7.6248021 0.48133332
25.892084 7.6352487 0.46759349
26.069124 7.6130414 0.36120394
28.012125 7.6107388 0.36403629
-0.017680664 7.881114 0.32643574
0 7.8313956 0.43517488
2.1246245 7.7917557 0.31502649
2.3814046 7.9002423 0.40913889
2.6556935 7.9162192 0.39316952
2.8018134 7.8329878 0.34824851
5.91471 7.8444996 0.2755293
6.0691056 7.8561568 0.26932934
7.1654768 7.8532972 0.27719373
7.3049755 7.8389835 0.27437904
10.074384 7.8888254 0.29183841
10.352007 7.8637652 0.30287763
10.595558 7.8826356 0.30287763
10.876024 7.8708878 0.30287763
11.092223 7.8670392 0.30307764
11.366332 7.8889155 0.30287763
11.632234 7.8659964 0.30287763
11.85378 7.9063435 0.30287763
12.090589 7.8855796 0.30287763
12.371161 7.8813081 0.30287763
12.604425 7.843936 0.30287763
12.855422 7.8847265 0.30301803
13.109744 7.8403931 0.30287763
13.37147 7.8887939 0.30287763
13.625419 7.8994489 0.3230345
13.87266 7.8622494 0.35105452
14.10565 7.9045444 0.36042851
14.384704 7.8661413 0.30287763
14.658202 7.8645391 0.36081174
14.896062 7.8896208 0.36463985
15.13656 7.8616514 0.30287763
15.383506 7.8917723 0.30287763
15.615088 7.8810992 0.30287763
15.874669 7.8855653 0.30287763
16.144413 7.8788872 0.30287763
16.356775 7.8721495 0.30287763
16.588907 7.8634763 0.30287763
16.890646 7.8505321 0.30287763
17.117861 7.8732781 0.30287763
17.353476 7.8914886 0.30287763
17.623217 7.8977284 0.30307764
17.846472 7.8664293 0.29390821
18 7.8284283 0.28270262
25.206049 7.8115716 0.37163645
25.353891 7.8965564 0.41905633
25.606941 7.8945971 0.42711598
25.839367 7.7891955 0.36365387
28.012733 7.8427591 0.38803822
-0.012808789 8.1682739 0.37961096
0 8.0562639 0.33570719
2.4481974 8.0164146 0.29086295
2.5374002 8.0062208 0.3029573
5.9626756 8.0519133 0.26100475
6.1110067 8.1104546 0.25616309
7.1072154 8.0925598 0.2599681
10.130701 8.0943632 0.29763651
10.375356 8.1238327 0.30300266
10.639004 8.1116037 0.30287763
10.882481 8.168231 0.30287763
11.107599 8.1181345 0.30287763
11.356096 8.1130104 0.30287763
11.62401 8.1265116 0.30287763
11.887152 8.1276455 0.30287763
12.136976 8.1008396 0.30287763
12.356244 8.1387272 0.30287763
12.626292 8.0996466 0.30287763
12.897497 8.1246614 0.30289814
13.134031 8.0959091 0.30310225
13.377747 8.1566219 0.30287763
13.628988 8.1399717 0.30287763
13.892385 8.0934544 0.3390114
14.129257 8.1099939 0.37599611
14.356094 8.1372042 0.34566796
14.652608 8.1372252 0.34288099
14.868288 8.1212549 0.37194559
15.108912 8.1309052 0.35917979
15.387563 8.149662 0.30287763
15.635194 8.0874147 0.30287763
15.910656 8.143013 0.30287763
16.1161 8.1180162 0.30287763
16.384972 8.1292038 0.30287763
16.638319 8.1141691 0.30287763
16.882446 8.0891781 0.30304429
17.13406 8.1026525 0.30287763
17.377768 8.1218462 0.30287763
17.630976 8.1447868 0.30304432
17.895357 8.1246014 0.29109129
18 8.1049013 0.26697192
21.110264 8.209095 0.25299999
21.250307 8.1549978 0.278
22.139988 14.400825 0.1015
22.39271 14.377491 0.093692303
22.617657 14.374208 0.1015
22.883732 14.35931 0.094733328
23.130556 14.350559 0.093692303
23.360678 14.349815 0.10930769
23.621807 14.381172 0.1015
23.890196 14.361579 0.1015
24.118776 14.373048 0.10826666
24.335173 14.376938 0.076115817
24.563797 14.351482 0.086901732
24.878168 14.296612 0.0015
25.142223 14.341089 0.003
25.372133 14.383324 0.0018750001
25.587212 14.419083 0.0015
25.850977 14.379654 0.0025714287
26.12525 14.364715 0.003
26.368242 14.385508 0.00075000001
26.627823 14.386915 0.092564866
26.846935 14.383729 0.016666668
27.126535 14.387292 0.0255
27.381605 14.393406 0.09370669
27.628338 14.411217 0.069506615
27.859221 14.435428 0.082514651
28.075018 14.390207 0.059325863
28.38027 14.377942 0
-0.38541716 14.625665 0
-0.10803711 14.63658 0.009989446
0.07118091 14.612571 0.08838015
0.33666033 14.621643 0.095295392
0.65004712 14.613122 0.080384634
0.90247989 14.622124 0.0011999999
1.088307 14.595913 0.0024000001
1.3100623 14.634044 0.003
1.6187294 14.671515 0.0018
1.8830315 14.578394 0.0022500001
2.0916426 14.643106 0.065249875
2.4115446 14.644023 0.079006605
2.5835605 14.618847 0.0024000001
2.8249989 14.601586 0.08666376
3.1060183 14.634154 0.099417925
3.372329 14.633077 0.11891666
3.6109135 14.617104 0.13564692
3.8630807 14.668921 0.091391817
4.1148572 14.633487 0.14082794
4.3959236 14.617698 0.11141149
4.6027999 14.632637 0.11154545
4.87536 14.633601 0.086999997
5.1135669 14.616722 0.10965587
5.3719764 14.630954 0.078886643
5.6365495 14.597923 0.1273454
5.8858829 14.647525 0.10965587
6.1002474 14.620711 0.13550293
6.3781219 14.631661 0.13583772
6.6233912 14.61906 0.09254545
6.8737798 14.611859 0.10235714
7.1080675 14.61277 0.11127272
7.3814211 14.654998 0.13599999
7.6375713 14.64559 0.12725
7.8808942 14.631641 0.11642857
8.1260767 14.623467 0.10224999
8.3968391 14.608917 0.1224
8.6098003 14.620028 0.094615385
8.8592186 14.624462 0.13583332
9.146244 14.631435 0.1221
9.373105 14.608283 0.10192857
9.6408081 14.611023 0.11
9.8814106 14.596195 0.126875
10.123462 14.634116 0.12515384
10.383909 14.624641 0.14209999
10.646748 14.608654 0.094153844
10.886594 14.623054 0.09254545
11.118419 14.646735 0.094384611
11.376026 14.634982 0.12239999
11.630812 14.615801 0.11891666
11.891971 14.632903 0.1096096
12.112851 14.623466 0.11163636
12.368182 14.620426 0.11127272
12.613364 14.618339 0.11099999
12.911321 14.612661 0.14542857
13.137136 14.589885 0.177625
13.359365 14.606304 0.13533333
13.624487 14.641634 0.085149996
13.865396 14.607543 0.11090486
14.139445 14.608353 0.13875642
14.387928 14.633852 0
14.71228 14.681211 0
14.8318 14.565409 0
15.108801 14.608125 0
15.380162 14.639716 0.12482028
15.616366 14.617588 0.1015
15.879937 14.639577 0.1015
16.134386 14.632031 0.1015
16.382368 14.636426 0.1015
16.622784 14.643531 0.1015
16.890354 14.646945 0.094828323
17.128326 14.609599 0.1015
17.368542 14.61294 0.093834586
17.631466 14.629758 0.094733328
17.858921 14.625078 0.11841667
18.090353 14.653852 0
7.6285067 1.3396385 0.1015
7.8812275 1.3765053 0.10930769
8.1255131 1.3676637 0.10157143
8.3875656 1.38783 0.086999997
8.6280003 1.3740034 0.10930769
8.8785601 1.4077727 0.10826667
9.1179171 1.3865474 0.11841667
9.3490601 1.3645147 0.084583327
9.6083097 1.3611597 0.1015
9.8840122 1.3931698 0.1015
10.125084 1.3803337 0.093692303
10.375357 1.3752654 0.094733328
10.621848 1.3805087 0.092272721
10.876941 1.3758382 0.1218
11.1375 1.3746573 0.1015
11.385238 1.360006 0.093692303
11.608948 1.3763722 0.12918182
11.86801 1.3767771 0.094733328
12.130937 1.374187 0.093692303
12.376968 1.3775498 0.1015
12.616536 1.38051 0.092272721
12.853461 1.3824707 0.093692303
13.122563 1.3865143 0.081199996
13.391325 1.3873154 0.1015
13.62557 1.3724582 0.078076921
13.873286 1.3602191 0.10093466
14.121457 1.3721339 0.063672416
14.372175 1.3461643 0.074983373
14.616323 1.330593 0.078863755
14.872708 1.3377516 0.081026241
15.117844 1.3353904 0.096148759
15.383222 1.3372377 0.074398518
15.612012 1.3296839 0.083752394
15.870988 1.3447328 0.073702917
16.116333 1.3693473 0.082078204
16.377123 1.3829614 0.1015
16.612528 1.3538657 0.11866666
16.856503 1.3680615 0.12492308
17.127575 1.3878139 0.090222225
17.37532 1.3881835 0.11891667
17.634226 1.3515371 0.11866666
17.877483 1.3808829 0.12972727
18.131536 1.3751591 0.10953846
18.378052 1.3719097 0.1015
18.622169 1.3816073 0.10192857
18.863901 1.388656 0.13114285
19.145346 1.3702554 0.089562498
19.377863 1.3867031 0.10174999
19.628008 1.3911086 0.14076923
19.869883 1.3649062 0.11127272
20.11059 1.3517451 0.1025
20.369581 1.3759488 0.12945454
20.633867 1.3619518 0.10930769
20.877689 1.3833948 0.10174999
21.131439 1.368348 0.081500001
21.371487 1.3744191 0.11099999
21.620762 1.3901488 0.12918182
21.85494 1.3843968 0.1015
22.123716 1.3937931 0.11891666
22.386806 1.3826126 0.1024
22.586588 1.3675189 0.15855555
22.866528 1.373771 0.1025
23.116217 1.4028375 0.11099999
23.366859 1.3762569 0.10192857
23.64221 1.3916492 0.11891666
23.891968 1.3671398 0.094384611
24.115631 1.3760748 0.1424
24.375494 1.364907 0.11841667
24.638369 1.3881328 0.11099999
24.898626 1.3720835 0.11214555
25.160034 1.3864774 0.061925665
25.36385 1.3920566 0.12368083
25.581238 1.3935397 0.092815429
25.905138 1.3925755 0.071057804
26.109325 1.3705953 0.0020000001
26.356081 1.3469619 0.0020000001
26.625477 1.3873858 0.00060000003
26.835608 1.3681225 0.0022500001
27.132669 1.4039313 0.0021428571
27.338226 1.3690889 0.055790152
27.653961 1.3794856 0.073394336
27.858343 1.3625424 0.0025714284
28.068817 1.3699383 0.060022812
28.354809 1.3698061 0
28.586411 1.3486502 0.080406852
28.878132 1.3396366 0.061676785
29.151699 1.3325775 0.051276829
29.410143 1.3423856 0.069960475
29.617008 1.372406 0.063203782
10.764109 9.3036394 0
11.13219 9.3777313 0
11.386188 9.3735008 0
11.633219 9.3953819 0
11.874482 9.385869 0
12.144919 9.3784037 0
12.394479 9.3678684 0
12.650343 9.3810349 0
12.886033 9.3751278 7.5120249e-17
13.151421 9.3577147 0
13.384629 9.398591 3.5123909e-17
13.623919 9.3893003 2.6707836e-17
13.893487 9.4006739 2.4292574e-18
14.120188 9.3682032 0
14.377564 9.3811712 0
14.63277 9.3857584 0
14.878224 9.3584185 0
15.129476 9.370719 0
15.365536 9.3847771 0
15.62337 9.3754978 0
15.884336 9.3862658 0
16.1427 9.3948603 0
16.390001 9.3846989 0
16.627779 9.3851023 0.014429385
16.880054 9.3643379 0
17.133778 9.357132 0
17.358828 9.3960333 0
17.612133 9.3678217 0
17.858356 9.3603134 0.074508384
18.139492 9.401247 0.089924604
18.368586 9.3624086 0.043323092
18.594011 9.3497543 0.0015
18.847033 9.3915749 0.0015
19.082836 9.3587494 0.0015
19.370607 9.3717251 0.0015
19.625029 9.4029379 0.0018
19.880657 9.3796282 0.0020000001
20.141418 9.3809166 0
20.36582 9.386199 0.003
20.630392 9.3637705 0.00099999993
20.851376 9.3668633 0.00060000003
21.145311 9.3861837 0.0023999999
21.421394 9.3364077 0.0015
21.585747 9.3818922 0.003
21.883709 9.3954592 0.00050000002
22.157331 9.3934755 0.0011333333
22.374125 9.3962469 0.00085714285
22.636921 9.4025106 0.0018000001
22.897028 9.3569956 0.0012000001
23.100643 9.3861694 0.0015
23.394382 9.3858738 0.001
23.597363 9.38029 0.0020000001
23.863293 9.3705826 0.0015
24.059916 9.3766317 0.0018
24.381498 9.3851414 0
24.626455 9.3834953 0.0020000001
24.874411 9.3512821 0.001
25.095882 9.3558702 0
25.382469 9.3729515 0.0015
25.64234 9.411397 0.0020000001
25.864563 9.4200344 0.0021666668
26.132872 9.3607645 0.0016666667
26.411825 9.341424 0.001
26.633629 9.3713894 0.001125
26.867943 9.4016514 0.0015
27.136024 9.3299236 0.001
27.388588 9.3664713 0.0018750001
27.630575 9.3451948 0.0020000001
27.862146 9.3616543 0.0022499999
28.064907 9.3830481 0.066347241
28.409592 9.3714876 0
28.718601 9.3875332 0.10985819
28.910875 9.3721952 0.069102265
29.120087 9.361968 0.054545451
29.383068 9.3841066 0.049999997
29.616716 9.3862381 0.054545451
29.881052 9.3790522 0.086639747
-0.41565904 9.6217833 0
-0.094538443 9.6407728 0.054741811
0.076649413 9.623744 0.020974046
0.38956672 9.5849133 0.001
0.62251037 9.682992 0.0011999999
0.85753125 9.6526976 0.0015
1.1537048 9.6062851 0.0020000001
1.3086182 9.6729536 0
1.6133188 9.6382866 0.0017142857
1.8767313 9.6189604 0.0020000001
2.129173 9.6564054 0.001
2.3412914 9.5550404 0.0020000001
2.6167207 9.574172 0.0018
2.835973 9.6293173 0.00085714285
3.0724621 9.6061621 0
3.4261386 9.5709457 0.003
3.5804482 9.5996161 0.0020000001
3.8855639 9.6022835 0.0015
4.101531 9.6213579 0.00085714285
4.3269038 9.6328182 0.0012000001
4.6919441 9.6249256 0.0022499999
4.8309574 9.5658531 0.0015
5.1536703 9.6246529 0.001
5.3891048 9.6334209 0.003
5.6310477 9.5974283 0.0021428571
5.8701692 9.6370449 0.0018750001
6.1515355 9.6666031 0.003
6.3651123 9.6241846 0.0012000001
6.6536131 9.6188602 0.0015
6.8811979 9.6403122 0.00060000003
7.1101556 9.5555372 0.00099999993
7.3895607 9.6314526 0.00099999993
7.6378675 9.5915556 0.0015
7.8860359 9.6212645 0.0024000001
8.1138811 9.6456671 0.00060000003
8.3723354 9.630805 0.00085714285
8.5996265 9.6202965 0.00075000001
8.8697338 9.6228199 0.0023999999
9.1766357 9.6271954 0.0022499999
9.3625221 9.6311016 0
9.6118956 9.5796041 0.00085714291
9.8929396 9.619771 0.0015
10.124285 9.6003189 0.077629663
10.355251 9.6346817 0.056649666
10.638677 9.6436014 0
10.87169 9.638689 0
11.114161 9.6219397 0
11.348049 9.6303425 0
11.626755 9.6336021 0
11.906746 9.6219683 0
12.105055 9.6642103 0
12.372474 9.6381474 0
12.626994 9.6252193 0
12.879815 9.6384468 3.3381598e-17
13.114517 9.6357698 5.2005527e-17
13.369378 9.6315174 9.096683e-18
13.637085 9.6523552 2.1683486e-17
13.863645 9.6075878 1.0410572e-17
14.111145 9.6103773 0
14.352152 9.6231747 0
14.625991 9.626502 0
14.894762 9.6525068 0
15.120735 9.6347609 0
15.373793 9.5988226 0
15.617939 9.6277027 0
15.885187 9.6270781 0
16.114628 9.6232748 0
16.383896 9.606987 0
16.662233 9.6000185 0.078785449
16.876425 9.6259489 0.084820531
17.126944 9.6519127 0.059633177
17.36054 9.6143513 0
17.629379 9.6351805 0
17.854973 9.6166553 0.06013852
18.083281 9.6151705 0.11549239
18.367598 9.5988493 0.0015
18.637028 9.5978642 0.0018
18.836611 9.640276 0.003
19.128866 9.6154556 0.0020000001
19.385782 9.614151 0.0024000001
19.595711 9.6167011 0.00075000001
19.876411 9.630621 0.0017142857
20.127131 9.597312 0.0012000001
20.408859 9.5966339 0.0015
20.650534 9.6091518 0.0018000001
20.898588 9.6690121 0.0011999999
21.110867 9.6347084 0.0015
21.400599 8.2033062 0.278
21.592121 8.1915779 0.25980151
25.454111 8.0291271 0.27967268
28.009939 8.1006432 0.35802981
-0.014923828 8.4463921 0.38545504
3.2552086e-07 8.3359041 0.35449797
9.6684713 8.3513622 0.28723118
9.8389664 8.328723 0.2770623
10.091239 8.3661604 0.32600164
10.398501 8.3778172 0.30303806
10.662741 8.3673182 0.30289519
10.908429 8.3833952 0.3031022
11.134803 8.399847 0.30300263
11.380612 8.3586483 0.30287763
11.632236 8.3760548 0.30287763
11.864559 8.3736649 0.30287763
12.137054 8.3803282 0.30287763
12.38895 8.3438339 0.30287763
12.619349 8.3798676 0.30287763
12.845992 8.3499937 0.30287763
13.128577 8.3733406 0.30303341
13.403041 8.3859653 0.30289522
13.626266 8.3531828 0.30287763
13.878027 8.3560019 0.30287763
14.155427 8.3191786 0.33941227
14.378216 8.3916502 0.37535021
14.629644 8.371665 0.3547681
14.883935 8.3857222 0.37466091
15.121737 8.3692932 0.35171086
15.364063 8.385149 0.30287763
15.618302 8.3511028 0.30287763
15.848369 8.3664513 0.30287763
16.094839 8.3757524 0.30287763
16.379471 8.3862886 0.30287763
16.667982 8.3686123 0.30287763
16.910564 8.3592596 0.30304429
17.125475 8.3806448 0.30295068
17.371323 8.3612814 0.30304429
17.626631 8.3923311 0.30327764
17.858147 8.408227 0.33317518
18.072287 8.3735323 0.29560617
18.323545 8.339982 0.30139458
21.240576 8.3011599 0.27800003
21.365032 8.3253269 0.26423821
21.618015 8.2928066 0.26506534
28.01252 8.3620491 0.39082891
-0.013500243 8.5949659 0.32794029
0 8.6557865 0.33963701
10.098039 8.6254883 0.33670747
10.370327 8.6294718 0.30287763
10.632046 8.6254349 0.30287763
10.887883 8.6090946 0.30287763
11.126329 8.6488075 0.30304432
11.38889 8.6147404 0.30287763
11.607677 8.6475725 0.30287763
11.845648 8.6134777 0.30287763
12.111317 8.6477833 0.30287763
12.39897 8.5962763 0.30287763
12.629402 8.5974894 0.30287763
12.897977 8.6128111 0.30287763
13.137158 8.6411724 0.30287763
13.373096 8.6200027 0.30303806
13.632792 8.6172962 0.30300224
13.895688 8.6367321 0.30289519
14.125316 8.6056156 0.30303806
14.367797 8.6007128 0.31586543
14.628324 8.6253433 0.37303689
14.878071 8.6359682 0.3442319
15.129472 8.6516972 0.30287763
15.381688 8.6265202 0.30287763
15.623971 8.6452579 0.30287763
15.853654 8.6329651 0.30287763
16.107327 8.6457472 0.30287763
16.363531 8.6418676 0.30287763
16.617531 8.6424332 0.30287763
16.898939 8.6342268 0.30287763
17.136164 8.6189842 0.30287763
17.388205 8.6234579 0.30287763
17.632965 8.6428604 0.30304432
17.87417 8.6398849 0.36349481
18 8.6258307 0.32651749
28.0144 8.6301241 0.38315547
-0.015440987 8.8905563 0.36297479
0 8.7973356 0.36306152
10.095923 8.8747349 0.33978921
10.406015 8.8757076 0.30287763
10.651972 8.8901234 0.30287763
10.899811 8.868721 0.30287763
11.136946 8.8680458 0.30287763
11.353769 8.8612537 0.30287763
11.58312 8.8817501 0.30287763
11.860329 8.8673506 0.30287763
12.116273 8.8910122 0.30287763
12.365946 8.8769188 0.30287763
12.6199 8.8578329 0.30287763
12.866186 8.8735046 0.30287763
13.111412 8.9104118 0.30287763
13.352901 8.8784561 0.30287763
13.631015 8.8961763 0.30287763
13.853308 8.8706522 0.30287763
14.099613 8.8872995 0.30287763
14.368941 8.8754063 0.30287763
14.615796 8.8890486 0.30287763
14.861465 8.9012976 0.30287763
15.122564 8.869627 0.30287763
15.380879 8.8981886 0.30287763
15.61955 8.8761177 0.30287763
15.868603 8.8869781 0.30287763
16.103804 8.8457708 0.30287763
16.403616 8.8883591 0.30287763
16.636055 8.9003935 0.30287763
16.868744 8.8967447 0.30287763
17.1026 8.8733473 0.30287763
17.362755 8.904726 0.30287763
17.630342 8.8837385 0.30287763
17.854042 8.8667583 0.35578302
18 8.8906517 0.33827865
27.999998 8.9240742 0.35275501
28.010489 8.8513222 0.34571403
-0.017351953 9.1189327 0.34968588
10.092057 9.1475468 0.33690974
10.37536 9.1396961 0.30300263
10.638836 9.1015625 0.30287763
10.871265 9.1338301 0.30287763
11.10649 9.1225863 0.30316335
11.391606 9.1391811 0.30287763
11.635764 9.1353245 0.30287763
11.893987 9.1324549 0.30287763
12.150116 9.1190672 0.30287763
12.365886 9.1370792 0.30287763
12.623188 9.1497278 0.30287763
12.884336 9.1191502 0.30287763
13.15226 9.1298094 0.30287763
13.365692 9.1294565 0.30287763
13.627315 9.1291456 0.30287763
13.894913 9.1302023 0.30287763
14.126258 9.1452599 0.30287763
14.359195 9.1230068 0.30287763
14.639094 9.1216125 0.30287763
14.863742 9.1423397 0.30287763
15.108999 9.1112766 0.30287763
15.344934 9.1359262 0.30287763
15.628263 9.115634 0.30287763
15.876914 9.1429873 0.30287763
16.133627 9.1064634 0.30287763
16.38217 9.1138124 0.30287763
16.661819 9.1541462 0.30287763
16.882465 9.1449728 0.30287763
17.116905 9.1154461 0.30287763
17.344202 9.1142693 0.30287763
17.616449 9.135685 0.30287763
17.882126 9.1175776 0.35721132
18 9.1401806 0.35796934
28.010578 9.1310301 0.36243394
28.718407 9.129632 0.39637297
28.875687 9.0765085 0.37458569
18.114006 14.632372 0.10147946
18.379021 14.62988 0.1015
18.62792 14.631232 0.1015
18.902084 14.62668 0.10930769
19.129286 14.644816 0.10930769
19.354473 14.599996 0.092272721
19.610588 14.625248 0.094733328
19.880091 14.61745 0.093692303
20.122179 14.628029 0.093692303
20.384483 14.626038 0.086999997
20.645332 14.637633 0.10930769
20.876076 14.63764 0.12507692
21.143753 14.62956 0.10157143
21.38829 14.633293 0.10157143
21.622768 14.614094 0.086999997
21.873903 14.623563 0.09384615
22.103718 14.623776 0.081299998
22.371122 14.633894 0.10826667
22.634722 14.621426 0.10157143
22.887564 14.624412 0.093692303
23.133394 14.593989 0.11841666
23.376461 14.621977 0.10938461
23.618593 14.619504 0.078076921
23.865116 14.599532 0.10938461
24.136042 14.647903 0.1015
24.32617 14.615097 0.077793613
24.569996 14.625731 0.06716527
24.857674 14.63674 0.0020000001
25.128029 14.619241 0.0024000001
25.364546 14.662054 0.0023999999
25.612398 14.59265 0.0015
25.880531 14.63617 0.0012000001
26.137306 14.566242 0.0022499999
26.378986 14.617354 0.0020000001
26.634031 14.616484 0.092366137
26.876694 14.606073 0.031624999
27.127293 14.635699 0.025
27.352051 14.629001 0.090804033
27.619804 14.622617 0.10952511
27.899931 14.631233 0.022773122
28.085236 14.630268 0.077491917
28.37999 14.635517 0
-0.38220292 14.886436 0
-0.11640017 14.853693 0.046199117
0.10460234 14.937046 0.091879085
0.34633741 14.871675 0.065722898
0.66574878 14.867602 0.066664435
0.85773015 14.898071 0.0015
1.0920161 14.917332 0.0022499999
1.4005096 14.848781 0.0021428571
1.60123 14.884275 0.0015
1.8899283 14.876155 0.0021428571
2.0837955 14.861647 0.059511352
2.4166663 14.895069 0.10712419
2.6355793 14.89035 0.001
2.835355 14.876369 0.083412543
3.0916319 14.848758 0.11013836
3.361001 14.869371 0.12972727
3.6273277 14.857656 0.14299999
3.8768044 14.874594 0.093181811
4.1178679 14.877742 0.11319787
4.3958249 14.882109 0.085166663
4.6167245 14.88921 0.090888888
4.8707376 14.855701 0.12954545
5.1166711 14.895023 0.087399699
5.3529959 14.873926 0.1228
5.6146317 14.86357 0.12538461
5.8949714 14.886946 0.1016
6.1491561 14.843349 0.090888888
6.3655653 14.873885 0.093454547
6.6259818 14.869208 0.11127272
6.8653665 14.862207 0.092363633
7.1290245 14.890216 0.13527055
7.3683238 14.862863 0.12282982
7.6029487 14.849548 0.1425
7.8950853 14.886713 0.1221
8.1278906 14.868364 0.11099999
8.3461142 14.846635 0.119
8.6365528 14.860656 0.12239999
8.8777685 14.891042 0.11685704
9.133357 14.87243 0.12954545
9.3874207 14.86512 0.087255828
9.6259069 14.837239 0.11344444
9.8708878 14.852456 0.11
10.113708 14.878319 0.1022
10.376776 14.857293 0.10174999
10.636124 14.859457 0.11354776
10.879067 14.88509 0.10030936
11.137698 14.86305 0.17774999
11.378637 14.885877 0.10892303
11.614784 14.855292 0.082199998
11.892366 14.887849 0.13950057
12.127616 14.85364 0.1015
12.344905 14.852801 0.1424
12.640196 14.880023 0.12945454
12.8671 14.858266 0.11163636
13.125199 14.855864 0.1428
13.384361 14.882389 0.12918182
13.608944 14.85418 0.083487555
13.860895 14.868138 0.15250298
29.62602 1.3424927 0.14749169
-0.37681893 1.6526362 0
-0.088110767 1.6324625 0.04313482
0.084069781 1.6349305 0.030755671
0.37896332 1.6373858 0.074283458
0.64751112 1.6170955 0.086437076
0.87663805 1.6279827 0.025
1.1326191 1.6206003 0.035714287
1.3733206 1.6159484 0.097646348
1.6009356 1.6314136 0.0015
1.8701857 1.6493646 0.001
2.098496 1.605713 0.0024000001
2.368402 1.6281167 0.0015
2.6064723 1.6695112 0.0022500001
2.8977375 1.6232884 0.0015
3.130456 1.5747937 0.0015
3.3609605 1.6199777 0.0025714287
3.6213503 1.6280603 0.085436173
3.8691165 1.6392487 0.1015
4.14048 1.6281285 0.086999997
4.3811469 1.6257614 0.116
4.6495485 1.6207983 0.1015
4.8757815 1.6284667 0.095529407
5.1331239 1.6300313 0.116
5.3759046 1.610072 0.073818177
5.6122422 1.6205711 0.10930769
5.8735609 1.6243048 0.116
6.1280913 1.604525 0.1015
6.3806458 1.643761 0.1015
6.6318989 1.6318935 0.084583327
6.8725371 1.6248732 0.10930769
7.1199427 1.6217046 0.093692303
7.3662281 1.6204154 0.092272729
7.6030073 1.6287725 0.092272721
7.8700309 1.626593 0.11602572
8.1192255 1.616654 0.10930769
8.3733845 1.6459036 0.086999997
8.6242428 1.63792 0.116
8.8756075 1.6342347 0.078076921
9.1320124 1.6310366 0.1015
9.3674774 1.6034086 0.11425
9.6103907 1.615189 0.1015
9.8796911 1.623312 0.084583327
10.127199 1.6387839 0.1015
10.381783 1.6334519 0.09369231
10.623351 1.6287427 0.094733328
10.877446 1.6291895 0.072499998
11.11267 1.6166563 0.1015
11.380032 1.6088707 0.10930769
11.63225 1.6170741 0.0888125
11.889658 1.6286005 0.10930769
12.117231 1.6379009 0.084583327
12.383823 1.6458023 0.116
12.622968 1.6163925 0.078076921
12.867482 1.6213619 0.10930769
13.111187 1.6390183 0.093692303
13.360289 1.6162398 0.10930769
13.627862 1.6280973 0.095529407
13.87703 1.626148 0.09373869
14.12702 1.6069088 0.063347004
14.363099 1.6012298 0.051703751
14.614635 1.6339664 0.038765766
14.870261 1.5950644 0.0022467044
15.133588 1.5916011 0.0015
15.366634 1.6668963 0
15.580596 1.6107626 0.00060000003
15.858788 1.6223403 0.0020000001
16.159576 1.6044511 0.056953277
16.355631 1.6151532 0.079523869
16.619549 1.6300681 0.089749999
16.853531 1.6381103 0.11277777
17.124817 1.6307534 0.14763635
17.38937 1.6136985 0.1224
17.610659 1.627323 0.1221
17.873423 1.6177185 0.11841666
18.136406 1.635361 0.12945454
18.401293 1.6317579 0.10976923
18.62034 1.6203994 0.1424
18.87854 1.6444255 0.10174999
19.105768 1.620698 0.11127272
19.373856 1.6398072 0.11311111
19.612873 1.643504 0.13599999
19.890171 1.6395496 0.1218
20.129732 1.6388407 0.10976923
20.390867 1.6242326 0.11866666
20.611782 1.6046106 0.13533333
20.904045 1.634401 0.1424
21.140436 1.6242392 0.11154545
21.378645 1.6346312 0.15262499
21.612852 1.6209015 0.12918182
21.859726 1.6292017 0.10866667
22.132948 1.6268338 0.1227
22.391556 1.645511 0.11099999
22.64959 1.6235341 0.052999999
21.405693 9.6511221 0.0017142857
21.63574 9.5799675 0.0023999999
21.826797 9.5613594 0.0019999999
22.095264 9.6491346 0
22.353447 9.5860262 0.001
22.594458 9.6103001 0.00099999993
22.940039 9.5981998 0
23.115696 9.6582546 0.0022500001
23.355968 9.6179819 0.0015
23.605915 9.6250477 0.0015
23.839828 9.6107521 0.0018
24.131977 9.6414757 0.0020000001
24.401005 9.6779051 0.00059999997
24.649988 9.6178474 0.0020000001
24.891764 9.6101456 0.0018000001
25.109062 9.6282644 0.00075000001
25.395939 9.6538153 0.0022499999
25.626476 9.590724 0.00075000001
25.890718 9.6153755 0.0018
26.078337 9.6221228 0.003
26.351774 9.6270561 0.0015
26.625908 9.6526499 0.0020000001
26.838585 9.5967846 0.0018
27.141161 9.6263466 0.00075000001
27.37669 9.6283493 0.0015
27.659727 9.6288872 0.0015
27.850723 9.6428404 0.0024000001
28.063702 9.6272793 0.068444535
28.360641 9.615901 0
28.723064 9.6311464 0.10750989
28.906916 9.6294756 0.076693125
29.145271 9.6202946 0.053846151
29.396832 9.6197414 0.046153843
29.625895 9.6318188 0.044444442
29.885769 9.6118069 0.08191938
-0.36856005 9.8849449 0
-0.082696147 9.8746786 0.061521281
0.071023576 9.8887672 0.04792333
0.38404101 9.8641739 0.0020000001
0.64913535 9.8517981 0.0023999999
0.91180992 9.9078188 0.0020000001
1.1249133 9.8530035 0.0012000001
1.3857852 9.8556261 0.0012000001
1.6110094 9.9010725 0.001
1.9030232 9.8232861 0.0015
2.3683732 9.8733368 0.0018
2.5987465 9.8340006 0.0015
2.8496132 9.8336287 0.11704185
3.0762403 9.8965893 0.076941736
3.4048874 9.8866301 0.0061979368
3.6281548 9.8593626 0.0015
3.8813646 9.8815289 0.0051050717
4.135344 9.8735132 0.0038627128
4.3713036 9.8896265 0.0074764481
4.6541901 9.8691959 0.0061369054
4.8761201 9.8886595 0.0065297871
5.15166 9.9001837 0.0097921155
5.4036722 9.8874626 0.11285484
5.6233478 9.8696966 0.00075000001
5.8591137 9.8755817 0.0017142857
6.1084123 9.8720703 0.00075000001
6.408843 9.9020853 0.0022499999
6.6262064 9.916317 0.0020000001
6.8642626 9.8982906 0.0012857143
7.1406379 9.8414936 0.0012000001
7.3874178 9.9135075 0.0022499999
7.6728926 9.8646984 0.0018000001
7.8671465 9.8306484 0.0020000001
8.1466942 9.8577223 0.0018
8.3040867 9.9350271 0.003
8.5833454 9.8677311 0.0012000001
8.8584108 9.8895864 0.00099999993
9.1054859 9.9413939 0.0022499999
9.352541 9.8784056 0.0021428571
9.6180725 9.8360281 0.00075000001
9.9404249 9.8492899 0.0012000001
10.170315 9.8526707 0.084215291
10.367913 9.8919716 0.083720155
10.602807 9.8841162 0.018788567
10.891928 9.8934946 0
11.131482 9.8887501 0
11.381518 9.871912 0
11.644114 9.8529453 0
11.86683 9.8723383 0
12.121516 9.8911285 0
12.377785 9.8756886 0
12.62394 9.888319 0
12.882847 9.8821163 3.1097336e-17
13.138182 9.8811722 2.1383595e-17
13.35309 9.885828 4.8155742e-17
13.591194 9.8952589 1.7665981e-17
13.854887 9.8774614 5.0653228e-18
14.105511 9.8775787 0
14.374857 9.8519278 0
14.644197 9.8432732 0
14.865753 9.8866816 0
15.117073 9.8859777 0
15.367071 9.8663177 0
15.628155 9.8758554 0
15.859888 9.8809109 0
16.124962 9.8807449 0
16.395933 9.8439808 0
16.631559 9.8905478 0
16.89423 9.8693752 0.073323369
17.116936 9.8876772 0.085288875
17.362385 9.8585711 0.096059225
17.629154 9.9036036 0.066966742
17.875122 9.8918943 0.081094779
18.07308 9.8302717 0.070988618
18.314594 9.8971138 0.0014999999
18.633898 9.9052544 0.0015
18.947432 9.8756618 0.0020000001
19.150585 9.8275785 0.0019999999
19.375198 9.8867073 0.0024000001
19.628752 9.8518944 0.0018
19.858297 9.933773 0.001
20.146088 9.8667965 0.0015
20.36607 9.8748789 0
20.587448 9.8727093 0.0024000001
20.893787 9.9044552 0.00050000002
21.10545 9.9200373 0.003
21.351934 9.861578 0
21.620785 9.8995886 0.00075000001
21.883986 9.8888712 0.0018
22.129375 9.9111147 0.00085714285
22.405556 9.8558388 0.0015
22.625723 9.8610172 0.00060000003
22.891937 9.8480902 0.0018
23.122704 9.8529778 0.001
23.330492 9.8428679 0.00060000003
23.606184 9.8805437 0.0018750001
23.858833 9.8721828 0.0011999999
24.132393 9.8844719 0.0024000001
24.394941 9.8914967 0
24.57831 9.833375 0.001
24.865515 9.8762989 0.0015
25.132238 9.8841925 0.00085714285
25.371147 9.9052515 0.0018000001
25.620598 9.8884468 0.003
25.814079 9.8633223 0.0022499999
26.10907 9.8888531 0.0012857143
26.386934 9.8520927 0.0020000001
26.65666 9.8530197 0.0024000001
26.886131 9.8695383 0.0018
27.146437 9.8815022 0.003
27.379387 9.8617725 0.00085714285
27.615963 9.8884802 0.001
27.833431 9.9004993 0.0018
28.076775 9.8779211 0.063052051
28.389351 9.8685436 0
28.718 9.888072 0.13700533
28.890827 9.8775482 0.075287931
29.130384 9.8803425 0.049999997
29.392406 9.8762789 0.046666663
29.622786 9.887269 0.045454543
29.900299 9.8695259 0.092795625
-0.37344483 10.155234 0
-0.081921391 10.103981 0.061149418
0.11724252 10.196673 0.02262607
28.891569 9.0449362 0.38998914
29.132504 9.0074997 0.35752267
29.380234 9.0074997 0.38601404
29.651995 9.0064287 0.38010991
29.910658 9.095994 0.38771719
-0.01732487 9.3663549 0.36396551
0 9.3102102 0.43270093
10.109357 9.3681545 0.33504012
10.369725 9.4095926 0.30307764
10.619243 9.34373 0.30287763
10.874507 9.3633099 0.30287763
11.146604 9.3764744 0.30287763
11.390389 9.3733101 0.30287763
11.659497 9.360527 0.30287763
11.839323 9.3791723 0.30287763
12.101074 9.365243 0.30287763
12.381912 9.3419361 0.30287763
12.625986 9.3804522 0.30287763
12.882605 9.3946066 0.30287763
13.119948 9.3708544 0.30287763
13.355377 9.3605843 0.30287763
13.609644 9.3781824 0.30287763
13.880585 9.3462296 0.30287763
14.135409 9.3899317 0.30287763
14.383759 9.3579979 0.30287763
14.620577 9.3792324 0.30287763
14.879886 9.3721561 0.30287763
15.131911 9.3786125 0.30287763
15.365285 9.3586178 0.30287763
15.633288 9.3709612 0.30287763
15.906487 9.4031725 0.30287763
16.114809 9.3731327 0.30287763
16.35836 9.3573656 0.30287763
16.617887 9.3603201 0.30287763
16.889681 9.369173 0.30287763
17.127172 9.3661308 0.30287763
17.37112 9.3833609 0.30287763
17.618093 9.3837662 0.30304429
17.881119 9.3735619 0.3594324
18 9.3597116 0.29828137
28.0135 9.3784943 0.37313095
28.718 9.3809881 0.39020249
28.908001 9.4086704 0.4013699
29.903 9.3825855 0.38297862
-0.014968994 9.623064 0.37574774
0 9.6360064 0.32319972
10.134866 9.6141624 0.34586057
10.352713 9.6462355 0.32910267
10.642372 9.6175413 0.30287763
10.867349 9.5962477 0.30287763
11.143126 9.6348886 0.30287763
11.37191 9.6099882 0.30287763
11.62442 9.6383343 0.30316335
11.881374 9.6491365 0.30287763
12.13868 9.6284161 0.30287763
12.364011 9.6193304 0.30287763
12.629238 9.6084309 0.30287763
12.86478 9.6208448 0.30287763
13.0981 9.6511383 0.30287763
13.373707 9.5996189 0.30287763
13.640995 9.6048498 0.30287763
13.847882 9.6139994 0.30287763
14.130576 9.6222935 0.30287763
14.372861 9.6184435 0.30287763
14.635766 9.6338282 0.30287763
14.874962 9.6040039 0.30287763
15.141044 9.6141548 0.30287763
15.386947 9.6094465 0.30287763
15.644308 9.6477661 0.30287763
15.86712 9.6307764 0.30287763
16.141369 9.6163673 0.30287763
16.377422 9.6347961 0.30287763
16.636768 9.6097984 0.33050758
16.853632 9.6294479 0.34333509
17.108906 9.6354151 0.33045384
17.354124 9.6417551 0.30287763
17.61113 9.6395941 0.30287763
17.858385 9.6334114 0.33772805
18 9.5816088 0.31337646
28.00861 9.6273813 0.34776834
28.718 9.6256371 0.39030915
28.908001 9.6344471 0.36875403
29.910307 9.6238327 0.36345193
-0.0096655274 9.9301939 0.37557739
0 9.8647594 0.36000249
2.8777151 9.9094048 0.29258779
3.0042589 9.8407364 0.28047967
5.4251156 9.8868456 0.2811985
10.205378 9.7929344 0.36847162
10.378684 9.8906403 0.34468469
10.620038 9.8735399 0.31073296
10.890938 9.841548 0.30287763
11.101177 9.8899651 0.30287763
11.364007 9.8680429 0.30287763
11.605898 9.895586 0.30302051
11.878872 9.8853245 0.30287763
12.129302 9.8766756 0.30287763
12.369926 9.8997974 0.30287763
12.626043 9.8536882 0.30287763
12.879833 9.8507957 0.30287763
13.113158 9.9003201 0.30287763
13.365322 9.8574772 0.30287763
13.6304 9.8545218 0.30287763
13.87527 9.8872881 0.30287763
14.112148 9.8478661 0.30287763
14.359348 9.8900785 0.30287763
14.632768 9.8836241 0.30287763
14.915359 9.8427334 0.30287763
15.148666 9.8783922 0.30287763
15.383844 9.8913097 0.30287763
15.603326 9.8660622 0.30287763
15.890801 9.8668089 0.30287763
16.146357 9.8908958 0.30287763
16.391132 9.8741846 0.30287763
16.621033 9.883564 0.30188084
16.870996 9.8274679 0.31333965
17.123062 9.8266182 0.34720087
17.363689 9.8774586 0.33652222
17.624825 9.9300928 0.33652237
17.864937 9.8858442 0.34062627
18 9.7847919 0.31981117
27.999998 9.8415289 0.406519
28.0072 9.9082775 0.32969263
28.718 9.9165869 0.38026452
28.908001 9.8749313 0.38728711
29.895693 9.8534603 0.38848776
-0.017999999 10.148827 0.36637574
0.12565359 10.197007 0.38675666
0.37131137 10.198218 0.39442515
0.61798441 10.168015 0.37391523
0.85810566 10.175565 0.34371263
1.1217966 10.174006 0.364326
1.3501937 10.186796 0.3684319
2.852093 10.119342 0.32018685
3.0232773 10.130228 0.30567271
5.42591 10.14003 0.32514629
10.449729 10.127215 0.34823129
10.608416 10.121537 0.322312
10.838724 10.093898 0.30287763
11.118448 10.142295 0.30287763
11.352928 10.096697 0.30287763
11.616311 10.117128 0.30287763
11.865498 10.157503 0.30302048
12.097253 10.103157 0.30287763
12.351235 10.145542 0.30287763
12.615934 10.143671 0.30287763
12.894856 10.116286 0.30287763
13.104223 10.133036 0.30287763
13.354096 10.116824 0.30287763
13.597681 10.09689 0.30287763
13.851948 14.775781 0.10256754
14.138021 14.870645 0.14988922
14.390901 14.847696 0
14.62594 14.832233 0
14.884279 14.875887 0
15.103411 14.870518 0.050249852
15.416777 14.850473 0.093240544
15.627283 14.856968 0.094866663
15.891222 14.861248 0.084615164
16.128082 14.872244 0.11072727
16.380739 14.86937 0.067749999
16.622398 14.882048 0.092272721
16.869116 14.876041 0.092272729
17.130394 14.861689 0.098790839
17.398893 14.866896 0.084583335
17.6339 14.877415 0.095711693
17.879517 14.863954 0.1015
18.130459 14.888539 0.096619084
18.363045 14.865222 0.1015
18.620211 14.851335 0.084583327
18.868938 14.861293 0.10164285
19.134321 14.873834 0.073818177
19.389988 14.859989 0.11579724
19.63674 14.870472 0.14219999
19.87528 14.852493 0.10158333
20.132154 14.86981 0.1015
20.367212 14.877043 0.1015
20.632339 14.863843 0.091117024
20.88389 14.864536 0.1015
21.12451 14.8593 0.092272721
21.368011 14.903419 0.09645427
21.621696 14.863057 0.12492307
21.861095 14.865264 0.088874996
22.132622 14.857736 0.11072727
22.368776 14.852468 0.084583335
22.627567 14.890977 0.098680027
22.894697 14.854593 0.1015
23.131083 14.863996 0.093692303
23.365177 14.878161 0.097911239
23.619967 14.864078 0.1015
23.868708 14.84584 0.078076921
24.123188 14.8717 0.11841666
24.355564 14.861304 0.055282708
24.559061 14.871106 0.063595772
24.839939 14.844802 0.0022
25.084747 14.885147 0.032608792
25.39255 14.833652 0.003
25.620026 14.865593 0.0024285715
25.897568 14.843412 0.0011666667
26.106678 14.886089 0.0015
26.383055 14.851927 0.021125115
26.616966 14.852671 0.084851123
26.894714 14.852659 0.060819142
27.113859 14.83742 0.088597693
27.358704 14.865446 0.062637776
27.641367 14.840815 0.098128527
27.869684 14.826839 0.068706483
28.08713 14.877425 0.056072079
28.376112 14.903336 0
-0.38275746 15.11384 0
-0.11202344 15.124347 0.012651645
0.098596528 15.055557 0.05976351
0.37788442 15.059959 0.06038532
0.61684227 15.046162 0.058251753
0.87142223 15.064838 0.060162351
1.1217204 15.053145 0.077631444
1.3648356 15.046515 0.060485695
1.6284293 15.050207 0.0759238
1.8758272 15.052458 0.063948192
2.1380215 15.065439 0.057665642
2.3683584 15.068559 0.063763313
2.6165969 15.062324 0.059891742
2.876056 15.056898 0.05444514
3.1436551 15.054543 0.064140841
3.3613808 15.06822 0.064537376
3.6038799 15.056601 0.058135703
3.8556242 15.050748 0.065348677
4.120151 15.057058 0.063266292
4.3730245 15.047787 0.07742545
4.6053352 15.048757 0.07446111
4.8677621 15.070798 0.063714378
5.1511135 15.059159 0.047758706
5.3883996 15.059476 0.061730728
5.6348448 15.071773 0.066054516
5.8748598 15.04537 0.075511344
6.1084118 15.038454 0.023809524
22.616453 1.6484849 0.12725
22.869461 1.6221006 0.12945454
23.117208 1.6146324 0.1015
23.373959 1.6011099 0.1015
23.626396 1.6268286 0.08742857
23.881416 1.6154429 0.14209999
24.124783 1.6214983 0.12945454
24.373787 1.602674 0.10174999
24.61729 1.622411 0.1021
24.895872 1.6372758 0.10283492
25.185251 1.6294326 0.07139007
25.395741 1.6268138 0.066400953
25.600479 1.6191014 0.065557353
25.925467 1.6341245 0.079571672
26.105318 1.6103138 0.0018
26.376183 1.6069131 0.0024999999
26.636448 1.6534754 0.0024000001
26.900614 1.6385031 0.00060000003
27.12142 1.6693989 0.0020000001
27.330076 1.6095015 0.082797773
27.658213 1.6371891 0.07963597
27.814716 1.6171635 0.0015
28.071236 1.6364726 0.088902965
28.365416 1.6310054 0.016945304
28.556408 1.5892638 0.062460333
28.861259 1.622363 0
29.123661 1.6494957 0
29.346329 1.6144234 0
29.612471 1.6048591 0.06474974
-0.38245606 1.8834199 0
-0.089327469 1.8584805 0.049691454
0.12011318 1.8584654 0.10122747
0.36961719 1.8838588 0.13381086
0.64379644 1.8904502 0.11205992
0.86744827 1.8580531 0.092326179
1.1118165 1.8473057 0.092630967
1.3797462 1.8307313 0.10236304
1.565832 1.829497 0.023909388
1.8925273 1.8371426 0.0018
2.1884525 1.8440386 0.0026666669
2.3984618 1.8555546 0.0031999999
2.5889642 1.8865896 0.001
2.8891652 1.885595 0.0014000001
3.1702685 1.8803635 0.0015
3.3785126 1.858187 0.0018
3.5959775 1.8685607 0.12126362
3.8738897 1.8805912 0.09384615
4.1304555 1.879968 0.093692303
4.3824725 1.8725308 0.10826667
4.6256399 1.8813082 0.1015
4.8532076 1.8896307 0.1015
5.1185532 1.8778406 0.09376923
5.3652024 1.8614044 0.116
5.6317768 1.8499371 0.093692303
5.8892517 1.86334 0.11644439
6.1371384 1.8705627 0.09938772
6.3643665 1.8894751 0.10468806
6.6262441 1.8842552 0.10724171
6.8817353 1.8727529 0.084583327
7.1182323 1.8855438 0.10068273
7.3750353 1.86474 0.114379
7.6143208 1.8479742 0.093692303
7.8720579 1.8792974 0.11591486
8.1327019 1.8800721 0.10158333
8.3782425 1.8832177 0.11607143
8.6299505 1.8725245 0.09376923
8.8899355 1.8734195 0.10930769
9.1387243 1.8747926 0.10733104
9.3834677 1.8850422 0.10946154
9.6267843 1.8788425 0.084666662
9.8653574 1.8565911 0.11357697
10.100717 1.8694909 0.1015
10.353441 1.874783 0.093692303
10.627879 1.8820636 0.1015
10.889242 1.8637723 0.10930769
11.124143 1.8702648 0.11072727
11.374945 1.8476264 0.093692303
11.633796 1.8683686 0.086999997
11.889332 1.8703165 0.092272721
12.146128 1.8729883 0.084583327
12.364087 1.8717161 0.093692303
12.628522 1.8794577 0.094733328
12.871739 1.8600054 0.093692303
13.124405 1.8755281 0.12631615
13.362784 1.8775145 0.089958936
13.622958 1.8965143 0.091599144
13.889275 1.8500991 0.11546741
14.125707 1.8565227 0.098409742
14.35936 1.8635319 0.091347873
14.607785 1.8677465 0.1042193
14.871749 1.8834517 0.1158687
0.12031489 10.105881 0.10615528
0.39054358 10.136641 0.091196485
0.60399628 10.142678 0.074991472
0.88696104 10.113742 0.068761632
1.1158233 10.126198 0.062025897
1.3889681 10.160165 0.09282551
1.6216557 10.123536 0.0018
1.8384414 10.188248 0.0015
2.1178298 10.086432 0.001
2.4033451 10.145756 0.00075000001
2.6389878 10.12687 0.0018
2.8127003 10.125088 0.089013763
3.0795753 10.136991 0.081344731
3.3579097 10.131011 0.030738231
3.6064839 10.123759 0.043455832
3.8732412 10.159642 0.042337246
4.1364241 10.13262 0.021896405
4.3915567 10.127887 0.029692318
4.6225028 10.131067 0.031052211
4.889349 10.138461 0.033566397
5.1124682 10.138068 0.035864521
5.3895283 10.127546 0.097656764
5.5722051 10.122648 0.00075000001
5.8493156 10.13059 0.00075000001
6.1410441 10.077425 0.003
6.3624754 10.114797 0.0017142857
6.630569 10.145495 0.0012857143
6.8791599 10.156551 0.0015
7.146862 10.146841 0.0018
7.3942041 10.081986 0.00099999993
7.5903411 10.141031 0.0018
7.869535 10.137974 0.0024000001
8.135766 10.119191 0.0020000001
8.3939772 10.132328 0.0012000001
8.5977974 10.092259 0.0022499999
8.8239574 10.106432 0.001
9.1518173 10.139924 0.0012000001
9.394187 10.091795 0.0015
9.6491461 10.115687 0.0025714287
9.9441605 10.13696 0.0022499999
10.142316 10.112877 0.0020000001
10.403563 10.104158 0.069249898
10.614368 10.138677 0.065955497
10.865788 10.129337 0
11.124139 10.128475 0
11.360193 10.114827 0
11.607328 10.156148 0
11.862961 10.12142 0
12.10791 10.155815 0
12.366565 10.133779 0
12.643334 10.149566 0
12.873302 10.12084 0
13.12976 10.087286 2.7590242e-17
13.387763 10.124516 3.2313635e-17
13.625511 10.13398 1.1254547e-17
13.88933 10.134377 6.4400932e-18
14.152209 10.134988 0
14.391753 10.109293 0
14.627077 10.1134 0
14.855124 10.106124 0
15.135283 10.115499 0
15.346312 10.110898 0
15.622461 10.0962 0
15.907804 10.124092 0
16.139277 10.135951 0
16.370098 10.155661 0.0806752
16.601294 10.158172 0.049237236
16.872021 10.118696 0.073714659
17.120016 10.141138 0.07324136
17.352293 10.095918 0.051214226
17.610035 10.106928 0.076389171
17.844296 10.092109 0.086979814
18.137527 10.131647 0.0020000001
18.377354 10.074803 0
18.608326 10.130257 0.001
18.921247 10.127255 0.0015
19.168987 10.129517 0.001
19.45001 10.17874 0
19.643894 10.126682 0.00060000003
19.878588 10.101311 0.0015
20.11285 10.131052 0.00060000003
20.364063 10.090448 0.00049999997
20.649803 10.148935 0
20.855442 10.119626 0.0015
21.097574 10.119325 0.0012000001
21.398449 10.189907 0.0015
21.581335 10.122908 0.0018
21.872129 10.15038 0.0020000001
22.116507 10.141235 0.00050000002
22.353075 10.12746 0.0012000001
22.615618 10.195632 0.00099999993
22.89748 10.11287 0.0011999999
23.093895 10.12917 0.0018
23.37167 10.156584 0.0015
23.605087 10.097112 0.0015
23.855322 10.115895 0.001
24.097958 10.160361 0.0020000001
24.408377 10.137929 0.0015
24.623959 10.127505 0.0015
24.936039 10.116249 0.0015
25.132399 10.15752 0.0024000001
25.352465 10.119891 0.0018000001
25.538366 10.106191 0.0022499999
25.923164 10.130906 0
26.085735 10.157454 0.003
26.410786 10.12345 0.003
26.624361 10.131044 0.003
26.849234 10.171933 0.0024000001
27.141998 10.118764 0
27.387756 10.131474 0
27.617823 10.112027 0.0017142857
27.869757 10.134405 0.00075000001
28.093758 10.126755 0.051141676
28.391972 10.117713 0
28.718 10.154171 0.12421586
28.89105 10.122054 0.073365159
29.124821 10.151244 0.084737055
29.357325 10.137459 0.077547655
29.629951 10.148798 0.068098761
29.904308 10.11963 0.094344065
30.13859 10.2 0.13159464
30.351002 10.2 0.11118705
30.624846 10.200646 0.10201875
30.87241 10.203767 0.084546089
31.131624 10.206425 0.094352745
31.38949 10.202665 0.090437017
31.65436 10.206553 0.10891576
-0.34456229 10.404605 0.06163384
-0.11205846 10.388244 0.093698069
0.11520866 10.381265 0.10675816
0.37423334 10.376348 0.11500505
0.62864417 10.344025 0.13162185
0.88315749 10.366347 0.064845622
1.1236398 10.353884 0.11125297
1.3819127 10.335938 0.055582818
1.6371657 10.377583 0.001
1.8702058 10.39382 0.001
2.1349473 10.366577 0.0018
2.381331 10.412484 0.0022499999
2.6361873 10.363153 0.0015
2.8296337 10.353323 0.086156607
3.082221 10.395426 0.077417605
6.1362391 15.066362 0.074349187
6.387537 15.039941 0.086713232
6.6092668 15.048751 0.075647235
6.8614082 15.056902 0.079016007
7.1151175 15.0646 0.051972371
7.3776722 15.047881 0.064174742
7.6321483 15.060094 0.072330095
7.8685708 15.061493 0.064889453
8.1357269 15.056562 0.049668182
8.3837843 15.043577 0.077880576
8.6307812 15.052986 0.080100991
8.874238 15.057693 0.06206413
9.1067371 15.063424 0.056545772
9.3721828 15.043287 0.051694248
9.6410837 15.053479 0.066915549
9.9025297 15.046204 0.071155079
10.11069 15.05123 0.078990556
10.368333 15.059247 0.06482853
10.616349 15.059677 0.069013819
10.880374 15.048403 0.086254738
11.123409 15.06746 0.052732222
11.350458 15.056757 0.07454741
11.616876 15.062317 0.066595398
11.872564 15.048675 0.056298982
12.133252 15.05276 0.055246264
12.358422 15.062262 0.082134612
12.614602 15.060521 0.069534406
12.87377 15.058858 0.059911743
13.121869 15.051545 0.074708499
13.363758 15.078205 0.075405963
13.603561 15.059675 0.066289842
13.870508 15.064958 0.062965378
14.137075 15.05898 0.047510087
14.385247 15.050478 0.072904013
14.626941 15.054474 0.074842408
14.873259 15.054905 0.066277191
15.128584 15.063045 0.055914793
15.396598 15.042068 0.07558687
15.632057 15.052123 0.067373298
15.872687 15.058828 0.058934581
16.128113 15.059583 0.061403085
16.385536 15.061978 0.065467492
16.641954 15.048653 0.065776818
16.876427 15.070265 0.063303955
17.115889 15.064864 0.05138997
17.386896 15.06 0.054305702
17.634893 15.062691 0.055402424
17.864799 15.073746 0.059825301
18.109474 15.066677 0.051653929
18.362442 15.070824 0.059069905
18.619402 15.046537 0.071265712
18.868895 15.053959 0.067158557
19.124237 15.069968 0.053283155
19.365421 15.056032 0.059316549
19.624702 15.040926 0.065524012
19.897669 15.051112 0.068259388
20.122831 15.077264 0.058000825
20.365711 15.040311 0.065919138
20.60401 15.059602 0.065909363
20.880589 15.050354 0.056568142
21.133705 15.053432 0.07094682
21.37484 15.076285 0.046549119
21.60425 15.057739 0.076237105
21.871815 15.050933 0.076140009
22.136101 15.064177 0.059126969
22.385248 15.061966 0.051637754
22.643517 15.093797 0.017857144
14.866302 1.8216274 0.039290704
15.133814 1.8862747 0.092658862
15.35772 1.8955337 0.070291512
15.613006 1.8578467 0.001
15.900905 1.8864448 0.00085714285
16.083641 1.8789183 0.0022500001
16.404133 1.8853629 0.075529039
16.667751 1.8597068 0.090555549
16.89679 1.8683293 0.11154545
17.114965 1.9008055 0.11127272
17.368509 1.8764161 0.10224999
17.633066 1.8731424 0.085083328
17.867186 1.8877244 0.10976923
18.112926 1.8758743 0.11377778
18.392099 1.8886321 0.12239999
18.618423 1.8797667 0.13566667
18.879862 1.8812376 0.079000004
19.095394 1.8582985 0.1424
19.373739 1.8590673 0.10224999
19.629675 1.8712515 0.13533333
19.87862 1.8707006 0.11891666
20.094202 1.8798153 0.093363635
20.369686 1.8684725 0.13558333
20.609945 1.8786266 0.11311111
20.867699 1.8581634 0.10999999
21.135971 1.8671826 0.13
21.366985 1.8705609 0.11891666
21.596859 1.8663683 0.093090907
21.87809 1.8723698 0.13
22.128746 1.9036356 0.11891667
22.357071 1.8675014 0.11891667
22.635693 1.8850565 0.14763635
22.881042 1.8722628 0.08742857
23.151396 1.8659898 0.102
23.392143 1.8555855 0.13092856
23.633251 1.8901817 0.12515384
23.899368 1.8579876 0.1021
24.115677 1.8779392 0.10179999
24.371548 1.8677118 0.11642857
24.632883 1.8660114 0.1221
24.895008 1.8683283 0.10746077
25.174635 1.8721639 0.081856996
25.365171 1.8800768 0.091016702
25.585222 1.8630317 0.071221359
25.922445 1.8660719 0.10236715
26.147663 1.8851733 0.0024000001
26.373322 1.8896632 0.0015
26.600229 1.8447003 0.0024999999
26.874022 1.8705243 0.0020000001
27.113039 1.8750956 0.0021428571
27.324114 1.8970731 0.079013668
27.663013 1.8802656 0.083234631
27.883844 1.8521459 0.0023999999
28.071196 1.8881594 0.065117687
28.402821 1.8452452 0.050104033
28.590202 1.8828157 0.069112174
28.880978 1.8738215 0
29.12446 1.8949584 0
29.399738 1.8825752 0
29.625942 1.875949 0.085785843
-0.3795597 2.1238515 0
-0.097833768 2.1166103 0.036277119
0.10135168 2.1300695 0.1295414
0.35866639 2.136379 0.12473468
0.61753047 2.1415656 0.12949768
0.85069132 2.1171257 0.078367911
1.1423308 2.1289072 0
1.3803838 2.1603265 0.003
1.6239707 2.0626059 0.0020000001
1.8814933 2.1329627 0.0015
2.1277556 2.1391268 0
2.3654728 2.1474071 0.0018416401
2.6271582 2.1101649 0.0015
2.8868155 2.1304481 0.0015
3.1231518 2.1704605 0
3.3236222 2.1207621 0.00060000003
3.6047959 2.1297679 0.093129456
3.8787208 2.1270609 0.10930769
4.139555 2.1239169 0.093692303
4.3873453 2.1216269 0.10826667
4.632453 2.1421854 0.116
4.8828907 2.1306763 0.078076921
5.144475 2.1266401 0.098484091
5.3894124 2.1071212 0.096089803
5.6229434 2.0688977 0.098022275
5.8593245 2.1316292 0.078565098
6.1123843 2.1074631 0.10264309
6.3765435 2.1144264 0.10312164
6.6167884 2.1150229 0.090692513
6.8769126 2.1230221 0.092073187
7.1163015 2.1130118 0.086237229
7.3591762 2.099371 0.092738569
7.6100607 2.0920966 0.085529581
7.8982806 2.0456984 0.045933366
8.1154528 2.0727727 0.047409095
8.3573961 2.0883398 0.024892706
8.652173 2.0516601 0.033928424
13.611265 10.170949 0.30287763
13.853415 10.091927 0.30287763
14.129973 10.107658 0.30287763
14.386229 10.126757 0.30287763
14.622516 10.14922 0.30287763
14.872713 10.101515 0.30287763
15.107394 10.135209 0.30287763
15.375139 10.137686 0.30287763
15.62634 10.11095 0.30287763
15.900641 10.136822 0.30287763
16.1343 10.141159 0.30287763
16.377399 10.118899 0.3254469
16.622438 10.13459 0.30601719
17.467159 10.018488 0.36426222
17.684605 10.085633 0.37653115
17.86216 10.088164 0.3752529
28.011328 10.143464 0.34895879
28.719196 10.141679 0.36815953
28.92943 10.149302 0.37783131
29.123384 10.215 0.35391152
29.371296 10.215 0.36320022
29.620228 10.215 0.3777357
29.906586 10.100677 0.37235913
30.112535 10.2 0.36416399
30.380211 10.2 0.35359445
30.614847 10.2 0.37241077
30.876963 10.2 0.37648892
31.120014 10.2 0.36940229
31.409899 10.2 0.34712571
31.70084 10.224193 0.34277555
-0.017999999 10.306743 0.31393045
0.12641813 10.324 0.37641424
0.3775171 10.324 0.39269465
0.58448511 10.30692 0.30561128
0.87749398 10.318379 0.35737798
1.1200535 10.347307 0.37223604
1.3442295 10.284908 0.36755469
2.8457956 10.394886 0.35698077
3.0131953 10.369753 0.33238536
5.4292555 10.38378 0.35952306
10.644055 10.346656 0.35001105
10.842023 10.379211 0.32267839
11.080239 10.370964 0.30304432
11.376276 10.369742 0.30287763
11.629793 10.378354 0.30287763
11.865622 10.383149 0.30287763
12.13596 10.379053 0.30312765
12.368635 10.386075 0.30287763
12.642253 10.390004 0.30287763
12.882359 10.367498 0.30287763
13.122221 10.374723 0.30287763
13.369109 10.378035 0.30287763
13.611041 10.341013 0.30287763
13.852924 10.371499 0.30287763
14.118594 10.359816 0.30287763
14.370687 10.380839 0.30287763
14.588399 10.367522 0.30287763
14.856506 10.376433 0.30287763
15.133727 10.380185 0.30287763
15.383571 10.361351 0.30287763
15.639343 10.402034 0.30287763
15.903852 10.373301 0.30287763
16.125006 10.372735 0.30287763
16.394829 10.341971 0.33626339
16.645655 10.367309 0.34692922
16.865068 10.39784 0.33023807
17.063482 10.468605 0.36225694
17.637133 10.400936 0.45415077
17.766989 10.281672 0.45300004
28.010286 10.365649 0.36019835
28.718 10.395096 0.38384178
31.463001 10.361259 0.37178379
31.639145 10.42107 0.25
2.8353877 10.633198 0.38479066
3.0247617 10.635783 0.33754474
5.3991947 10.62177 0.40135011
5.6017537 10.607529 0.36141562
5.8573356 10.605833 0.35752475
6.1009212 10.614925 0.37838641
6.3820128 10.618443 0.38645676
6.6372137 10.611084 0.36957327
6.9015551 10.606524 0.35911
7.1226645 10.619856 0.38969749
7.3612413 10.610941 0.36924544
7.6149468 10.616908 0.38293439
7.8928328 10.610044 0.36718702
8.1285944 10.623079 0.39709267
8.3844242 10.613484 0.3750799
8.6270323 10.608475 0.36358675
8.869915 10.61749 0.38426957
9.1263638 10.629342 0.38262358
9.3048468 10.705109 0.30213419
10.718097 10.525549 0.34837544
10.875999 10.619775 0.35470533
11.119717 10.62785 0.31293815
11.395533 10.635798 0.30287763
11.654158 10.61558 0.30287763
11.871311 10.621425 0.30287763
12.128513 10.634352 0.30287763
12.385901 10.614799 0.30287763
12.636229 10.634589 0.30287763
12.859563 10.619873 0.30287763
13.111835 10.624731 0.30287763
13.353702 10.614058 0.30287763
13.61756 10.609454 0.30287763
13.872896 10.630572 0.30287763
14.113327 10.637218 0.30287763
14.382023 10.655343 0.30287763
14.601292 10.631361 0.30287763
14.869432 10.646654 0.30287763
15.130771 10.626122 0.30287763
15.379489 10.631443 0.30287763
15.626534 10.639586 0.30287763
15.889057 10.594621 0.30287763
16.136084 10.642121 0.30304432
16.361637 10.620197 0.30287763
16.598921 10.63252 0.30287763
16.870468 10.611308 0.31756252
17.119665 10.617851 0.33039069
17.371239 10.645058 0.36040771
17.601301 10.667889 0.3794584
28.01236 10.636156 0.35026357
28.718 10.632668 0.36018032
31.497999 10.619343 0.3782433
31.600437 10.648559 0.25
2.8249724 10.890043 0.40970668
3.0230255 10.893589 0.39497221
5.3891759 10.887914 0.38194776
5.5894871 10.912519 0.41518646
9.407362 10.863658 0.39782438
9.5484924 10.952108 0.31657994
10.928758 10.826403 0.32168275
11.109189 10.891116 0.36088222
11.36939 10.894905 0.30287763
11.623772 10.846204 0.30287763
11.833263 10.860872 0.30287763
12.107449 10.893209 0.30287763
12.366662 10.862611 0.30304432
12.619916 10.891296 0.30298874
12.890942 10.870566 0.30287763
13.146322 10.882388 0.30287763
13.382688 10.885686 0.30287763
13.624865 10.892422 0.30287763
13.876736 10.884366 0.30287763
14.12358 10.899655 0.30287763
14.379666 10.888035 0.30287763
14.628791 10.844609 0.30287763
14.874337 10.87143 0.30287763
15.12024 10.909893 0.30287763
15.34432 10.884583 0.30287763
15.613742 10.867493 0.30287763
15.871032 10.82359 0.30287763
22.586882 15.049873 0.11983836
22.867687 15.030248 0.069914944
23.13311 15.068971 0.051492818
23.398127 15.052361 0.061719168
23.629333 15.080305 0.055781279
23.868406 15.047507 0.064999752
24.126553 15.064655 0.056324828
24.387506 15.043667 0.077137329
24.620882 15.069778 0.070448823
24.867104 15.05863 0.06498538
25.124063 15.075301 0.051512264
25.38093 15.052845 0.066108286
25.636456 15.062316 0.070602916
25.871637 15.073118 0.04785955
26.114414 15.047147 0.07517419
26.370001 15.066581 0.072365716
26.629345 15.056303 0.07031557
26.885437 15.059312 0.057011373
27.121773 15.044404 0.077678598
27.378794 15.052617 0.063590631
27.63641 15.049914 0.060654286
27.85125 15.048347 0.080338247
28.084127 15.081829 0.046382006
28.382595 15.135665 0
-0.34606367 15.352583 0
-0.12020976 15.386872 0
0.10838232 15.36773 0
0.36317483 15.365932 0
0.63749862 15.387841 0
0.89622754 15.39382 0
1.133486 15.3592 0
1.3825971 15.382966 0
1.6320432 15.350814 0
1.8644313 15.363268 0
2.096662 15.364428 0
2.3959665 15.407795 0
2.614116 15.362371 0
2.8607931 15.382413 0
3.0885148 15.38513 0
3.3771739 15.384258 0
3.626862 15.371908 0
3.8783855 15.367436 0
4.1266546 15.367208 0
4.3869104 15.37257 0
4.6565509 15.366014 0
4.8975391 15.368603 0
5.1073117 15.353106 0
5.3859539 15.37804 0
5.6292992 15.371943 0
5.8985744 15.366348 0
6.1094398 15.383431 0
6.3649158 15.361742 0
6.6306744 15.36538 0
6.8657293 15.376366 0
7.14182 15.367567 0
7.3854594 15.343542 0
7.6516171 15.377689 0
7.8854227 15.371345 0
8.1280632 15.371817 0
8.3609133 15.359772 0
8.612504 15.380856 0
8.8679132 15.334524 0
9.1350288 15.360706 0
9.3741875 15.32844 0
9.6355829 15.382387 0
9.8478594 15.348267 0
10.126742 15.348247 0
10.376454 15.351906 0
10.620708 15.358562 0
10.874201 15.350274 0
11.174753 15.385329 0
11.361239 15.353022 0
11.620748 15.389129 0
11.87331 15.358328 0
12.126377 15.391246 0
12.399465 15.374704 0
12.641481 15.368248 0
12.88151 15.37505 0
13.121902 15.38957 0
13.345814 15.406355 0
13.622711 15.373649 0
13.874262 15.376339 0
14.130968 15.379724 0
14.392399 15.395603 0
14.629024 15.362185 0
14.850996 15.346033 0
15.128615 15.386713 0
15.376059 15.357161 0
15.629128 15.335254 0
15.896635 15.376391 0
16.140289 15.346283 0
16.358143 15.372788 0
16.625626 15.350198 0
16.893438 15.370776 0
17.138975 15.40222 0
17.373669 15.378058 0
17.610958 15.344651 0
17.882181 15.349363 0
18.129866 15.393929 0
18.407806 15.397796 0
18.644226 15.383224 0
18.854273 15.346296 0
19.130648 15.370942 0
19.33754 15.354464 0
19.624107 15.380712 0
19.873775 15.38476 0
20.147961 15.394005 0
20.395557 15.38351 0
20.652424 15.367983 0
20.863409 15.370461 0
21.11245 15.385242 0
21.410467 15.382595 0
21.624792 15.38475 0
21.842031 15.372913 0
22.157452 15.383864 0
22.398479 15.382449 0
22.615993 15.376392 0
22.886349 15.385854 0
23.135744 15.366048 0
23.343904 15.333637 0
23.596018 15.374809 0
23.859627 15.3927 0
24.101768 15.374433 0
24.354179 15.351673 0
24.630733 15.393049 0
24.880903 15.382829 0
25.128895 15.390595 0
25.347475 15.374848 0
25.595062 15.385404 0
25.852819 15.389215 0
26.136711 15.368056 0
26.375784 15.367599 0
26.646685 15.378817 0
26.873842 15.376204 0
27.121111 15.370848 0
27.381969 15.353403 0
3.1444964 10.373953 0.10585216
3.3913894 10.384906 0.058503859
3.6329021 10.396288 0.073022097
3.8580263 10.381527 0.039859746
4.1245584 10.352828 0.065122113
4.3718987 10.383395 0.059964385
4.6253591 10.370442 0.047627375
4.8811655 10.375266 0.058975555
5.1247797 10.361529 0.045363292
5.3859267 10.382736 0.096811272
5.6473479 10.428988 0.044878311
5.8824725 10.389551 0.020646891
6.1377635 10.370421 0.016361129
6.3800211 10.395303 0.03078586
6.6202741 10.430701 0.029012412
6.8350415 10.426672 0.028490644
7.1012993 10.422997 0.0088917492
7.36097 10.387716 0.013175732
7.6407475 10.421647 0.017628966
7.8744941 10.388988 0.019417895
8.1381769 10.423548 0.018009247
8.3808918 10.407684 0.018423535
8.6169338 10.410665 0.026033692
8.8847065 10.438051 0.023287829
9.128088 10.407319 0.023407558
9.344758 10.343871 0.00075000001
9.6491308 10.395559 0.0012000001
9.8937387 10.393822 0.0022499999
10.113575 10.385596 0.0015
10.382458 10.344584 0.0012000001
10.611475 10.340652 0.10582578
10.837543 10.383544 0.050856169
11.097869 10.340736 0
11.374395 10.366647 0
11.611008 10.409507 0
11.8749 10.378981 0
12.159619 10.413151 0
12.376736 10.393877 0
12.604231 10.401687 0
12.872862 10.379882 0
13.152761 10.354689 3.4175867e-17
13.385653 10.375817 4.2213253e-17
13.617535 10.3735 2.2914261e-17
13.87653 10.396092 3.7060194e-18
14.114524 10.369035 0
14.361109 10.367537 0
14.606133 10.389109 0
14.8578 10.360887 0
15.128742 10.408594 0
15.391383 10.387209 0
15.621439 10.377899 0
15.861071 10.364886 0
16.114605 10.376167 0
16.360767 10.356173 0.079327799
16.657347 10.385895 0.088062264
16.874157 10.344348 0.10492435
17.101732 10.394311 0.097819455
17.339182 10.375525 0.0093715135
17.587442 10.378074 0
17.853142 10.361234 0.0015
18.129871 10.315072 0.0023333335
18.410856 10.416614 0.00075000001
18.631289 10.352094 0.00099999993
18.893547 10.421048 0.003
19.127373 10.356791 0.00075000001
19.345402 10.431898 0.0015
19.613117 10.339214 0.001
19.88246 10.364132 0.0024000001
20.13372 10.358446 0.00075000001
20.352007 10.369925 0.0024999999
20.657871 10.3678 0.0015
20.877825 10.367173 0.00050000002
21.102623 10.351952 0.0012000001
21.411545 10.363016 0.003
21.67868 10.410479 0.0019999999
21.824486 10.328169 0.0016999999
22.086998 10.380518 0.0024999999
22.354267 10.357008 0.00060000003
22.607599 10.398522 0.0018
22.885809 10.36074 0.00050000002
23.162117 10.341133 0.00075000001
23.3692 10.415782 0.0015
23.611355 10.373015 0.0012857143
23.885296 10.427177 0.0024000001
24.142126 10.406824 0.0018
24.387051 10.375782 0.0015
24.649807 10.388039 0.0019999999
24.947878 10.407069 0.0015
25.140444 10.353971 0.003
25.360929 10.375268 0.0012857143
25.621801 10.391603 0.003
25.868391 10.372191 0.0012000001
26.119745 10.377687 0.0021428571
26.3592 10.386099 0.0018
26.626083 10.382037 0.0018
26.879358 10.381416 0.001
27.080997 10.354999 0.0015
27.387243 10.350443 0.003
27.586321 10.369343 0.0020000001
27.854801 10.36054 0.0020000001
28.070164 10.373013 0.07299567
28.388351 10.384609 0
28.719959 10.384878 0.092915282
28.875437 10.372281 0
29.108995 10.372396 0
29.37211 10.37466 0
29.608774 10.356812 0
29.862444 10.37047 0
30.101606 10.381855 0
30.363348 10.371363 0
30.645845 10.373372 0
30.900745 10.379587 0
31.133718 10.368902 0
31.396414 10.388371 0
31.664904 10.362674 0.059784293
-0.36564338 10.622969 0.10620645
-0.11926705 10.614424 0.10944924
0.1252539 10.625409 0.11372727
0.3839753 10.615823 0.11159094
0.64178401 10.622355 0.13088323
0.88868517 10.626851 0.01785359
1.1433333 10.616381 0.079396747
1.3897851 10.600224 0.11711308
1.6042538 10.634193 0.072391853
1.9016531 10.668195 0.0012000001
2.1277783 10.600313 0.0012000001
2.3598239 10.64398 0.0012000001
2.6915615 10.555992 0.0015
2.793112 10.588606 0.110191
3.1156936 10.618986 0.084003583
3.3810575 10.623019 0.081327759
3.6153693 10.63169 0.086385742
3.8697557 10.623389 0.072818249
4.109426 10.621517 0.073059686
4.3820114 10.621383 0.068054229
4.6301379 10.632874 0.072894715
4.8911777 10.64785 0.08843486
5.1878037 10.631392 0.097382329
8.5779781 2.0640357 0.061118476
8.8774319 2.0756557 0.057310473
9.1391001 2.1004531 0.030827468
9.3517685 2.0860243 0.042529847
9.6486578 2.1044943 0.083757356
9.8811188 2.1141818 0.11076327
10.138152 2.0902488 0.11221181
10.384852 2.1155074 0.10032005
10.625697 2.0977271 0.12263868
10.873159 2.0893395 0.10022135
11.132214 2.0891068 0.09920232
11.385001 2.0908549 0.10661684
11.633424 2.0893545 0.11893005
11.861568 2.0940614 0.11756343
12.121189 2.0930996 0.1225078
12.394958 2.0956044 0.088827826
12.618223 2.0978267 0.13351274
12.892026 2.0925887 0.112023
13.129038 2.0877707 0.096028402
13.358586 2.1058888 0.10860618
13.615502 2.0886085 0.12506422
13.890057 2.083864 0.12108316
14.122436 2.089016 0.10878538
14.366205 2.0804355 0.14691938
14.633633 2.0873334 0.12381797
14.882993 2.0831909 0.14685951
15.117467 2.0926294 0.14659986
15.372417 2.1085331 0.1125407
15.590113 2.1618896 0.088461086
15.87452 2.1421247 0.00085714285
16.106424 2.1312008 0.00075000001
16.397675 2.1413088 0
16.629482 2.0977418 0.10611609
16.865639 2.1441374 0.10857317
17.121954 2.1588056 0.099333756
17.362276 2.1301618 0.1307143
17.632586 2.1187489 0.11
17.868769 2.1327176 0.12945454
18.158602 2.1155491 0.11841666
18.374666 2.123945 0.085083328
18.620449 2.1103494 0.10976923
18.880287 2.1139586 0.10225
19.133228 2.1307952 0.13533333
19.374844 2.1134584 0.11127272
19.627783 2.130012 0.11127272
19.89101 2.1201174 0.11891666
20.127415 2.1274042 0.11891666
20.379982 2.1161778 0.12492307
20.627369 2.1125422 0.10175
20.861101 2.1248074 0.1025
21.141165 2.1174037 0.12972727
21.38587 2.1283565 0.11377777
21.616987 2.1180327 0.09254545
21.845177 2.1212664 0.11916666
22.130686 2.1354361 0.10976923
22.380709 2.1252613 0.1221
22.630247 2.0942466 0.111
22.882866 2.1258795 0.11891667
23.120117 2.1480846 0.11154545
23.382376 2.1319957 0.1427
23.630043 2.1171308 0.102
23.859421 2.1455731 0.09533333
24.104738 2.1130776 0.10926666
24.388729 2.1227257 0.12972727
24.63451 2.118623 0.1427
24.880381 2.1267776 0.099234149
25.147461 2.1258302 0.04487839
25.377317 2.1178761 0.10674701
25.602097 2.1058249 0.061811686
25.925316 2.1244354 0.077751517
26.118828 2.1164458 0.0020000001
26.368404 2.149801 0.0015
26.638433 2.0742011 0.0018
26.842232 2.199795 0.0020000001
27.064623 2.1241703 0.0015
27.322916 2.1364236 0.056749582
27.634499 2.1366386 0.069036834
27.868851 2.1134918 0.0018750001
28.059132 2.1356201 0.084447391
28.344551 2.1156275 0
28.573444 2.1282003 0.04695189
28.900898 2.1077418 0
29.151314 2.1380725 0
29.373232 2.1133018 0
29.627966 2.1334519 0.091260418
-0.38030973 2.3974211 0
-0.098660648 2.4057429 0.066852428
15.917143 10.899496 0.30287763
16.140091 10.863642 0.30287763
16.369917 10.884671 0.30287763
16.628435 10.875497 0.30287763
16.874048 10.879297 0.31505358
17.128912 10.912261 0.31320775
17.386915 10.879369 0.33220074
17.580204 10.831037 0.36574715
27.999998 10.902287 0.30466682
28.013004 10.907529 0.38807493
28.718 10.890646 0.38358626
31.48699 10.871993 0.41587991
31.585356 10.872063 0.25
-0.27904493 11.0725 0.27307695
-0.058144204 11.138631 0.31920746
0.13827564 11.188704 0.36340865
0.36122641 11.179661 0.33347955
0.59136134 11.180939 0.31852213
0.91044641 11.207223 0.41170731
1.1021149 11.185467 0.40364945
1.2894986 11.234129 0.32105368
2.8118141 11.124353 0.37814352
3.0247614 11.138194 0.34446129
5.6415572 11.111303 0.33239689
5.7813878 11.120558 0.45810923
9.6487217 11.104151 0.40526056
9.7728834 11.16997 0.31410185
11.162649 11.127184 0.34112468
11.371017 11.138056 0.32519549
11.623557 11.100739 0.30287763
11.8371 11.115532 0.30287763
12.11455 11.127319 0.30287763
12.348542 11.116985 0.30287763
12.60648 11.14322 0.30287763
12.870618 11.126227 0.30287763
13.108835 11.139805 0.30287763
13.364187 11.128198 0.30287763
13.620929 11.128365 0.30287763
13.851577 11.127549 0.30287763
14.090256 11.127393 0.30287763
14.370917 11.122585 0.30287763
14.626929 11.110546 0.30287763
14.866488 11.132253 0.30287763
15.119636 11.148802 0.30287763
15.386222 11.1081 0.30287763
15.61281 11.12974 0.30287763
15.875355 11.133642 0.30287763
16.122753 11.134533 0.30287763
16.391191 11.14038 0.30302051
16.633938 11.142611 0.30972481
16.873173 11.136411 0.35353473
17.116695 11.110083 0.36248976
17.342896 11.139247 0.36423656
17.52997 11.12279 0.34668642
24.370771 11.114134 0.37638083
24.5 11.143962 0.36706328
28.012001 11.160814 0.36181951
28.718 11.141866 0.3998121
31.497999 11.13085 0.40180099
31.580929 11.105229 0.25
-0.017999755 11.385969 0.33479726
0.13090827 11.356766 0.37176833
0.38744694 11.358173 0.37228248
0.612113 11.35154 0.36669275
0.87386078 11.350959 0.35642365
1.1357684 11.353649 0.34644529
1.3608559 11.329697 0.37090749
2.4798155 11.437197 0.31095022
2.6586957 11.417011 0.32624882
2.7747617 11.373347 0.36917031
3.0247617 11.402752 0.36862218
5.6531339 11.408225 0.34262776
5.7883825 11.347871 0.46440649
9.880106 11.316938 0.38324353
10.040335 11.440617 0.32916361
11.242913 11.275064 0.38146067
11.369843 11.356073 0.34637102
11.604513 11.402153 0.30960932
11.883547 11.382683 0.30304432
12.109354 11.376238 0.30287763
12.385993 11.384497 0.30287763
12.61457 11.378613 0.30302048
12.868231 11.394726 0.30287763
13.093636 11.381804 0.30287763
13.348646 11.351527 0.30287763
13.624949 11.409521 0.30287763
13.893913 11.361492 0.30287763
14.143384 11.378021 0.30287763
14.364911 11.383483 0.30287763
14.63305 11.383194 0.30287763
14.864406 11.356715 0.30287763
15.131785 11.375313 0.30287763
15.368245 11.401806 0.30287763
15.629886 11.383498 0.30287763
15.861723 11.383533 0.30287763
16.146669 11.359529 0.30302051
16.374422 11.366596 0.30287763
16.66535 11.368907 0.30873704
16.878416 11.405408 0.36858457
17.138533 11.360179 0.36937627
17.363501 11.377997 0.3560662
17.527061 11.389286 0.35181272
24.310516 11.373695 0.35070375
24.5 11.374907 0.38096577
28.0072 11.370508 0.36741892
28.722097 11.394606 0.36041996
28.871674 11.49 0.39351285
29.126062 11.49 0.37009671
29.355736 11.49 0.36932191
29.623013 11.49 0.35738695
29.880938 11.49 0.37501448
30.116495 11.49 0.36753267
30.362131 11.49 0.36350611
30.640026 11.49 0.37463045
30.881247 11.49 0.37128642
31.156866 11.49 0.37276205
31.426558 11.42836 0.39219454
31.647015 11.391345 0.29138699
-0.011248779 11.636113 0.41251096
0.1087262 11.615849 0.36426249
0.33851448 11.631701 0.30401295
0.61509347 11.710258 0.27280736
0.86237496 11.674391 0.2664831
1.0950781 11.670691 0.26583064
1.3794312 11.664445 0.26472938
1.6468718 11.675395 0.26666012
1.8791008 11.68605 0.26853907
2.1348367 11.679506 0.26735923
2.4300714 11.613626 0.3094179
2.6373889 11.61478 0.37934434
2.7733314 11.636354 0.36412692
3.0247614 11.624582 0.36940563
5.631752 11.633509 0.3233757
5.7824273 11.613091 0.45904389
10.168209 11.594076 0.37583011
10.281893 11.691191 0.35281974
11.444638 11.563157 0.3386308
11.61896 11.6021 0.35210192
11.857606 11.636783 0.30287763
12.115572 11.60162 0.30287763
12.372036 11.639639 0.30287763
12.622626 11.614288 0.30316335
12.877199 11.658068 0.30287763
13.095753 11.610643 0.30287763
13.355813 11.608894 0.30287763
13.614775 11.637609 0.30287763
13.895451 11.638682 0.30287763
14.116832 11.609948 0.30287763
14.32593 11.640623 0.30287763
14.616291 11.619084 0.30287763
14.888857 11.625901 0.30287763
15.124988 11.652042 0.30287763
15.392354 11.641447 0.30287763
15.611954 11.607235 0.30287763
5.0930448 10.635573 0.073914975
5.3642683 10.605749 0.08450567
5.6254716 10.583776 0.057601426
5.881588 10.603238 0.070316933
6.1278133 10.570754 0.10223862
6.3785834 10.606773 0.054320432
6.6161489 10.56635 0.07992065
6.8685551 10.594496 0.084444113
7.1214676 10.589961 0.070805989
7.3783808 10.586709 0.082957014
7.6207619 10.596985 0.06548737
7.8536291 10.595954 0.063928127
8.1417131 10.575231 0.10296678
8.3775673 10.577497 0.096293144
8.6331739 10.584784 0.067711174
8.8950233 10.579021 0.082513303
9.136899 10.565044 0.12368427
9.3866796 10.637935 0.068277776
9.650775 10.655194 0.0020000001
9.8417778 10.631295 0.00085714285
10.151903 10.65095 0.003
10.424869 10.638644 0.001
10.674855 10.583838 0.052624442
10.868923 10.609585 0.10337535
11.084545 10.64638 0.040968068
11.367233 10.62017 0
11.627782 10.634006 0
11.875672 10.626353 0
12.102948 10.641613 0
12.365327 10.657455 0
12.636291 10.63799 0
12.889951 10.628885 0
13.115662 10.631373 0
13.38077 10.610283 4.6998195e-17
13.611959 10.612106 2.8955841e-17
13.864739 10.634666 0
14.127501 10.611473 0
14.363929 10.644006 0
14.59794 10.623494 0
14.860251 10.640896 0
15.104366 10.638088 0
15.386263 10.636567 0
15.630013 10.648074 0
15.881134 10.610888 0
16.163055 10.617168 0
16.389633 10.640665 0
16.612755 10.627102 0
16.877428 10.584772 0.063601039
17.150681 10.613171 0.08179833
17.394966 10.638857 0.097552516
17.617468 10.653942 0.043390036
17.884373 10.702402 0.003
18.103096 10.593337 0.0020000001
18.384106 10.637669 0.0017142857
18.626537 10.599938 0.001
18.940067 10.62351 0.003
19.172846 10.643305 0.00075000001
19.407543 10.678424 0.001
19.60284 10.639252 0.0018
19.87537 10.595886 0.0018
20.131449 10.646397 0.0015
20.364979 10.627128 0.0017142857
20.610817 10.584532 0.0015
20.892315 10.619451 0.0015
21.114029 10.572865 0.003
21.394745 10.654125 0.00075000001
21.570837 10.603894 0
21.870829 10.617577 0.00085714285
22.103634 10.675941 0.0020000001
22.355509 10.653005 0.0018000001
22.642796 10.618669 0.00075000006
22.847603 10.607006 0.0024999999
23.155518 10.607756 0.00074999995
23.346996 10.629557 0
23.623852 10.654611 0.0015
23.877542 10.608044 0.0024999999
24.138771 10.651686 0.0015
24.375444 10.638475 0.0022499999
24.640142 10.650837 0.00059999997
24.882788 10.680884 0.0018
25.152567 10.622293 0.00099999993
25.347467 10.591089 0.0024000001
25.606194 10.658426 0.0015
25.847277 10.644629 0.0019999999
26.126114 10.593018 0.0024000001
26.34771 10.643404 0.0015
26.625778 10.610176 0.0012000001
26.843643 10.609373 0
27.116743 10.600664 0.0024000001
27.359007 10.62335 0.0015
27.638338 10.608503 0.001
27.86179 10.56775 0.0015
28.061672 10.633035 0.056749273
28.35733 10.618854 0
28.718 10.652588 0.1219933
28.872713 10.615889 0
29.126286 10.635735 0
29.377962 10.659473 0
29.627964 10.631093 0
29.892548 10.624271 0
30.116819 10.644252 0
30.371244 10.638759 0
30.606174 10.603224 0
30.843403 10.635634 0
31.104242 10.622478 0
31.397366 10.66434 0
31.698874 10.611124 0.08617568
-0.36931589 10.878704 0.10790175
-0.13413106 10.875044 0.1006
0.1410412 10.884292 0.1242
0.38793829 10.900486 0.145
0.64977151 10.870603 0.12726443
0.91972792 10.858202 0.037682593
1.1185206 10.874746 0.06509728
1.3626302 10.901259 0.12900001
1.6059986 10.901983 0.079269491
1.8981519 10.896708 0.0015
2.1358538 10.870785 0.0021428571
2.343673 10.910544 0.0020000001
2.6173 10.895339 0
2.8305938 10.868274 0.10044899
3.1007507 10.871126 0.12117013
3.3564832 10.900754 0.11582237
3.6103201 10.869082 0.094086505
3.8771894 10.874153 0.10083012
4.1531763 10.872237 0.11915582
4.3864264 10.871226 0.1211472
4.6639972 10.876392 0.14253727
4.8623519 10.860516 0.094256617
5.1221457 10.874852 0.081555858
5.3331938 10.873775 0.14087506
5.615118 10.877767 0.0015
5.8666797 10.882456 0.00085714285
6.1305132 10.922395 0.0012000001
6.3834538 10.896996 0.00075000001
6.6206074 10.871659 0.00050000002
6.8648882 10.849319 2.0842914e-13
7.1564088 10.861866 0.0020000001
7.3967528 10.898319 0.00075000001
7.6143894 10.858482 0.0015
7.8805799 10.873526 0.0020000001
8.1455936 10.863233 0.0012857142
8.3998737 10.87249 0.00075000001
-0.11731397 2.311233 0.068294838
0.098481819 2.3734424 0.089605153
0.38310215 2.3918722 0.12226702
0.61973518 2.352634 0.0125
0.87575018 2.3741028 0.021
1.1518313 2.3558197 0.0012000001
1.336807 2.3810802 0.003
1.5948365 2.4357927 0.0012000001
1.8664649 2.3512678 0.0015
2.1490541 2.4122419 0.0024416402
2.3955085 2.3524029 0.001
2.6114969 2.3884673 0.0015
2.8605268 2.3986201 0.0020000001
3.1574609 2.4413044 0.003
3.3671842 2.410291 0.0022499999
3.6126044 2.3647358 0.095893845
3.8752153 2.3675671 0.12499999
4.1212044 2.3748429 0.10930769
4.3787937 2.3799746 0.078076921
4.6240845 2.3988986 0.1015
4.8793278 2.381932 0.093692303
5.134233 2.3696871 0.093692303
5.3816533 2.3853703 0.1015
5.6424265 2.3543992 0.093692303
5.8735385 2.3896463 0.1015
6.1208296 2.384774 0.10826667
6.3885908 2.3729537 0.083571047
6.6380091 2.3949051 0.070715033
6.8838034 2.3755944 0.046902578
7.1286893 2.3653998 0.023365183
7.3804502 2.3798656 0.016014885
7.6058583 2.356668 0.0024097778
7.8482666 2.3785429 0.00116
8.089859 2.3876042 0.0015
8.3690109 2.3533258 0.0015
8.613245 2.3465183 0.0018999999
8.8645601 2.3889401 0.0012857143
9.0859098 2.3773217 0.0012000001
9.3711014 2.3679829 0.0030999999
9.6282225 2.379596 0.0012000001
9.89221 2.3680418 0.10389867
10.094208 2.3951311 0.063171923
10.380802 2.3979056 0
10.619627 2.3562448 0
10.876245 2.3858385 0
11.152815 2.3769562 0
11.406784 2.3663175 0
11.61948 2.3775055 0
11.897342 2.3662798 0
12.150336 2.36853 0
12.39455 2.402478 0
12.637358 2.3698659 0
12.848169 2.3716202 0
13.158992 2.3278341 0
13.343368 2.3653405 0
13.688653 2.4126825 7.4326306e-18
13.877853 2.3709693 7.733855e-18
14.137158 2.37819 0
14.3656 2.3972805 0
14.570125 2.2653668 0
14.877466 2.3579588 0
15.109665 2.4769216 0
15.365623 2.4035258 0
15.660948 2.3685989 0.10594342
15.839003 2.3886702 0.083352804
16.195766 2.3521221 0.001
16.355457 2.3890595 0.003
16.618439 2.3662989 0.0018941959
16.904985 2.3850079 0.024977753
17.126659 2.3792651 0.070072144
17.355232 2.3878136 0.12313572
17.610542 2.3688016 0.11072729
17.881815 2.3975132 0.11685715
18.118958 2.3756225 0.11841667
18.398428 2.3731925 0.094615385
18.623528 2.3789968 0.13566667
18.881701 2.3534799 0.1221
19.118618 2.3754528 0.10179999
19.374792 2.3595734 0.10224999
19.629204 2.406364 0.12239999
19.873224 2.3649132 0.093090907
20.093315 2.3738716 0.1221
20.373396 2.3736296 0.1016875
20.627438 2.3887229 0.1221
20.869289 2.3694613 0.087642856
21.12529 2.3572953 0.09392307
21.368444 2.3448691 0.11
21.594862 2.4021893 0.1221
21.845762 2.3589063 0.11916666
22.096043 2.398469 0.12918182
22.369576 2.3637288 0.12492307
22.640572 2.3768613 0.1016875
22.888491 2.3624253 0.1021
23.119528 2.3904324 0.11099999
23.369545 2.356555 0.14209999
23.639238 2.3871794 0.11
23.865402 2.3895333 0.13566665
24.119759 2.3553205 0.090888888
24.381556 2.393765 0.10192857
24.653118 2.377064 0.093090907
24.905952 2.3656952 0.12735401
25.183969 2.3902073 0.083636656
25.421652 2.336432 0.087797776
25.581453 2.4021266 0.071574427
25.880795 2.3686817 0.05782083
26.139418 2.3698447 0.0015
26.351002 2.3930149 0.0022499999
26.653128 2.3857772 0.0017142857
26.859829 2.3626139 0.003
27.092621 2.3268585 0.001
27.328842 2.3806639 0.079836935
27.679506 2.3974278 0.083357796
27.900917 2.4025199 0.0022499999
28.061489 2.3772776 0.072089054
28.371336 2.35903 0
28.556877 2.3861308 0.08403597
27.615168 15.376026 0
27.864885 15.363207 0
28.135265 15.377429 0
28.384663 15.400014 0
0.11111084 -0.017999999 0.33275995
0.38223436 -0.017999999 0.35738105
0.59809279 -0.017999755 0.41478929
0.90967482 -0.016241536 0.3403869
1.1244038 -0.011298828 0.38802084
1.4076302 -0.017999999 0.35554159
1.6334049 -0.017320996 0.3550384
1.8777285 -0.014400195 0.37813494
2.143476 -0.016853027 0.37708855
2.4073563 -0.015403686 0.38539374
2.611836 -0.017999999 0.42922497
2.8880031 -0.01537871 0.35365251
3.1227067 -0.018000163 0.37541571
3.3579354 -0.017135253 0.36324304
3.628149 -0.009260579 0.43980277
3.8843424 -0.011999999 0.35991183
4.1700125 -0.016590089 0.381569
4.400578 -0.017999999 0.37368956
4.6632786 -0.018000098 0.29758418
4.9025736 -0.011953491 0.40970767
5.1725998 -0.012411458 0.42151996
5.3690314 -0.0027983398 0.43999997
5.6175241 -0.016874267 0.4059813
5.8731847 -0.012778027 0.37979662
6.1110144 -0.017999999 0.33970863
6.4049168 -0.017999999 0.36728695
6.6802454 -0.012000162 0.36667329
6.8686905 -0.014534301 0.41911224
7.0772886 -0.014516275 0.34696817
7.3899226 -0.012031901 0.33975813
7.6820211 -0.018000122 0.34949321
7.8601327 -0.012225097 0.40401292
8.0724592 -0.014737793 0.35964233
8.3530369 -0.014494823 0.3298811
8.5572529 -0.017243775 0.34665149
8.8372421 -0.014470947 0.36890751
9.1376877 -0.013602538 0.38089669
9.3690128 -0.0076814778 0.36161992
9.6416006 -0.015000081 0.35437199
9.9237556 -0.013500121 0.39432251
10.061345 -0.016207844 0.35835722
10.442526 -0.017999999 0.35342127
10.608085 -0.012471558 0.3735297
10.860622 -0.017999902 0.36113578
11.137111 -0.011408752 0.35335076
11.386122 -0.011401733 0.36772412
11.601028 -0.017059639 0.35051602
11.85618 -0.013124512 0.39416018
12.123106 -0.012412841 0.38575757
12.354281 -0.011920288 0.42098421
12.640711 -0.017999837 0.35080123
12.839526 -0.012597819 0.38467145
13.129976 -0.015000081 0.36984798
13.316854 -0.0023320313 0.40014315
13.658421 -0.017999755 0.37904519
13.854553 -0.013190918 0.39558613
14.121292 -0.012978841 0.35495088
14.319712 -0.018000122 0.35256436
14.605403 -0.016002832 0.37616801
14.900094 -0.014445605 0.36096334
15.118698 -0.017222004 0.35827574
15.379631 -0.015446167 0.34441817
15.621817 -0.017997192 0.33452201
15.854144 -0.017012574 0.39012745
16.125423 -0.010458007 0.40761861
16.404724 -0.0060003251 0.2863479
16.631596 -0.010300781 0.39813647
16.871897 -0.013715137 0.38184088
17.150761 -0.010516846 0.44
17.421024 -0.017999999 0.26965839
17.623009 -0.0096831052 0.42777824
17.856684 -0.017999837 0.32681695
18.158548 -0.016018555 0.34946185
18.412807 -0.012000489 0.34296498
18.686117 -0.012000162 0.33032462
18.855 -0.013330322 0.38170052
19.128227 -0.015970604 0.34973931
19.391558 -0.015956543 0.3675606
19.601519 -0.017999999 0.35727438
19.850138 -0.014400097 0.34283718
20.089142 -0.014400195 0.35102865
20.29357 -0.017999999 0.3143467
20.622681 -0.015896646 0.43083331
20.888571 -0.011378011 0.36062151
21.119566 -0.017332422 0.33360034
21.377962 -0.016689941 0.36642757
21.634436 -0.013894694 0.35599887
21.849686 -0.017999837 0.33378029
22.153563 -0.011253051 0.39734209
22.426704 -0.011766112 0.34014192
22.641989 -0.014106323 0.38328186
22.888365 -0.013734374 0.35202038
23.13073 -0.011760742 0.40216547
23.338808 -0.010827441 0.36683109
23.655695 -0.014400293 0.3475678
23.933371 -0.017999837 0.35324919
24.143726 -0.016581789 0.43605465
24.376476 -0.017278971 0.36457154
24.609985 -0.015965723 0.37900338
24.850021 -0.01362705 0.35992903
25.131481 -0.012000162 0.33089557
25.331522 -0.017999999 0.34215406
25.595346 -0.015489909 0.35672373
25.965376 -0.018000489 0.26549986
26.14159 -0.017999999 0.4333027
26.37994 -0.018000163 0.3292098
26.712029 -0.01457251 0.39426479
26.897888 -0.0097928056 0.41019049
27.298912 -0.016152995 0.3897945
27.5973 -0.012000162 0.34874752
27.796082 -0.0089999996 0.31323946
28.018 -0.0074448241 0.33872294
-0.017999999 0.080694333 0.37020266
0.098929219 0.086238541 0.37922329
0.36558414 0.066428572 0.36042088
0.64890802 0.089109704 0.36568442
0.88777053 0.077500001 0.38381505
1.1189845 0.088571429 0.37358552
1.3201435 0.076743275 0.34951138
1.6180904 0 0.35714287
1.8995721 0 0.35095674
2.1392226 0 0.3589569
2.3153605 0 0.34872305
2.615396 1.0850695e-07 0.3332144
2.8844223 0 0.35714287
3.1286411 0 0.34078318
3.3606296 0 0.35183209
3.6099927 0.079568356 0.35889351
3.8753579 0 0.33869693
4.1443768 0 0.3576434
4.3569574 0 0.32397336
4.5916905 0 0.37724823
4.8545313 0 0.34714162
5.1168399 6.1035159e-08 0.3403694
5.4010468 6.9754471e-08 0.35238904
5.6296921 0 0.31529579
5.8391962 0 0.35714287
6.1372681 0 0.35749635
6.3787432 0 0.36720002
6.6149659 0 0.34722248
6.8455963 0 0.34912536
7.1279187 6.1035159e-08 0.35788274
7.3823357 0 0.36382952
7.6310096 0 0.34845003
7.8914332 1.2207032e-07 0.34584081
8.1212015 0 0.34695724
8.3877659 0 0.37302047
8.6470041 0 0.37361616
8.857914 0 0.3456986
9.0535526 0 0.35435253
9.3492222 6.9754471e-08 0.35833597
9.6357594 0 0.36052442
9.8865938 0 0.33685723
10.162449 1.6276043e-07 0.34166351
10.334823 0 0.3444925
10.615234 0 0.35820052
10.893151 0 0.36367425
11.092257 1.6276043e-07 0.3591426
11.316743 0 0.33577362
11.60804 0 0.35714287
11.871633 0 0.3431074
12.148695 0 0.34327972
12.389765 0 0.34473309
12.625053 0.048026204 0.34784618
12.880812 0.083335705 0.35434523
13.120987 0.09178105 0.36794549
13.38007 0.07329876 0.39466298
13.604724 0.039827906 0.39304686
13.839617 0.071584433 0.37092254
14.123857 0 0.35564828
14.428697 0 0.34957826
14.629012 0 0.33570236
14.827732 0 0.35178411
15.101262 0 0.33864906
15.389228 0 0.36266285
15.636638 1.6276043e-07 0.35366589
15.860986 0 0.33961961
16.127172 6.1035159e-08 0.32702431
16.382885 0 0.37718302
16.646435 0 0.328567
16.926033 9.7656255e-08 0.33747616
17.119675 0 0.33978438
17.382809 4.8828127e-08 0.36088505
17.646971 0 0.34407663
17.844389 0 0.37158862
18.082113 0 0.36453307
18.361271 5.4253476e-08 0.35852909
18.627047 0 0.35746562
18.919518 0 0.35524657
19.110559 1.2207032e-07 0.33259508
19.329895 0 0.3654699
19.625702 0 0.35589278
19.936447 0 0.3580004
15.875144 11.616788 0.30287763
16.142666 11.63123 0.30287763
16.392172 11.607201 0.30287763
16.628963 11.640306 0.30287763
16.866764 11.61667 0.33298647
17.127127 11.606923 0.36173716
17.365063 11.608269 0.37475181
17.535227 11.633064 0.34783095
24.302013 11.6171 0.34612307
24.5 11.608515 0.34958446
27.999998 11.643545 0.38986981
28.018 11.602677 0.33105803
-1.6117897 11.885995 0.36713293
-1.3890084 11.866236 0.37262836
-1.1219369 11.862557 0.356406
-0.86869955 11.870443 0.37559792
-0.6142841 11.871319 0.38643011
-0.5 11.923404 0.3049975
-0.017999999 11.915098 0.38262403
0.084440187 11.871601 0.39748192
0.35535303 11.873785 0.33923003
0.61433786 11.852191 0.29783398
0.87562245 11.91752 0.37896886
1.1368127 11.872822 0.33206734
1.36589 11.902888 0.36686638
1.6207654 11.925214 0.36017758
1.8876942 11.920506 0.36275193
2.1384716 11.892728 0.30498186
2.3968432 11.881742 0.32300279
2.642621 11.866491 0.42372772
2.7715237 11.892882 0.37731075
3.0247617 11.864204 0.38023415
5.6500916 11.874846 0.3398883
5.7835922 11.904429 0.46009335
10.210097 11.961999 0.36588207
10.32694 11.8267 0.37852544
11.652592 11.835843 0.35550737
11.869616 11.872135 0.33220759
12.112662 11.870756 0.30287763
12.352256 11.86404 0.30287763
12.591155 11.882698 0.30300266
12.863333 11.89264 0.30287763
13.123013 11.8759 0.30287763
13.376849 11.860843 0.30287763
13.673776 11.84836 0.30287763
13.881436 11.882922 0.30287763
14.136786 11.887318 0.30287763
14.406356 11.841521 0.30287763
14.63105 11.859985 0.30287763
14.886343 11.867248 0.30287763
15.144176 11.867424 0.30287763
15.353929 11.898915 0.30287763
15.636604 11.856339 0.30287763
15.919601 11.861688 0.30287763
16.14325 11.865431 0.30307764
16.36965 11.887447 0.30287763
16.608639 11.868193 0.30287763
16.896544 11.88018 0.30287763
17.127083 11.838267 0.33351359
17.381615 11.835312 0.33434728
17.609606 11.889983 0.34466761
24.303776 11.900546 0.37614191
24.5 11.85685 0.36094442
27.999998 11.875439 0.43599814
28.0144 11.88819 0.33630386
-1.6181184 12.147006 0.35495523
-1.3632895 12.16153 0.40000001
-1.1222799 12.1117 0.40000001
-0.86888212 12.13897 0.40000001
-0.61282712 12.126136 0.40000001
-0.5 12.168025 0.31381965
-0.0090004876 12.183393 0.3497695
0.082317472 12.106289 0.42248338
0.35249141 12.127943 0.36280149
0.6666612 12.099782 0.357124
0.8878721 12.029725 0.30164692
1.1145215 12.021128 0.3228212
1.3440505 12.015306 0.33715814
1.591751 12.038288 0.28055626
1.8608068 12.027415 0.30733553
2.0927973 12.135348 0.36108831
2.4153228 12.10038 0.35167742
2.623981 12.11805 0.46808437
2.7747614 12.124163 0.3625733
3.0247617 12.119543 0.36870316
5.6659837 12.140998 0.35419801
5.7971268 12.177971 0.47227997
9.9762363 12.201212 0.42958844
10.07353 12.101693 0.33914816
11.894684 12.10713 0.35285076
12.132771 12.151271 0.31525606
12.370807 12.136787 0.30287763
12.633328 12.134468 0.30302048
12.880421 12.143692 0.30287763
13.124611 12.134485 0.30287763
13.381223 12.120591 0.30287763
13.626774 12.117993 0.30287763
13.879799 12.116036 0.30287763
14.130175 12.159079 0.3028776
14.384067 12.12768 0.30287763
14.628835 12.09734 0.30287763
14.871504 12.135984 0.30287763
15.122048 12.133406 0.30287763
15.385192 12.157283 0.30287763
15.630842 12.114768 0.30287763
15.862379 12.126146 0.30287763
16.115425 12.129393 0.30287763
16.355566 12.13797 0.30287763
16.637424 12.112545 0.30316335
16.879902 12.140863 0.30287763
17.135206 12.116192 0.30287763
17.398762 12.128359 0.30287763
17.648046 12.12492 0.35415432
17.825356 12.136329 0.35333255
24.303806 12.126433 0.38012177
24.5 12.101798 0.38154387
28.010208 12.139985 0.34217307
-1.6159805 12.391112 0.3654958
-1.3911779 12.368973 0.40000001
-1.1340207 12.386079 0.40000001
-0.850407 12.365024 0.40000001
-0.61792326 12.379214 0.39654139
-0.5 12.416512 0.30580378
-0.017999999 12.360765 0.26197606
1.9531251e-07 12.380801 0.37733921
0.35239914 12.395583 0.38106397
0.67412233 12.365252 0.3785463
2.1040056 12.385625 0.36941367
2.4079788 12.358747 0.37589166
2.5775244 12.420632 0.44995424
2.7747617 12.345582 0.35272601
3.0247617 12.386519 0.3763082
5.6568222 12.387373 0.34621817
5.7908316 12.402594 0.46661198
9.7219572 12.461311 0.37215787
9.8595839 12.320536 0.40384236
11.957707 12.295897 0.34730944
12.12749 12.380181 0.3425194
12.379624 12.375149 0.31915823
12.638391 12.372714 0.30277953
12.887336 12.388732 0.30196792
13.138741 12.407105 0.301696
13.370702 12.375431 0.30237943
13.63175 12.368442 0.30287763
13.884782 12.355735 0.30287763
14.162373 12.395789 0.30201676
14.378952 12.396854 0.30219066
14.614848 12.357208 0.30287763
14.854789 12.376418 0.30235341
15.08805 12.390849 0.30217952
15.357643 12.35795 0.30287763
15.603406 12.397924 0.30287713
15.856841 12.388392 0.30225894
16.154922 12.461 0.30287763
28.840179 2.3847866 0
29.106134 2.3481131 0
29.335253 2.4001205 0
29.609171 2.3693869 0.071253926
-0.38115746 2.6325164 0
-0.0940708 2.6274972 0.059262946
0.14293082 2.6496201 0.1001215
0.38818774 2.6328356 0.096999466
0.61759728 2.6486745 0.078497894
0.87044996 2.6562948 0.050588142
1.1481609 2.6295962 0.0015
1.3790159 2.587256 0.003
1.6387441 2.6586637 0.0018
1.8514519 2.5915694 0.0022499999
2.1121409 2.6387172 0.0024000001
2.3960059 2.6360748 0.0020694002
2.5909514 2.6404481 0.00050000002
2.8827822 2.6053939 0.003
3.1759043 2.6084816 0.0018
3.330657 2.6222005 0.001
3.595423 2.6130803 0.10388464
3.8837714 2.6130931 0.09376923
4.1161995 2.637989 0.093692303
4.3667226 2.6154425 0.10826667
4.6217613 2.6341004 0.086999997
4.8687391 2.6306267 0.1015
5.1221323 2.6096609 0.086999997
5.3571758 2.6364346 0.12918182
5.6250758 2.612891 0.1015
5.8861675 2.6294267 0.093692303
6.1270509 2.6384759 0.07688988
6.3771596 2.6143806 0.084086969
6.6270661 2.6308649 0.072219163
6.883122 2.6305587 0.040536556
7.1191053 2.6271658 0.034577619
7.3772407 2.6121745 0.00050000002
7.6201611 2.6789992 0.0015
7.8147807 2.608604 0.0018
8.1573601 2.6000485 0.00236
8.4027147 2.6181519 0.0032000002
8.5883904 2.5872908 0.0015
8.8209782 2.6353676 0.0015
9.1052189 2.6624656 0.0022
9.3630219 2.6695893 0.0020000001
9.5939426 2.6596651 0.0022500001
9.9101076 2.5978513 0.069346495
10.136531 2.6250639 0.088049486
10.330033 2.6697035 0.024543222
10.586218 2.6129503 0
10.857185 2.6236827 0
11.121855 2.6335998 0
11.361575 2.6177416 0
11.653992 2.616641 0
11.885515 2.6168525 0
12.083074 2.5988436 0
12.342608 2.5957527 0
12.5776 2.6055615 0
12.92267 2.5677805 0
13.136264 2.6218147 0
13.397352 2.6446955 1.1662333e-17
13.639747 2.6638312 2.2273621e-17
13.857468 2.6382899 1.1743919e-17
14.098176 2.6167018 0
14.379499 2.6307707 0
14.626202 2.673069 0
14.866676 2.6052797 0
15.120807 2.6250796 0
15.372519 2.6555076 0
15.650208 2.6258624 0.020063818
15.888943 2.6233516 0.085989803
16.094906 2.6369231 0.053954329
16.341793 2.6131558 0
16.611275 2.6411533 0.001
16.870457 2.6294556 0.0015
17.158075 2.6182311 0.042905521
17.370886 2.633647 0.082414716
17.634947 2.6042316 0.11403614
17.88456 2.6142652 0.10225
18.139282 2.6468401 0.10212092
18.378065 2.6059201 0.068648472
18.64679 2.5883012 0.066347294
18.913605 2.6371837 0.0018
19.142118 2.5730755 0.072617806
19.402519 2.5692105 0.087602101
19.631907 2.5963798 0.056921732
19.891468 2.5596139 0.10782094
20.107361 2.6230969 0.0020000001
20.354567 2.6405489 0.0012857143
20.618864 2.5527492 0.043752845
20.900032 2.579792 0.031710494
21.133604 2.6036246 0.051979523
21.396173 2.5566857 0.082059465
21.622707 2.5785632 0.050579682
21.878639 2.5755897 0.03535964
22.098274 2.6148121 0.031942666
22.434862 2.6503038 0.11360028
22.640171 2.6133158 0.11181818
22.888567 2.6053338 0.11916666
23.137756 2.6264613 0.10235714
23.381308 2.6148994 0.093923077
23.618477 2.6366646 0.1015
23.862871 2.6266627 0.10953846
24.105198 2.613292 0.12515384
24.380316 2.6320159 0.12945454
24.646328 2.623013 0.11866666
24.895283 2.6226273 0.097070493
25.189383 2.6425595 0.077759013
25.346481 2.5844033 0.0024000001
25.595694 2.6280694 0.063590996
25.935034 2.6147604 0.10991817
26.121788 2.6141906 0.0024999999
26.369467 2.5977862 0.00075000001
26.591997 2.5841718 0.0022499999
26.885405 2.5969641 0.0024000001
27.137985 2.5699372 0.003
27.319845 2.633759 0.065426625
27.648521 2.6264246 0.07272888
27.895208 2.615998 0.025274102
28.056038 2.6276088 0.076710023
28.360744 2.649024 0
28.572374 2.6169567 0.060187072
28.879177 2.6247249 0
29.136189 2.5914531 0
29.390844 2.636766 0
29.628689 2.6360941 0.07105004
-0.37693933 2.8714945 0
-0.091391385 2.8830884 0.058145951
0.097115539 2.8860078 0.100544
0.28253517 2.97 0.11440767
8.4047213 10.918638 2.066486e-13
8.621767 10.882377 0.0015
8.8581619 10.855113 0.00059999997
9.1396513 10.917549 0.001
9.393815 10.843867 0.055227067
9.6217127 10.904214 0.069587722
9.8773413 10.872612 0.00099999993
10.167948 10.922416 0.0019999999
10.316159 10.854126 0.0020000001
10.638832 10.86103 0.0018000001
10.880104 10.861822 0.050233774
11.127148 10.890321 0.10152432
11.375541 10.895627 0
11.617442 10.885238 0
11.869535 10.865607 0
12.128076 10.882904 0
12.372239 10.873995 0
12.60029 10.901079 0
12.855396 10.879893 0
13.104734 10.882042 0
13.346593 10.859142 1.7026093e-17
13.653167 10.876404 2.6202943e-17
13.892054 10.851181 7.9265864e-19
14.125128 10.894197 0
14.365729 10.880098 0
14.596394 10.889953 0
14.870586 10.881565 0
15.118937 10.85751 0
15.404639 10.89104 0
15.649438 10.889592 0
15.876707 10.85671 0
16.135723 10.851472 0
16.401056 10.889183 0
16.634039 10.877095 0
16.888016 10.895059 0.044986982
17.127815 10.918047 0.071233444
17.372972 10.880474 0.073221833
17.597649 10.901367 0.083426975
17.855759 10.873786 0.003
18.10733 10.867535 0.0021428571
18.359589 10.860632 0.0017500001
18.623915 10.883054 0.0018
18.922081 10.878889 0.001
19.145569 10.893986 0.0012000001
19.340168 10.867932 0.0020000001
19.637903 10.868206 0.001
19.9053 10.880577 0.0024999999
20.127491 10.864361 0.0015
20.366543 10.901213 0.00075000001
20.599527 10.892794 0.00075000001
20.878601 10.826739 0.0020000001
21.153891 10.869321 0.0012000001
21.416689 10.856976 0.0015000001
21.641333 10.87694 0.0031333333
21.875097 10.868508 0.0018
22.113737 10.927933 0.0012000001
22.364182 10.897472 0.0022499999
22.581802 10.868056 0.0015
22.859917 10.942673 0.003
23.148361 10.869275 0.0021428571
23.380091 10.885126 0.0019999999
23.613976 10.909534 0.0015
23.851295 10.872021 0.0022499999
24.138577 10.874541 0.00075000001
24.369234 10.895564 0.0015
24.592075 10.888546 0.001
24.857487 10.87143 0.001
25.114389 10.881835 0.0018
25.405811 10.858303 0.0024000001
25.604736 10.869314 0.00059999997
25.890209 10.860303 0.0020000001
26.133917 10.92626 0.001
26.391592 10.84372 0.003
26.620567 10.876803 0.0012000001
26.873135 10.867923 0.00075000001
27.147379 10.863015 0.0020000001
27.357004 10.89173 0.001
27.613165 10.842929 0.0015
27.862604 10.930686 0.0024000001
28.069315 10.861523 0.091163293
28.386871 10.87149 0
28.718008 10.919995 0.097664498
28.880157 10.888831 0
29.114691 10.888601 0
29.392752 10.892334 0
29.627779 10.888334 0
29.858896 10.885556 0
30.107943 10.881763 0
30.374353 10.84638 0
30.618229 10.8824 0
30.844448 10.844975 0
31.1222 10.879902 0
31.373396 10.868944 0
31.684715 10.873157 0.061736114
-0.35267881 11.096147 0.092415109
-0.11515436 11.117539 0.087433361
0.1032569 11.145758 0.13024887
0.37770295 11.138836 0.086092517
0.633183 11.125319 0.12066769
0.90118051 11.160532 0.076809928
1.1121086 11.130513 0.10264011
1.3521608 11.103002 0.091187924
1.6195773 11.114541 0.027694518
1.8623136 11.117324 0.0018
2.1326122 11.165963 0.0022499999
2.3723392 11.161839 0.00075000001
2.6440549 11.137793 0.0018
2.7882318 11.102605 0.079670496
3.0972412 11.113611 0.13068844
3.3823488 11.114055 0.10826666
3.6514595 11.121257 0.1427
3.8588178 11.096413 0.11072727
4.1059289 11.105533 0.102
4.3725605 11.129069 0.11
4.6369724 11.087414 0.13599999
4.8729377 11.106056 0.084833331
5.1230426 11.121328 0.1195
5.4082036 11.153861 0.12978335
5.6048484 11.097942 0.033370446
5.9184732 11.10073 0.0018
6.1576462 11.135544 0.00050000002
6.3764944 11.122027 0.001
6.6313348 11.105732 0.0015
6.8645368 11.112183 0.0022500001
7.1094723 11.118324 0.0020000001
7.3552685 11.135245 0.00050000002
7.6190491 11.121217 0.0024999999
7.890101 11.109519 0.0012857142
8.131464 11.116586 0.00085714285
8.3250809 11.10228 0.0012000001
8.6222115 11.149014 0.0018000001
8.8769732 11.076413 0.0012000001
9.1130114 11.104515 1.188933e-13
9.3815279 11.120183 0.00075000001
9.6465626 11.113293 0.034284711
9.8597813 11.139231 0.086092807
10.13413 11.119738 0.0012000001
10.379563 11.11175 0.00060000003
10.62426 11.082035 0.0011666667
10.882294 11.110645 0.001
11.124053 11.121025 0.079408966
11.369281 11.14844 0.066240072
11.609199 11.124162 0
11.883968 11.121858 0
12.150462 11.133061 0
12.369101 11.113674 0
12.622764 11.129402 0
12.894932 11.136581 0
13.11223 11.095876 0
13.343285 11.122527 4.0074909e-17
14.124807 8.1137495 0.61102498
14.368134 8.1216612 0.62094939
14.619479 8.1025639 0.64744014
14.863963 8.1171932 0.633991
15.056455 8.1794682 0.62675655
14.388095 8.3508873 0.61802351
14.607877 8.3808031 0.62626064
14.887519 8.387949 0.64230835
15.09097 8.3519459 0.60957128
14.705956 8.5623655 0.62293178
14.864882 8.5765657 0.60915184
28.718 9.1091032 0.62875158
28.895411 9.0798826 0.61855936
29.127625 9.0074997 0.59359741
29.400009 9.0120001 0.64899075
29.61507 9.0021429 0.62108183
29.895336 9.1032591 0.64321107
28.718 9.3607531 0.62511754
28.908001 9.3747921 0.63499409
29.918833 9.3847342 0.64640421
28.718 9.6280355 0.63592976
28.908001 9.6320381 0.63179255
29.910307 9.6226864 0.6234411
28.718 9.8805103 0.59480155
28.908001 9.8742733 0.64009392
29.911636 9.8795662 0.63480294
0.10929365 10.195538 0.62251735
0.37337816 10.198276 0.64006603
0.64645529 10.1572 0.60928667
0.85992646 10.158142 0.63793802
1.1151783 10.156957 0.64888728
1.3179362 10.19383 0.6192596
17.691082 10.198391 0.5077858
17.834869 10.16057 0.51300001
28.718 10.129883 0.63362622
28.908001 10.120589 0.58957326
29.129719 10.215 0.62835252
29.385698 10.215 0.63157392
29.624893 10.215 0.61648583
29.881178 10.105177 0.61246723
30.119324 10.2 0.61568844
30.35549 10.2 0.62296605
30.64415 10.2 0.61568153
30.889629 10.2 0.61802721
31.122843 10.2 0.63702285
31.399235 10.201662 0.55414724
31.748001 10.215181 0.65649271
0.096015766 10.315195 0.62646264
0.33879277 10.324 0.6039511
0.51492018 10.284087 0.60428673
0.89102161 10.331858 0.59408408
1.1060765 10.334085 0.60740823
1.2898946 10.277659 0.63120043
17.662882 10.424179 0.51300001
17.809212 10.298319 0.51300001
28.718 10.381462 0.64218581
31.247999 10.379627 0.60962808
31.401932 10.386849 0.5
5.6557169 10.704881 0.56746703
5.8873243 10.713828 0.60529757
6.1199555 10.711836 0.60172695
6.370398 10.700136 0.57429957
6.6223431 10.717142 0.6129005
6.8894081 10.707268 0.59074551
7.1371207 10.711747 0.60135663
7.3657475 10.706879 0.58935368
7.6115189 10.712385 0.60198736
7.9021373 10.712429 0.60271162
8.1465445 10.718246 0.615435
8.3598957 10.710247 0.59758157
8.5986595 10.702113 0.57913393
8.8605127 10.713969 0.60624665
9.067894 10.716574 0.61159706
17.486807 10.587832 0.50565326
17.622782 10.627697 0.51136661
28.718 10.630507 0.62972951
31.247999 10.633596 0.6065135
31.395613 10.667889 0.5
5.6528506 10.883485 0.59265065
5.876133 10.926311 0.6630255
6.155189 10.896327 0.68355179
6.4145193 10.952826 0.65323496
6.6464443 10.892108 0.68100458
6.9224424 10.914496 0.67813563
7.124464 10.914431 0.66625351
7.3476419 10.897583 0.67589879
7.6572857 10.898912 0.6730848
7.9083529 10.919015 0.67196703
8.1631384 10.913121 0.67669821
8.377162 10.903229 0.6937533
8.6267796 10.890904 0.69243169
8.8924408 10.886186 0.68549275
9.1403818 10.849543 0.66894007
9.3371553 10.914334 0.59406269
28.718 10.889141 0.62728888
31.247999 10.880177 0.62544215
31.33588 10.912379 0.5
0.096771605 11.214121 0.62460738
0.37690023 11.214 0.59828281
0.51491892 11.215466 0.55655861
0.88127226 11.195815 0.63110656
1.1031144 11.196186 0.64485782
2.8652916 11.16374 0.5137611
3.0247617 11.157967 0.51218408
5.9023085 11.111387 0.56024677
6.1111088 11.145467 0.60299999
6.3677711 11.100996 0.60299999
6.6392412 11.122797 0.60299999
6.8911109 11.109259 0.60299999
7.1268663 11.142926 0.60299999
7.4040771 11.116141 0.60314286
7.6515293 11.116582 0.60333335
7.8960209 11.103464 0.60299999
8.1212492 11.106491 0.60312498
8.3702517 11.156485 0.60314286
8.6130114 11.110047 0.60299999
8.8698387 11.148968 0.60326874
9.1374178 11.121443 0.64868915
9.3561106 11.117346 0.68332106
9.5710402 11.161517 0.62396288
16.946606 11.17145 0.63332379
17.139986 11.140727 0.65415043
17.251383 11.225756 0.65577877
24.373898 11.120167 0.63800901
24.5 11.11522 0.61595839
28.718 11.130428 0.61932981
31.247999 11.133654 0.6185832
31.363697 11.133819 0.5
0.1210611 11.339766 0.61677122
0.37658364 11.338643 0.62692934
0.60488671 11.367111 0.62764919
0.88201815 11.3766 0.63851124
1.0842513 11.372167 0.6073243
1.3115718 11.338001 0.61478627
2.8620076 11.386639 0.54073429
5.9050784 11.394829 0.56090415
6.1259398 11.364162 0.60299999
6.3471842 11.390732 0.60299999
6.6164007 11.382113 0.60299999
6.8678412 11.360538 0.60299999
7.1051145 11.376925 0.60299999
7.3832493 11.37861 0.60299999
7.6314044 11.38215 0.60345024
7.8498125 11.361058 0.60299999
8.1149559 11.384263 0.60299999
8.3859863 11.389795 0.60299999
8.6064816 11.38273 0.60299999
8.8562517 11.389286 0.60299999
9.1067085 11.371118 0.60299999
9.3653841 11.373044 0.62538594
9.6186123 11.407193 0.62567699
16.095348 12.362587 0.30287763
16.330982 12.365257 0.30287763
16.589935 12.377831 0.30240628
16.882706 12.403058 0.30204388
17.147564 12.394158 0.30185461
17.366486 12.365104 0.30278465
17.6161 12.367982 0.3147946
17.870106 12.373426 0.3474052
18.04454 12.445887 0.3549768
24.304478 12.359656 0.37707907
24.5 12.360356 0.37360501
27.707802 12.334966 0.26300001
27.846119 12.389541 0.26213136
28.008617 12.374272 0.35144031
-1.5920811 12.63667 0.4025799
-1.3605293 12.623614 0.40000001
-1.1139812 12.613112 0.40000001
-0.87373507 12.620002 0.4076618
-0.6274246 12.622129 0.38796234
-0.5 12.665818 0.34916764
-0.017999023 12.597917 0.32196644
0.12053657 12.603629 0.41096705
0.34108257 12.638994 0.38662645
0.67963189 12.622019 0.38017264
2.1071024 12.61779 0.39234617
2.4218512 12.630083 0.39943978
2.6372588 12.586569 0.36531848
2.7747617 12.583592 0.35845545
3.0247617 12.645131 0.38360506
5.6918955 12.5 0.34756464
5.8583989 12.5 0.35774434
6.1128759 12.5 0.37657189
6.3629541 12.5 0.38489598
6.6211295 12.5 0.365576
6.8512254 12.5 0.40831399
7.1311674 12.5 0.37486643
7.3660474 12.5 0.37401986
7.616981 12.5 0.37737298
7.8701811 12.5 0.38768142
8.1391802 12.5 0.37767798
8.3856325 12.5 0.37222672
8.5941477 12.5 0.38250673
8.886384 12.5 0.36792588
9.1405983 12.5 0.37960038
9.4061108 12.5 0.39410982
9.6006918 12.5 0.34384668
12.171136 12.580895 0.36238649
12.371736 12.622752 0.32760882
12.602684 12.607546 0.27732429
12.879973 12.632985 0.27212581
13.129372 12.633236 0.27207848
13.378786 12.637135 0.2713443
13.613708 12.586138 0.28094923
13.857669 12.615339 0.27544922
14.083007 12.608135 0.27680618
14.350766 12.623766 0.27386221
14.634413 12.618533 0.27484781
14.867297 12.646981 0.26948977
15.133924 12.625239 0.27358457
15.384141 12.613533 0.2757895
15.623208 12.610942 0.27627751
15.904635 12.634051 0.27192488
16.119925 12.61871 0.27481449
16.363188 12.610012 0.2764526
16.650455 12.631577 0.2723909
16.888132 12.617319 0.27507642
17.130064 12.616158 0.27529508
17.394176 12.624534 0.27371752
17.62097 12.620676 0.27444416
17.873545 12.610513 0.28297409
18.110239 12.652138 0.32877812
24.304516 12.623874 0.37869495
24.5 12.643334 0.38826591
27.682686 12.57038 0.26300001
27.844807 12.636768 0.26300001
28.009001 12.606353 0.35189784
-1.6047621 12.879851 0.36465007
-1.4035313 12.871848 0.40000001
-1.1293778 12.887854 0.40000001
-0.89205843 12.868176 0.40000001
-0.6067909 12.862069 0.40705186
-0.5 12.846951 0.31688917
-0.017999999 12.842005 0.38701963
0.079196908 12.870667 0.38628995
0.35092407 12.860838 0.39592978
0.66255945 12.87353 0.39950037
2.0789506 12.874995 0.38934833
2.3743937 12.873363 0.40048528
2.7747617 12.884251 0.38334483
3.0247617 12.877796 0.3581554
10.887169 12.863823 0.31698978
11.108505 12.837453 0.30955833
11.329499 12.868344 0.32161546
12.395503 12.853687 0.36180976
12.613542 12.917172 0.36333391
12.809635 12.967283 0.3553378
13.628208 12.999999 0.3913812
18.179501 12.849113 0.3160235
18.325373 12.882586 0.30660877
20.409267 12.90325 0.28888789
20.624435 12.907088 0.32822335
20.88343 12.893243 0.35310179
21.12718 12.866809 0.36446583
21.367809 12.885265 0.36912277
21.610445 12.87335 0.33923998
21.862423 12.890282 0.36594349
22.114542 12.869548 0.34179467
22.390205 12.871767 0.35169488
22.631998 12.888675 0.36772895
22.793404 12.880927 0.33552364
24.303436 12.906952 0.3572109
24.5 12.874566 0.39735228
27.670097 12.766405 0.26300001
28.009001 12.873845 0.36663854
-1.6089413 13.144625 0.36485761
-1.3681644 13.141604 0.40000001
-1.1379594 13.152217 0.40000001
-0.89140415 13.127419 0.40000001
-0.62110871 13.133193 0.40000001
-0.49999925 13.094327 0.29026899
-0.017999999 13.143674 0.32956356
0.1323664 13.12555 0.41036135
0.37050924 13.142542 0.39446339
0.67696691 13.123109 0.37919512
2.1122043 13.134944 0.39679551
2.412756 13.129398 0.381318
2.7747614 13.117929 0.37943593
3.0247622 13.10498 0.3712675
11.387009 13.094986 0.3318308
11.53613 13.118122 0.32406646
12.476955 13.221161 0.45300001
12.640562 13.113453 0.42058602
12.86182 13.094069 0.38371393
13.128754 13.084889 0.34400505
13.377538 13.073252 0.34352544
13.621124 13.092472 0.33642775
13.880753 13.078553 0.34668231
14.065248 13.075944 0.32336858
18.310368 13 0.27166852
20.622944 13 0.26380581
20.877199 13 0.2908825
21.118801 13 0.32412288
21.363651 13 0.31245437
21.625462 13 0.34836408
21.843395 13 0.33624721
22.128529 13 0.32926342
22.40624 13 0.32292101
22.655544 13 0.33869997
22.793409 13 0.30068517
24.306181 13.126433 0.41073331
24.5 13.145229 0.37096959
26.682095 13.169663 0.33910429
26.885612 13.174393 0.37847427
27.129166 13.1675 0.38935903
27.36319 13.15476 0.349338
27.510216 13.245 0.25344333
0.38450262 2.8735011 0.11796303
0.61665851 2.8801188 0.15059401
0.85477042 2.886142 0.070634909
1.1203184 2.8622355 0.00050000002
1.3898178 2.8609471 0.001
1.5929892 2.8727601 0.00050000002
1.9058968 2.9217794 0.0020000001
2.1350503 2.8772361 0.0017142857
2.3560545 2.865268 0.0024000001
2.6361442 2.8903012 0.0015
2.9109092 2.8609316 0.0022499999
3.1473413 2.8517079 0.0013333334
3.3067217 2.8751779 0.0015
3.6014853 2.8733511 0.07256671
3.8616576 2.8855424 0.09384615
4.1132684 2.8660405 0.11072727
4.3662043 2.8714731 0.1015
4.6235909 2.8816624 0.12492307
4.8716598 2.8815587 0.092272721
5.1198583 2.8708158 0.084583335
5.3744416 2.8804626 0.1218
5.6025867 2.871865 0.1015
5.8770957 2.8803661 0.1015
6.1386237 2.8848717 0.1085701
6.3755021 2.8718796 0.072739661
6.6211252 2.8572617 0.050142288
6.8865256 2.8579283 0.038120367
7.1064744 2.8807645 0.015010626
7.3453374 2.8750985 0.0021822331
7.6148095 2.855583 0.0015
7.88131 2.926965 0.00060000003
8.1247196 2.8759823 0.0020000001
8.3948336 2.9147224 0.0015
8.6306829 2.8535337 0.0025714284
8.8645048 2.8428402 0.0024000001
9.1123486 2.8915641 0.003
9.3974123 2.8537202 0.0012000001
9.6057224 2.8593583 0.0018000001
9.8901377 2.8685942 0.00075000001
10.153648 2.8491082 0.082457423
10.35673 2.8936057 0.072874807
10.641237 2.8830016 0
10.894564 2.8942511 0
11.104466 2.8671408 0
11.389007 2.8796937 0
11.639537 2.839097 0
11.920422 2.9168673 0
12.163798 2.8634512 0
12.366533 2.7939825 0
12.530828 2.8584492 0
12.811865 2.8838694 0
13.099058 2.8321247 0
13.371154 2.8911028 3.2271687e-17
13.638334 2.8812883 2.5744989e-17
13.899727 2.912396 1.7301191e-18
14.126412 2.8637648 0
14.360306 2.8776598 0
14.640366 2.8831222 0
14.866996 2.8564539 0
15.139404 2.9256575 0
15.402419 2.8900073 0
15.653099 2.9060526 0
15.896707 2.8509715 0.065540455
16.125441 2.8742902 0.095983289
16.396259 2.8436186 0.00085714285
16.652025 2.9117048 0.0015
16.886089 2.9087341 0.0018
17.137434 2.8833549 0.0062002307
17.408806 2.8662996 0.050047088
17.632835 2.8766956 0.08906398
17.871572 2.85533 0.11356188
18.148668 2.874258 0.046210635
18.415188 2.8892956 0.00075000006
18.573174 2.8881164 0.0020000001
18.859451 2.8252113 0.00060000009
19.159348 2.864073 0.001
19.364803 2.8770752 0.00075000001
19.631226 2.8592522 0.0015
19.866529 2.8652902 0.0012000001
20.089344 2.8854508 0.0020000001
20.364676 2.8609805 0.0018
20.609352 2.8676071 0.001
20.879719 2.86585 0.0012857143
21.093212 2.8587103 0.0015000001
21.391397 2.8608255 0.001
21.664536 2.824564 8.0629781e-11
21.864794 2.8673134 0.0012857143
22.114565 2.8808005 0.00060000014
22.382475 2.9161527 0.059762295
22.617043 2.8760138 0.10214286
22.870111 2.8747523 0.11127272
23.124454 2.8760176 0.10278571
23.372564 2.9032996 0.111
23.612576 2.8783383 0.11841667
23.867468 2.8720658 0.094933331
24.11157 2.861357 0.10953846
24.377064 2.8650813 0.102
24.629339 2.8800535 0.15262499
24.884752 2.8794026 0.11924307
25.160973 2.8791013 0.071991287
25.339874 2.8116219 0.0020000001
25.594852 2.8666787 0.065878794
25.934622 2.866745 0.097573325
26.133396 2.8922396 0.070064954
26.379787 2.8939571 0.10370687
26.636154 2.8957443 0.066412471
26.886963 2.8831954 0.074899413
27.115667 2.8944733 0.070637301
27.289299 2.8761084 0.075053051
27.648565 2.8507032 0.070691891
27.809309 2.8893628 0.0020000001
28.065983 2.8755751 0.060898963
28.339619 2.880646 0
28.572025 2.8708997 0.078055985
28.892742 2.8886433 0
29.130472 2.8808644 0
29.371668 2.8841896 0
29.633162 2.863481 0.095286638
-0.38412273 3.1154575 0
-0.07957495 3.1291976 0.051864929
0.075315185 3.1409798 0.052486852
0.37574258 3.095808 0.00060000003
0.61158496 3.159688 0.0012000001
0.80813086 3.0492778 0
1.1054038 3.1299577 0.001
1.3466201 3.0894003 0.0015
1.6252363 3.1211376 0.0018
1.885548 3.1286466 0.00060000003
2.1381433 3.1588516 0.0020000001
2.3078971 3.1041241 0.0014999999
2.6941445 3.1405542 0.0015
2.8629355 3.1534481 0.00075000001
3.1393969 3.1284981 0.0019999999
3.3594575 3.1401165 0.0015
3.6014225 3.1172493 0.097805858
13.451265 11.18205 5.8996487e-17
13.623285 11.12465 1.9599282e-17
13.87569 11.118927 4.5965364e-18
14.125776 11.143728 0
14.365142 11.134857 0
14.618507 11.141424 0
14.862073 11.10994 0
15.164079 11.096179 0
15.40092 11.116169 0
15.639693 11.106873 0
15.886573 11.109679 0
16.122765 11.082504 0
16.371511 11.127033 0
16.647509 11.145766 0.029128304
16.862293 11.095566 0.070140496
17.127665 11.135503 0
17.396955 11.127841 0.072544351
17.57901 11.119201 0.0853993
17.872059 11.074466 0.0024000001
18.117634 11.10035 0.00075000006
18.398264 11.168405 0.00075000001
18.626406 11.125005 0.0018
18.814913 11.070897 0.001
19.186594 11.107964 0.0018
19.417624 11.172896 0.0019999999
19.620045 11.129107 0.003
19.876066 11.136285 0.0020000001
20.20529 11.063389 0
20.351021 11.164418 0.00075000001
20.667973 11.060441 0.0015
20.8466 11.128941 0.0018
21.104349 11.109932 0.0012000001
21.378765 11.090187 0.0017142857
21.61274 11.168602 0.0015
21.879059 11.117513 0.0018
22.095657 11.153792 0.0015
22.323002 11.095125 0
22.622509 11.143211 0.0015
22.856745 11.150927 0.00075000001
23.098579 11.119543 0.003
23.39567 11.128204 0.0022499999
23.633032 11.131808 0.0020000001
23.889338 11.127772 0.0015
24.083429 11.104189 0
24.347523 11.117968 0.078132421
24.561655 11.129063 0.082216337
24.865141 11.089141 0.0018
25.109848 11.157272 0.0019999999
25.318134 11.147972 0.0023999999
25.620283 11.121405 0.0018
25.894344 11.076172 0.00075000001
26.022352 11.094397 0
26.354532 11.136066 0.0018
26.604429 11.145153 0.0018
26.867857 11.127996 0.001
27.096157 11.079392 0.0012000001
27.379686 11.133698 0.0012000001
27.598631 11.107678 0.00060000003
27.876678 11.143055 0.0022499999
28.058796 11.10758 0.063647166
28.360567 11.120961 0
28.720373 11.142958 0.10825037
28.886694 11.132237 0
29.138288 11.140376 0
29.343714 11.09491 0
29.60602 11.125213 0
29.853369 11.114075 0
30.136269 11.128448 0
30.365414 11.123644 0
30.632732 11.105728 0
30.864109 11.118961 0
31.113245 11.104472 0
31.394674 11.117961 0
31.692272 11.129339 0.10056079
-0.3675946 11.3643 0
-0.11504492 11.3798 0.026478888
0.089791693 11.383079 0.10799304
0.36214462 11.399569 0.093312263
0.61134279 11.361922 0.094101995
0.8714363 11.37733 0.074521214
1.1185993 11.374507 0.080820002
1.4079223 11.355883 0.090071991
1.6137669 11.395205 0
1.8710381 11.366241 0.0015
2.1196542 11.405389 0.0012000001
2.4323409 11.443398 0.078705207
2.6286159 11.381184 0.068547785
2.7971616 11.391302 0.089924663
3.0956478 11.367951 0.094858207
3.3865316 11.376364 0.12972727
3.6327035 11.369815 0.10976923
3.8583612 11.338202 0.081499994
4.1222558 11.361499 0.141
4.4076195 11.376644 0.10953846
4.6358266 11.37495 0.12725
4.8526187 11.379362 0.11
5.1142082 11.386278 0.10214286
5.3643084 11.408499 0.11023077
5.5632868 11.324752 0.092217602
5.8644047 11.412554 0.0015
6.1190205 11.384536 0.0012000001
6.4008322 11.347629 0.00060000003
6.6555152 11.388111 0.00060000003
6.8825073 11.422142 4.1052627e-13
7.1580763 11.380123 0.0021428571
7.3956375 11.369981 0.0018
7.6161137 11.368732 0.0018
7.8507547 11.295603 0.00075000001
8.1090345 11.358747 0.00050000002
8.3802509 11.419759 0.00050000002
8.6366682 11.357097 0.0015
8.8603153 11.348122 0.001
9.1679058 11.392486 0.0015000001
9.3538294 11.399439 0.00085714291
9.598321 11.368356 0.00075000001
9.8988047 11.375455 0.029308768
10.126602 11.396583 0.075155847
10.362933 11.334645 0.0012000001
10.639195 11.364158 0.0017500001
10.873909 11.389174 0.0018
11.15429 11.379533 0.0024000001
11.375723 11.362731 0.089084424
11.618377 11.397839 0.035215247
11.870996 11.373027 0
12.12612 11.378377 0
12.370083 11.366184 0
12.629732 11.368955 0
12.852053 11.390612 0
13.137988 11.379855 0
13.387811 11.374155 1.5892886e-17
13.628086 11.384706 1.8245563e-17
13.881219 11.379187 1.0468849e-17
14.12158 11.369136 0
14.387359 11.387431 0
14.629461 11.396202 0
14.872258 11.380823 0
15.129374 11.368333 0
15.369502 11.356151 0
15.607658 11.393584 0
15.858408 11.370134 0
16.138828 11.365335 0
16.37245 11.384768 0
16.682226 11.382746 0.060740415
16.889715 11.382443 0
17.090166 11.338494 0
17.380695 11.367056 0.063990109
17.570095 11.401955 0.098601639
17.864302 11.40238 0.0018285714
18.11636 11.365173 0.0022285716
18.335794 11.352751 0.00075000001
9.6409245 11.340187 0.67565358
9.8601742 11.416734 0.57893145
16.889481 11.360634 0.62930185
17.128244 11.371922 0.70719349
17.281826 11.362364 0.62317234
24.325363 11.364916 0.63829225
24.5 11.375817 0.6330868
28.718 11.385275 0.60084993
28.878017 11.49 0.6282683
29.132744 11.49 0.63046223
29.372152 11.49 0.65130013
29.635706 11.49 0.63965565
29.875086 11.49 0.635593
30.117413 11.49 0.62790924
30.372749 11.49 0.64275891
30.5958 11.49 0.62435228
30.880634 11.49 0.61414921
31.195055 11.419335 0.62858081
31.414049 11.405596 0.57053477
31.744244 11.478681 0.64136583
2.8405631 11.62775 0.58225828
3.0208702 11.622659 0.55194074
5.8865833 11.639866 0.54922926
6.0952482 11.599139 0.60299999
6.3401003 11.621996 0.60299999
6.6087246 11.627841 0.60299999
6.8669119 11.631334 0.60299999
7.1237721 11.655005 0.60299999
7.3789434 11.62773 0.6032573
7.6354046 11.640101 0.60351455
7.8771276 11.647564 0.60299999
8.1258268 11.634608 0.60299999
8.3861017 11.628798 0.60299999
8.6358919 11.606809 0.60299999
8.8834934 11.612899 0.60299999
9.1263943 11.653848 0.60299999
9.3520002 11.648875 0.60316664
9.6238728 11.624335 0.63064712
9.8816748 11.633987 0.64927471
10.111709 11.665173 0.58308506
16.959322 11.55349 0.60823929
17.164293 11.558029 0.64961278
24.323978 11.632625 0.62270367
24.5 11.631787 0.61664116
-1.6358122 11.843373 0.66637981
-0.86952215 11.823525 0.64056885
-0.52476859 11.837999 0.60777152
-0.49999902 11.823069 0.7490744
0.72192019 11.929838 0.62595117
0.89543766 11.883255 0.66240239
1.1395602 11.890998 0.64333212
1.3842437 11.895271 0.63280576
1.6385213 11.897113 0.62827063
1.8723739 11.905712 0.60709071
2.0529571 11.933616 0.64540839
2.8305588 11.870519 0.60932326
3.0120521 11.898327 0.60635269
5.9008884 11.845038 0.56136894
6.1092048 11.87526 0.60299999
6.3589735 11.865457 0.60299999
6.6181087 11.879495 0.60299999
6.8614073 11.891997 0.60299999
7.1340394 11.889728 0.60299999
7.3799372 11.887388 0.60351455
7.6076756 11.883286 0.60330015
7.8686719 11.876405 0.60351455
8.1199636 11.883627 0.60299999
8.3839979 11.85144 0.60299999
8.6239204 11.873387 0.60299999
8.8584661 11.879094 0.60299999
9.1270819 11.860695 0.60299999
9.3911877 11.903627 0.60299999
9.6171598 11.847227 0.60299999
9.8744497 11.880184 0.63022751
10.155012 11.930509 0.63182503
10.289034 11.837053 0.58066183
24.323606 11.87411 0.61851388
24.5 11.882999 0.62686431
0.72019947 12.113611 0.61917287
2.0545633 12.149305 0.59814769
2.838491 12.135176 0.64088076
3.0173204 12.126725 0.57183278
5.9085889 12.131531 0.56738585
6.1138906 12.12765 0.60299999
6.3678708 12.133277 0.60299999
6.6295829 12.12764 0.60299999
6.8608971 12.145785 0.60299999
7.1044207 12.130652 0.60299999
7.375885 12.153399 0.60299999
7.6335263 12.110995 0.60299999
7.8793106 12.122473 0.60299999
8.1232777 12.133634 0.60299999
8.3668728 12.118819 0.60299999
8.6532221 12.13878 0.60299999
8.888319 12.115053 0.60299999
9.1486206 12.139645 0.60299999
9.4005957 12.137027 0.60308617
9.6514206 12.100557 0.60748273
9.8868732 12.133518 0.6377427
10.090153 12.08469 0.61425322
24.325281 12.122199 0.63736117
24.5 12.12538 0.62527913
0.13428858 12.410543 0.55566156
0.35416421 12.450059 0.61344647
0.67628473 12.389844 0.6291216
2.0870972 12.402498 0.63256156
2.3609366 12.467803 0.61750537
2.6346872 12.453175 0.59259993
2.827744 12.367433 0.66159981
3.0176065 12.41713 0.57106894
5.9118557 12.38104 0.56338722
6.1349349 12.389854 0.60299999
6.3866606 12.365772 0.60316664
6.633637 12.382236 0.60299999
6.8768911 12.377743 0.60299999
7.1355333 12.37746 0.60300964
7.3826876 12.398971 0.60299999
7.6135688 12.367604 0.60299999
7.8495216 12.34616 0.60316664
8.1186314 12.386303 0.60299999
8.3957224 12.36559 0.60299999
8.6429968 12.369066 0.60299999
8.8880434 12.380094 0.60299999
9.1031704 12.374141 0.60325003
9.347928 12.362115 0.60316664
9.6448002 12.362187 0.64468706
9.8546829 12.325548 0.62056619
24.324472 12.379941 0.62826383
24.5 12.376137 0.58097327
-1.6366663 12.7266 0.63113976
-0.87 12.726971 0.64356887
-0.5 12.738646 0.63030475
0.10603146 12.612321 0.607364
0.37378451 12.625715 0.5810191
0.63784373 12.650099 0.59708524
2.1109278 12.595748 0.58111525
2.3791585 12.636045 0.58753449
2.6552103 12.629641 0.57161403
2.8295128 12.621705 0.6223594
3.0160358 12.653586 0.57269931
5.8837872 12.5 0.53657496
6.1150961 12.5 0.52950513
6.3910642 12.5 0.53711826
6.6696873 12.5 0.53553176
6.9179106 12.5 0.54218066
7.1774774 12.5 0.5499301
7.3793077 12.5 0.54210198
7.5545864 12.5 0.58536494
7.8515024 12.5 0.55995136
8.1028719 12.5 0.545003
8.3415613 12.5 0.56660694
8.5926123 12.5 0.54430866
8.8350658 12.5 0.53368175
9.1270952 12.5 0.55740136
9.3889389 12.5 0.56798226
9.6239586 12.5 0.55334556
24.326519 12.652848 0.65127689
24.5 12.60701 0.64115739
-0.85194337 12.758 0.53963429
-0.53121191 12.754089 0.63082469
-9.7656255e-07 12.89782 0.54149395
0.12584636 12.888976 0.6222232
0.3725177 12.878603 0.59201384
0.65339476 12.883452 0.57938534
2.1135309 12.873089 0.58779478
2.4164197 12.868601 0.57717979
2.6159034 12.907507 0.59927452
2.8235724 12.871771 0.65827072
3.016839 12.880531 0.57713807
24.324934 12.889315 0.63344896
24.5 12.895748 0.62701863
0.10993001 13.138866 0.62187332
27.632296 13.161538 0.37743327
27.876385 13.172667 0.36787835
28.010799 13.139635 0.37184933
-1.6092997 13.39221 0.35141212
-1.3436511 13.354582 0.40000001
-1.1126627 13.385819 0.40000001
-0.87891603 13.362191 0.40000001
-0.62013233 13.383088 0.40000001
-0.5 13.390825 0.31077427
-0.0098124994 13.441953 0.34798321
0.136099 13.360573 0.40494514
0.3618812 13.381434 0.40869054
0.67413706 13.37142 0.39877009
2.1021354 13.365769 0.40016645
2.4053483 13.392411 0.39405018
2.7747617 13.341928 0.36303094
3.0247617 13.345589 0.36943746
11.496381 13.262918 0.35299999
11.640903 13.368377 0.32926637
11.779566 13.469538 0.32957238
12.247858 13.477231 0.48300001
12.389614 13.403191 0.47260946
12.599831 13.367082 0.4605
24.302639 13.372969 0.35775098
24.5 13.382808 0.37293771
26.604048 13.410128 0.28368253
27.388533 13.377849 0.35458866
28.0072 13.368269 0.36480108
-1.6031215 13.648582 0.3502596
-1.3462908 13.660801 0.3623428
-1.1016467 13.656438 0.36974004
-0.87070012 13.638263 0.38556159
-0.63469458 13.662365 0.36264491
-0.5 13.632442 0.34223598
-0.018000977 13.631776 0.39989102
0.1096332 13.627833 0.40543434
0.33557883 13.633865 0.38568732
0.65209717 13.628543 0.40829054
2.0914218 13.635714 0.41161788
2.4139028 13.644835 0.38873905
2.6601341 13.679545 0.34992725
2.7747617 13.602835 0.37138465
3.0247614 13.614008 0.36641884
11.690717 13.566639 0.29194865
11.89043 13.666496 0.35683224
12.136658 13.667809 0.41685247
12.36901 13.647091 0.38303879
12.568819 13.673877 0.36301151
12.883289 13.71261 0.31719437
13.173593 13.715228 0.31585407
13.344471 13.707785 0.31103289
13.625547 13.726811 0.30502981
24.332411 13.644291 0.39171806
24.5 13.62662 0.38426206
26.603119 13.623093 0.29188356
27.384464 13.6362 0.35597047
27.628075 13.633333 0.38775077
27.906313 13.622795 0.36486319
28.0126 13.633205 0.3631449
-0.014625 13.888363 0.39866793
0.064261861 13.845349 0.35968152
0.35598534 13.873011 0.41525695
0.69081229 13.864305 0.39348406
2.1029453 13.87076 0.399784
2.3986802 13.878407 0.43094823
2.560231 13.788397 0.38324267
2.7747619 13.874452 0.37278712
3.0247612 13.859719 0.37983996
11.918633 13.815247 0.34343165
12.140397 13.829006 0.37757066
12.351837 13.816027 0.34501141
12.624642 13.819372 0.35299999
12.861561 13.82709 0.34360856
13.096821 13.82452 0.32018742
13.380311 13.822557 0.33326891
13.619783 13.858931 0.3264313
13.876976 13.853823 0.31635603
14.121752 13.892162 0.31903026
14.349591 13.870987 0.40747026
14.600462 13.8775 0.36754382
14.863504 13.869721 0.38137823
15.108622 13.890529 0.37792653
15.334352 13.901848 0.34749484
24.303782 13.892017 0.36215872
24.5 13.860125 0.36777174
26.606745 13.898737 0.28489727
27.3687 13.891689 0.41066378
27.892323 13.95173 0.40918559
28.061409 13.915605 0.35411751
28.303999 13.983293 0.36426198
-0.018000487 14.179958 0.40227449
1.9531251e-07 14.079412 0.38008413
0.3509129 14.12764 0.40532434
0.65961862 14.104414 0.42676288
2.0803638 14.114448 0.39202857
2.4133129 14.128896 0.40541774
2.7747617 14.112431 0.37036344
3.0247614 14.121544 0.36534476
14.187673 14.11801 0.41198769
14.451941 14.101856 0.48509651
14.64324 14.097837 0.43564597
14.888984 14.081682 0.37469304
15.111419 14.071839 0.30529246
15.296437 14 0.32617709
24.342653 14.132339 0.3860805
24.5 14.104205 0.32516325
26.609138 14.162473 0.29578558
27.366154 14.11904 0.38671777
27.894199 14.114551 0.40482846
28.084276 14.12211 0.36013225
28.304251 14.098186 0.32799637
-0.013129883 14.386251 0.38266301
2.4414064e-07 14.362032 0.33816111
0.34997129 14.385024 0.41943023
0.67225039 14.36843 0.41664669
2.1093485 14.358248 0.42168197
2.4077852 14.363182 0.42556173
2.7747617 14.358256 0.37458533
3.0247617 14.370367 0.37491581
14.190128 14.36506 0.3681131
14.433036 14.3398 0.49087611
14.624621 14.39802 0.43230268
14.89422 14.379027 0.34987801
15.100122 14.324315 0.2869274
24.30283 14.379271 0.35033303
24.5 14.370657 0.35782346
26.611 14.401847 0.28226259
27.399174 14.383182 0.36881158
27.619549 14.4492 0.37086165
27.867123 14.46075 0.36778876
28.0072 14.380105 0.38310507
-0.017999999 14.636456 0.39366484
0 14.695148 0.34783199
0.31290722 14.614073 0.37490609
0.72019935 14.652832 0.3602581
2.0545635 14.62303 0.34237584
2.4618552 14.612056 0.37691844
2.7747617 14.637426 0.35920823
3.0247614 14.619417 0.40988514
14.190507 14.619486 0.33926409
14.478674 14.630733 0.47692335
14.633087 14.647034 0.42971462
14.88281 14.622643 0.35336652
15.125402 14.612372 0.27919853
24.303476 14.633758 0.37186301
24.5 14.634307 0.37721235
26.590179 14.669147 0.28545666
27.390921 14.612451 0.37604502
28.0072 14.625403 0.36450052
3.6166601 3.1462994 0.093977183
3.8667078 3.1291788 0.1015
4.1161737 3.1401398 0.1015
4.4027805 3.1123667 0.10938461
4.6177125 3.104511 0.11081818
4.874052 3.1207049 0.116
5.1324763 3.1006534 0.11072727
5.3723254 3.10691 0.1218
5.6054235 3.1181159 0.1218
5.8671885 3.1168988 0.12651049
6.1356673 3.1453295 0.10365924
6.3628941 3.1185296 0.074154139
6.6184487 3.1213791 0.063426904
6.9009657 3.1177092 0.025353882
7.0957451 3.1369004 0.0095352046
7.335444 3.1227231 0.003
7.6046362 3.1216359 0.0024999999
7.836381 3.1745651 0.003
8.1584501 3.114876 0.0018
8.3871536 3.1559427 0.00050000002
8.6736975 3.1424482 0.0020000001
8.8469105 3.100651 0.0018000001
9.1448746 3.1480412 0.0015
9.3895369 3.1416335 0.0022499999
9.6270409 3.0320117 0
9.9191666 3.0968461 0.0015
10.094394 3.1098678 0.0023999999
10.390936 3.1185741 0.084085926
10.624096 3.1677186 0.092917942
10.857132 3.1791868 0.078529693
11.137468 3.1154215 0.018316623
11.324638 3.1632462 0
11.632071 3.1886485 0
11.879196 3.1231182 0
12.125499 3.1412539 0
12.398347 3.100589 0
12.576792 3.0944991 0
12.810476 3.1238313 0
13.116367 3.1289337 1.6179236e-17
13.351872 3.1231952 4.3025634e-17
13.631293 3.1133366 2.684666e-17
13.881342 3.1384368 8.5099266e-18
14.117351 3.1397283 0
14.37451 3.1235921 0
14.615931 3.1054649 0
14.864481 3.1426423 0
15.138439 3.1565514 0
15.411544 3.1445479 0
15.632749 3.1251636 0
15.795546 3.1370234 0
16.147076 3.1154487 0.10775656
16.339514 3.1225784 0.083583228
16.628721 3.1630313 0.0011999999
16.876621 3.1407418 0.0012000001
17.122124 3.1195877 0.0020000001
17.351059 3.1449273 0.0015
17.647219 3.1142063 0.061794341
17.878654 3.1258743 0.031284507
18.12043 3.1247039 0.00060000003
18.375229 3.1842227 0.0015
18.589239 3.0940611 7.7684213e-11
18.860455 3.1355927 0.00085714291
19.128996 3.1285338 0.00037500006
19.401035 3.0965459 0.00075000012
19.62265 3.1497505 0.0015000001
19.84926 3.1762903 0.001
20.121752 3.1366608 0.0012857143
20.386158 3.1031809 0.00075000012
20.563162 3.135427 0.00099999993
20.914341 3.1162786 0.00075000001
21.104626 3.1440351 0.0012000001
21.360008 3.1059239 0.00085714296
21.646317 3.0856588 0
21.891262 3.1096704 0.001
22.148659 3.0900939 0.001
22.414852 3.1621416 0.072988689
22.614157 3.1146793 0.12945454
22.881802 3.1198647 0.11154545
23.135838 3.136142 0.094384611
23.377512 3.1441805 0.102
23.612057 3.134119 0.11941666
23.883545 3.1455994 0.12199999
24.117577 3.1245708 0.1427
24.361996 3.1185396 0.10953846
24.600712 3.1251948 0.10224999
24.883423 3.1213281 0.10843162
25.165665 3.132925 0.056478247
25.374058 3.1028829 0.0012857143
25.596085 3.1507795 0.083281241
25.901855 3.1275415 0.0024000001
26.141615 3.1628366 0.0024999999
26.364347 3.1154199 0.0024999999
26.621372 3.1301339 0.0018000001
26.852322 3.1179543 0.0024000001
27.130001 3.1492386 0.0018
27.381124 3.1167264 0.00050000002
27.651648 3.0941308 0.063454516
27.842167 3.1305528 0.0019999999
28.06196 3.1246653 0.085807048
28.359236 3.1260874 0
28.593399 3.1437788 0.10111342
28.862701 3.1526961 0.061408594
29.126215 3.1567781 0.069474064
29.371386 3.1556873 0.066755198
29.605862 3.1337245 0.09087006
-3.6414623 3.4948742 0.100553
-3.3835154 3.4920001 0.13419534
-3.1394467 3.4920001 0.11306798
-2.8740997 3.4924219 0.11008274
-2.6004789 3.4928951 0.11516564
-2.3649642 3.4920001 0.12850831
-2.1081011 3.4920001 0.12559691
-1.8799567 3.4920001 0.15443107
-1.6181704 3.4929502 0.12664247
-1.3678427 3.4920635 0.13593683
-1.115605 3.4920001 0.096873552
-0.86409646 3.4934564 0.11379902
-0.39324793 3.3524048 0
-0.10213393 3.3793061 0.022252832
0.057628516 3.3588293 0.065504573
0.40556425 3.3731518 0.0018
0.58354199 3.3143432 0.003
0.8574937 3.3827221 0.0012857143
1.1706469 3.3713133 0.0018
1.3814582 3.4033554 0.0015
1.6264594 3.3768554 0.00060000003
1.8936589 3.3683395 0.0015
2.1278272 3.3414388 0.0024999999
2.3634725 3.3716159 0.0012857143
2.6448958 3.3721235 0.0019999999
2.8508515 3.435915 0.003
3.1198547 3.3861239 0.00085714285
3.3956728 3.3731644 0.0018
3.5790486 3.3537829 0.10827981
3.850462 3.3488812 0.11806861
4.1084948 3.3467686 0.082847632
4.3501382 3.3378201 0.087363854
4.6202731 3.3376391 0.10549081
4.8930979 3.3343089 0.18250608
18.464405 11.420471 0
18.558479 11.39386 0.0032000002
18.860041 11.403226 0.00136
19.113743 11.357191 0.0033
19.397655 11.33933 0.0022499999
19.638294 11.39598 0.0026333334
19.883341 11.435347 0.0016999999
20.124481 11.325913 0.0032666668
20.353409 11.378574 0.0015
20.667496 11.415952 0.00070000003
20.87397 11.353365 0.0012000001
21.110489 11.383787 0.0014666667
21.374655 11.368208 0.0011999999
21.658272 11.312618 0
21.836185 11.361156 0.0024000001
22.132336 11.393076 0.0015
22.439552 11.359239 0.001
22.633717 11.384746 0.0023333335
22.875183 11.419229 0.00075000001
23.065952 11.383652 0.0014999999
23.383955 11.359987 0.0011250001
23.62748 11.40256 0.0022500001
23.888594 11.342045 0
24.160347 11.36837 0.0015
24.352131 11.396641 0.069895543
24.555727 11.366727 0.10015961
24.881121 11.293576 0.00099999993
25.127544 11.36575 0.001
25.383482 11.387848 0.0020000001
25.647001 11.379029 0.003
25.843864 11.356314 0.0015
26.123007 11.368801 0.00075000001
26.413534 11.310196 0
26.629875 11.358803 0.003
26.8741 11.373624 0.0012000001
27.105389 11.357259 0.00050000002
27.378763 11.377919 0.0012857143
27.654579 11.397383 0.0020000001
27.913797 11.36915 0.010588727
28.073612 11.371436 0.090699993
28.392544 11.358353 0
28.71809 11.383387 0.12233951
28.882099 11.407183 0.061000407
29.13271 11.438259 0.057676747
29.367407 11.432194 0.071589984
29.618752 11.419873 0.038407162
29.885763 11.436581 0.056301914
30.131395 11.426727 0.056459658
30.37105 11.441784 0.069218524
30.608532 11.43634 0.067779213
30.874104 11.420237 0.050189324
31.1231 11.422659 0.058128584
31.399538 11.424871 0.061387505
31.661638 11.404533 0.09377192
-0.40016839 11.621346 0
-0.11432666 11.64006 0.058086663
0.070353761 11.66052 0.043217257
0.3542476 11.625764 0.077437848
0.6108765 11.613675 0.078488961
0.88653791 11.604576 0.07460165
1.136341 11.60883 0.063084155
1.3964639 11.603374 0.080637701
1.6125556 11.61723 0.048559874
1.8650087 11.614871 0.067300826
2.1369207 11.610141 0.093356252
2.4086223 11.619304 0.10108011
2.6198955 11.6224 0.003
2.8271282 11.637636 0.08195933
3.0969145 11.641309 0.12375002
3.400794 11.627513 0.10953846
3.6103041 11.598055 0.093923077
3.8993058 11.608013 0.14123076
4.139585 11.615312 0.10224999
4.3596616 11.628751 0.10976923
4.6362915 11.617005 0.092818178
4.8653464 11.620073 0.11891666
5.1320157 11.641729 0.085083328
5.3864317 11.628546 0.1580667
5.6310167 11.623963 0.044731501
5.8510003 11.648937 0.0015
6.1342835 11.608919 0.0018
6.3900924 11.659336 4.4974384e-13
6.6545343 11.631191 4.3029442e-13
6.8851929 11.63009 0.00050000002
7.112649 11.612588 0.001
7.3669753 11.607662 0.00075000001
7.5750871 11.598271 1.627209e-13
7.8169518 11.597383 1.1696595e-13
8.0863523 11.638474 0.00060000003
8.446063 11.64309 0.0015
8.619772 11.619463 0.0018
8.9094772 11.560159 0.0020000001
9.1259813 11.620899 0.00060000003
9.4158602 11.627374 0.001
9.6164255 11.639837 1.9527737e-13
9.9125566 11.64612 0.00075000006
10.119932 11.641212 0.048717614
10.377392 11.622024 0.076019324
10.598376 11.624395 0.0012000001
10.907086 11.604711 0.0015
11.111754 11.629802 0.0015
11.419864 11.584272 0.085591935
11.639155 11.620145 0.076195151
11.868905 11.62251 0
12.133253 11.626473 0
12.407323 11.614888 0
12.623934 11.617815 0
12.870065 11.641728 0
13.121887 11.609042 0
13.39666 11.61907 3.0786223e-18
13.616263 11.59887 2.0854907e-17
13.858147 11.627349 7.272366e-18
14.124737 11.607873 0
14.381301 11.629421 0
14.603029 11.636712 0
14.854412 11.626763 0
15.136132 11.617207 0
15.390933 11.622332 0
15.648293 11.603926 0
15.884001 11.641523 0
16.122097 11.617899 0
16.357321 11.626642 0
16.624559 11.612628 0.027586855
16.848248 11.637747 0.073025733
17.131277 11.650887 0
17.364271 11.64711 0.067426421
17.561766 11.64676 0.093578689
17.816132 11.654062 0.003
18.187244 11.590797 0.0020000001
18.364304 11.657587 0.0012857143
18.609083 11.655858 0.0022499999
18.851408 11.606311 0.0015
19.134443 11.593253 0.0020000001
19.371662 11.63248 0.0020000001
19.656403 11.623351 0
19.883579 11.59465 0
20.159954 11.608902 0
20.351648 11.615407 0.001
20.606575 11.633984 0.0015
20.909143 11.657179 0.0032965401
21.142193 11.660921 0.01779661
21.379732 11.637036 0.016057862
21.635906 11.646646 0.060532104
21.896351 11.623074 0.063762121
22.098675 11.660058 0.083846077
22.355133 11.659243 0.096973278
28.008999 14.679932 0.34560093
-0.013998779 14.858168 0.37793145
0 14.912939 0.31027454
0.31290749 14.869047 0.35655025
0.72019923 14.883848 0.36720628
0.75494725 14.999999 0.36966953
1.877333 14.999999 0.46077287
2.0545635 14.869781 0.36012238
2.4618552 14.846771 0.38221475
2.8176842 14.904196 0.35935795
3.0247617 14.857373 0.38230562
3.3790185 14.999999 0.26379782
5.1236095 14.999999 0.35486349
5.3997912 14.999999 0.30938765
5.6234407 14.999999 0.32623774
6.154707 14.999999 0.33802015
6.3687725 14.999999 0.35034394
9.6547966 14.999999 0.36392945
12.397306 14.999999 0.34535339
13.436007 14.999999 0.33895531
14.201007 14.859975 0.38696307
14.339754 14.875486 0.47473767
14.636456 14.861665 0.44551778
14.856162 14.857869 0.41749451
15.125389 14.857958 0.35705394
15.365314 14.909841 0.33326533
16.198061 14.999999 0.34011933
16.418352 14.999999 0.43595478
16.832384 14.999999 0.36712563
17.159882 14.999999 0.43968385
17.558617 14.999999 0.4081313
19.083054 14.999999 0.36230564
19.307945 14.999999 0.34545076
21.013805 14.999999 0.35382682
21.430086 14.999999 0.40290266
23.463913 14.999999 0.33276537
24.056194 14.999999 0.42787439
24.314678 14.878386 0.36158985
24.5 14.863181 0.38274333
26.320387 14.999999 0.26823205
26.669521 14.881412 0.35814688
26.868801 14.861279 0.36620221
27.132637 14.845 0.39145002
27.388628 14.817087 0.37086242
27.624962 14.862223 0.39218763
27.854752 14.845 0.38247988
28.01325 14.874867 0.36818555
-0.013507812 15.018 0.2649745
0.11101995 15.002 0.34729785
0.35942969 15.00491 0.369773
0.61518621 15.002 0.35959187
0.87886178 15.006534 0.35699064
1.1193597 15.006 0.35704744
1.3657107 15.0054 0.35590294
1.6182692 15.003273 0.37255654
1.8908818 15.004499 0.36413509
2.1243536 15.006635 0.35828343
2.3554082 15.006004 0.36969531
2.6158895 15.006545 0.35900494
2.8542848 15.0045 0.36294198
3.1398587 15.006568 0.34413454
3.3841567 15.0045 0.36148226
3.6144295 15.0054 0.36187151
3.8851836 15.002621 0.34708768
4.1598392 15.003784 0.35946426
4.3837972 15.004972 0.36215445
4.6149302 15.006 0.35594732
4.8701744 15.002207 0.37652469
5.1383271 15.004727 0.35798827
5.4095798 15.007195 0.34953034
5.6208234 15.0072 0.37070689
5.8703957 15.009435 0.3593154
6.1377339 15.009818 0.34509277
6.3863783 15.002521 0.36539784
6.6240807 15.004499 0.35810629
6.8656945 15.00204 0.36949947
7.1091056 15.004798 0.35440546
7.3668432 15.00583 0.36027902
7.6426659 15.004891 0.37057939
7.8870454 15.00675 0.36542606
8.108634 15.005587 0.34379584
8.3671513 15.005929 0.36380839
8.639185 15.004043 0.36597449
8.8682671 15.008 0.34411213
9.1162043 15.00518 0.34965494
9.3743315 15.006181 0.36749226
9.6319571 15.003509 0.35066029
9.891654 15.0072 0.35569602
10.11516 15.008757 0.36679694
10.365242 15.006638 0.35469085
10.631441 15.007999 0.36372009
10.876611 15.0072 0.36169392
11.105035 15.004259 0.34648567
11.363676 15.00646 0.36623955
11.614703 15.004093 0.36467379
11.887876 15.006922 0.36262739
12.156819 15.004897 0.35147563
12.373707 15.0108 0.36321646
12.628613 15.005252 0.3640064
12.877912 15.007896 0.35429847
13.139866 15.003743 0.3686128
13.367378 15.008482 0.35528713
13.612051 15.00678 0.3607685
13.859786 15.008182 0.35967585
14.129175 15.005729 0.35130417
14.397884 15.006545 0.35106292
14.611948 15.005143 0.35832345
14.871099 15.003 0.36996004
15.13591 15.006 0.34767088
15.385971 15.008368 0.37327933
15.609084 15.005116 0.3597922
15.853004 15.008393 0.36903596
16.100069 15.006725 0.3649525
16.369761 15.00675 0.33637977
16.638979 15.005309 0.35286894
16.86854 15.009177 0.36106515
17.099421 15.004924 0.34539601
17.375946 15.004331 0.35534579
17.661104 15.004581 0.35500208
17.855145 15.009698 0.35853255
18.096359 15.00557 0.36682728
18.367657 15.006942 0.35380343
18.627151 15.00497 0.3603234
18.900679 15.009515 0.36967495
19.13801 15.008165 0.36877275
19.384602 15.0072 0.35540193
19.63092 15.008556 0.35571656
19.889355 15.006065 0.366842
20.134268 15.00786 0.35363558
20.368408 15.010516 0.35634521
20.62862 15.007754 0.34668374
20.88048 15.006919 0.3662557
21.165323 15.00027 0.34790257
21.373522 15.003 0.3433423
21.626101 15.0072 0.35260156
21.902847 15 0.33333334
0.120632 13.136217 0.61691022
0.36808756 13.112141 0.57418746
0.65476859 13.136368 0.58279526
2.1048636 13.128302 0.57738143
2.4055009 13.142165 0.57633203
2.6119001 13.12026 0.60299999
2.8395994 13.132159 0.66136611
3.013586 13.137285 0.59790397
24.327082 13.124041 0.65762651
24.5 13.119839 0.65479642
26.736496 13.167913 0.71844918
26.85206 13.179667 0.62703347
27.12178 13.156428 0.63197958
27.365572 13.189643 0.61851674
27.621702 13.178572 0.63890767
27.883034 13.154583 0.6420716
28.0105 13.139303 0.5709067
0.086306192 13.373093 0.61412382
0.34862754 13.380376 0.58138931
0.63760841 13.366727 0.59022516
2.1400201 13.371763 0.59440392
2.4056022 13.384399 0.58151281
2.6200631 13.355556 0.60299999
2.8018467 13.376417 0.65733802
3.0147276 13.38534 0.58607554
24.322496 13.371234 0.60603106
24.5 13.364719 0.60998034
27.386845 13.401371 0.55525213
27.969437 13.382805 0.52226537
28.052105 13.396436 0.6510877
-1.6317887 13.690005 0.62623823
-0.85743427 13.710649 0.65532446
-0.53465724 13.716908 0.57993507
0.11819901 13.632969 0.6195662
0.37074596 13.634859 0.58457369
0.63410091 13.617432 0.5885427
2.1056716 13.616512 0.58099127
2.380229 13.646215 0.58505201
2.6120601 13.625798 0.59099585
2.8465087 13.618019 0.65899009
3.0164776 13.630717 0.57716161
24.370363 13.659736 0.64625645
24.5 13.613752 0.64706504
27.393862 13.643969 0.54944599
27.605396 13.672509 0.56094033
27.857101 13.626655 0.56018716
28.121738 13.564916 0.59689558
28.361403 13.619804 0.6454373
28.545853 13.728461 0.61558098
0.10804121 13.869343 0.60633534
0.36584216 13.828969 0.63962626
0.67283881 13.861374 0.64096725
2.1045001 13.855223 0.64742339
2.4244902 13.843895 0.6047433
2.6200681 13.844731 0.62237889
2.8298838 13.886912 0.6417343
3.0135467 13.875284 0.60025817
14.408442 13.917027 0.57767463
14.622043 13.885929 0.55952454
14.816262 13.918336 0.53129423
24.321562 13.875003 0.5955326
24.5 13.892092 0.61277962
27.424574 13.863103 0.56266379
27.643751 13.881676 0.61819321
27.875225 13.873642 0.63957274
28.051363 13.887796 0.62730122
28.56881 13.859486 0.63829094
-9.7656255e-07 14.104615 0.53597635
0.10632483 14.15817 0.59197772
0.30060384 14.081102 0.55747592
0.72019923 14.131993 0.62117672
2.0545633 14.12277 0.60470659
2.4656672 14.14915 0.54847348
2.6178882 14.134241 0.60299999
2.8463702 14.113537 0.66561729
3.0102215 14.159509 0.61841953
14.221768 14.114222 0.53742427
14.341866 14.126699 0.5190984
14.631763 14 0.55089438
24.326393 14.118639 0.64986575
24.5 14.133044 0.63430929
27.437895 14.124378 0.56716669
27.629377 14.12185 0.61328238
27.851583 14.084613 0.63230306
28.049652 14.138702 0.61742067
28.560001 14.138515 0.64691257
0.086815059 14.362156 0.58525604
0.30194896 14.339065 0.57378781
0.69855762 14.376804 0.61383826
2.0545635 14.376236 0.63385856
2.4618554 14.415059 0.57665056
2.61958 14.373384 0.60299999
2.7998993 14.365309 0.65521049
3.0122087 14.391122 0.60756308
14.224185 14.402204 0.54324228
14.32943 14.36265 0.52255177
24.321377 14.371277 0.59344482
24.5 14.391419 0.61203563
27.40926 14.340534 0.56355321
27.619144 14.393598 0.55179495
27.810247 14.433236 0.56289363
28 14.491194 0.54977643
28.390173 14.442276 0.64405847
28.549875 14.350952 0.6064291
0.097058415 14.612866 0.58372998
0.36578321 14.62847 0.53735948
0.67931277 14.616991 0.60160089
2.0959768 14.622219 0.57471776
2.3731475 14.614165 0.52484071
2.5967784 14.609969 0.60299999
2.8342113 14.640903 0.65797907
3.0114572 14.591657 0.61167061
14.208874 14.634274 0.52570391
14.351068 14.618582 0.51593632
24.3246 14.60155 0.62969625
24.5 14.631771 0.60746986
27.395391 14.606091 0.56
27.953682 14.651993 0.51968735
28.10961 14.613685 0.64766663
28.267601 14.522188 0.61236179
-9.7656255e-07 14.823918 0.53266758
0.091272682 14.899043 0.58476287
0.39197034 14.868258 0.54234707
0.66132659 14.864825 0.57927102
0.88153344 14.947111 0.66652769
1.1196222 14.946256 0.66755581
1.3636367 14.929649 0.6875025
1.5777656 14.936033 0.6798352
1.9098784 14.941843 0.66468477
2.1279123 14.886552 0.56394404
2.3972228 14.879812 0.53515297
2.6309371 14.845917 0.60299999
2.8295445 14.868342 0.64825451
3.0157106 14.876952 0.58568227
14.22332 14.803286 0.54451346
14.388778 14.88621 0.56996578
14.595957 14.927742 0.56553781
14.809285 14.955428 0.53358686
24.323095 14.865652 0.61277139
24.5 14.834949 0.63063061
26.720507 14.943916 0.69643271
26.862907 14.873902 0.63125849
27.136971 14.845 0.63357437
27.375202 14.851645 0.63441855
27.615448 14.867143 0.66729492
27.857481 14.845 0.63079399
28.016441 14.868157 0.62080514
0.10037903 15 0.59922999
0.35175878 15 0.64285719
0.6551649 15 0.62116438
0.90550202 15 0.60775572
1.1014978 15 0.57688814
1.3527803 15 0.61157179
1.6186746 15 0.60435003
1.849834 15 0.57032335
4.8873019 3.3567216 0.04238886
5.1286197 3.3664372 0.084861226
5.3681712 3.3568783 0.1212794
5.6151752 3.367372 0.10181129
5.8726172 3.3649671 0.11439228
6.1116004 3.3454485 0.077459171
6.37994 3.3511474 0.037541617
6.6243353 3.3486476 0.042762965
6.8467484 3.3208265 0.0089915944
7.1084104 3.4451087 0.0015
7.4085469 3.3682256 0.0024000001
7.6547947 3.3755424 0.001
7.9611883 3.4558821 0.0015
8.1292095 3.3665826 0.0020000001
8.4071226 3.3726687 0.00075000001
8.6270351 3.4007041 0.001
8.8903332 3.355252 0.0015
9.1473637 3.3987067 0.0022499999
9.3962536 3.3990169 0.00075000001
9.6308575 3.3456404 0.001
9.8664484 3.3535058 0.0018
10.100984 3.3403926 0.0015
10.412897 3.3675811 0.070318788
10.629953 3.3738072 0.060188517
10.884137 3.3987088 0
11.124069 3.3652852 0.10453548
11.323193 3.3761587 0.014342737
11.639713 3.4707341 0
11.90369 3.3681269 0
12.381238 3.4110141 0
12.674253 3.3855 0
12.867862 3.3659253 2.8744847e-17
13.140043 3.369175 6.7651125e-17
13.381354 3.3899951 3.7533946e-17
13.612249 3.3864505 4.7333781e-18
13.870696 3.4218228 3.4186388e-18
14.124399 3.3689613 0
14.379282 3.3716817 0
14.635798 3.368175 0
14.889697 3.3696156 0
15.118779 3.4003737 0
15.383241 3.3718703 0
15.541317 3.375236 0
15.837845 3.4121332 0
16.127266 3.4011712 0
16.362925 3.3609025 0.10093935
16.592249 3.3888755 0.046110664
16.870111 3.3881366 0.0024000001
17.141064 3.4249671 0.0020000001
17.358492 3.4005287 0.0015
17.635485 3.3655286 0.053992383
17.882277 3.394048 0.033292729
18.11972 3.3812418 0.003
18.401884 3.3905466 0.0024000001
18.663986 3.3840752 0.00060000003
18.853119 3.4165461 0.001
19.126081 3.3575349 0.00075000001
19.361628 3.3308136 0.0018000001
19.628321 3.392046 0.00060000003
19.897709 3.3864284 0.0012857143
20.155006 3.4397113 4.3079675e-11
20.350855 3.3308029 0.00060000009
20.645823 3.3793361 0.0012857143
20.868444 3.3576381 0.00050000002
21.137686 3.3983455 0.0012000001
21.391611 3.3958538 0.0012000001
21.603893 3.3796103 0.0012000001
21.866161 3.3795896 0.00050000008
22.11919 3.3424759 0.0015
22.383995 3.4043496 0.0015
22.638933 3.3720129 0.10953846
22.894341 3.357826 0.11866666
23.117243 3.3816969 0.1221
23.373199 3.3745334 0.116
23.627502 3.3855207 0.11642857
23.887577 3.3890917 0.11891667
24.146479 3.3930678 0.091555558
24.391035 3.3912771 0.13583332
24.654408 3.356204 0.11127272
24.893572 3.3547792 0.090267673
25.172327 3.3870578 0.068909794
25.418159 3.3596766 0.001
25.594263 3.4002211 0.082726285
25.852137 3.377974 0.079919621
26.126717 3.4078166 0.076704957
26.37254 3.39762 0.078913406
26.626286 3.4161444 0.088661328
26.856277 3.3828366 0.067158088
27.104195 3.3833046 0.069769807
27.37088 3.3911593 0.098561592
27.637093 3.3832922 0.108043
27.8631 3.3790221 0.003
28.072824 3.3785448 0.046845876
28.363604 3.3889887 0
-3.6791282 3.6270773 0.06106117
-3.366504 3.6030934 0
-3.0989609 3.628022 0
-2.8986363 3.6397049 0
-2.6449499 3.6524882 0
-2.4163561 3.6134379 0
-2.1372895 3.627964 0
-1.8695211 3.6181448 0
-1.6408944 3.6133356 0
-1.3726107 3.6294482 0
-1.0918883 3.6552112 0
-0.87923574 3.6337049 0
-0.70224398 3.6167662 0.098906055
-0.35480481 3.6467946 0
-0.08631289 3.6232951 0.069153994
0.079830773 3.619282 0.06485796
0.3594012 3.6258845 0.0015
0.61151356 3.6238427 0.0021428571
0.90263838 3.6175284 0.001
1.1235169 3.5911767 0.0018
1.3312917 3.6191952 0.001
1.6165861 3.5752349 0.0012000001
1.8304185 3.6682289 0.0015
2.1581659 3.6633563 0.0012000001
2.3674564 3.6357226 0.0015
2.643503 3.6327605 0.0012000001
2.9029696 3.5842919 0
3.1162291 3.6281717 0.0022499999
3.349618 3.6317158 0
3.6058791 3.6149652 0.085451432
3.8729961 3.6589479 0.00075000001
4.1236453 3.6078763 0.0012857142
4.398344 3.6238811 0.0015
4.7132897 3.6389847 0.00099999993
4.873549 3.6158125 0.0020000001
5.122468 3.6269727 0.0025714287
5.3416843 3.6360056 0.001
5.621552 3.5964632 0.001
5.8419104 3.6502743 0.001
6.1143394 3.601063 0.00075000001
6.3612318 3.5676391 0.0015
6.602211 3.6433859 0.001
6.8640766 3.6097078 0.0020000001
7.090414 3.6142843 0.0022499999
7.3713851 3.6458454 0.00099999993
7.6221886 3.6221161 0.0020000001
7.858623 3.6178782 0.0014000001
8.1104345 3.6349759 0.0031599998
8.365694 3.6083241 0.0014666667
8.6569395 3.6603503 0.003
8.8744659 3.6231945 0.0020000001
9.0946341 3.6635041 0.0019428571
9.3386707 3.6300411 0.0018000001
9.6257792 3.6337891 0.0015
9.8536034 3.6314886 0.0019666667
10.133874 3.5970378 0.0022500001
10.420437 3.6165893 0.076948494
10.622725 3.6380498 0.082547016
10.868654 3.6423962 0
11.124909 3.634584 0
11.316871 3.6185794 0.11430304
22.383734 11.610431 0.079785265
22.630085 11.67209 0.10002285
22.876854 11.63646 0.075765513
23.142935 11.640643 0.10846218
23.370014 11.634289 0.082767308
23.627241 11.633337 0.097599171
23.891039 11.641323 0.097948886
24.130344 11.641069 0.086564749
24.307486 11.622007 0.070003368
24.552725 11.611572 0.081114046
24.883068 11.609347 0.0012857143
25.138544 11.634003 0.0017142857
25.428017 11.628198 0.0018
25.629597 11.645221 0.0015
25.878963 11.631535 0.0015
26.146864 11.601883 0.0012000001
26.366938 11.662045 0.001
26.593529 11.601852 0
26.911655 11.625034 0.0024999999
27.168552 11.693226 0.0015
27.361034 11.731724 0.003
27.611727 11.663379 0.003
27.854383 11.665499 0.003
28.064285 11.61222 0.061677452
28.37388 11.62252 0
-1.5986228 11.886092 0.098572925
-1.3639338 11.863409 0.065265186
-1.1223794 11.862661 0.054266073
-0.87120402 11.85431 0.076113664
-0.61503851 11.858095 0.081705593
-0.40381631 11.905456 0.048590936
-0.098047607 11.855576 0.073954836
0.072384588 11.882322 0.05084436
0.34704208 11.882691 0.070171401
0.66414201 11.828914 0.0018
0.8804214 11.865973 0.0015
1.124436 11.886228 0.0021428571
1.4181116 11.8718 0.0024999999
1.7123965 11.85137 0.003
1.8569981 11.894386 0.0024000001
2.086731 11.88099 0.0015
2.3960004 11.879712 0.056926996
2.629637 11.861148 0.0021428571
2.8206177 11.886761 0.083038025
3.1101491 11.879495 0.10853121
3.3756456 11.887149 0.12515384
3.6332934 11.874383 0.10976923
3.8670797 11.861683 0.1018
4.1227694 11.881037 0.15224999
4.3883133 11.870588 0.11841666
4.6130786 11.891899 0.10976923
4.863358 11.854823 0.11127272
5.1136217 11.87213 0.11311111
5.3622937 11.851017 0.093923077
5.6220303 11.867762 0.029151494
5.8676462 11.904374 0.001
6.1506295 11.89051 0.001
6.4115214 11.87983 0.0012000001
6.6460638 11.865028 0.0015
6.8571534 11.849862 0.00075000001
7.1158133 11.885314 0.00042857142
7.3600464 11.852647 3.0748613e-13
7.627667 11.869187 0.001
7.9041362 11.888393 0.001
8.1200714 11.857558 0.00050000002
8.374299 11.9033 0.0012000001
8.6178493 11.838632 0.001
8.8754978 11.872259 0.00050000002
9.1193562 11.82137 0
9.3502798 11.846734 5.4274832e-14
9.6596727 11.868722 0.0018
9.8985672 11.903734 0.00050000002
10.175258 11.897757 0.026863836
10.35918 11.864946 0.081959635
10.567356 11.85703 0.01525039
10.849487 11.893023 0.0020000001
11.12652 11.84193 0.0022499999
11.408552 11.848576 0.0024000001
11.636665 11.874907 0.080951288
11.846759 11.878857 0.085739672
12.111854 11.871354 0
12.373353 11.861236 0
12.623111 11.876655 0
12.866468 11.879169 0
13.124503 11.860261 0
13.389378 11.888213 0
13.654997 11.848736 1.0345408e-17
13.88051 11.855259 9.5759391e-19
14.10351 11.851719 0
14.354925 11.892569 0
14.619992 11.868939 0
14.877768 11.868854 0
15.114118 11.850305 0
15.371575 11.888214 0
15.633059 11.878798 0
15.88904 11.869766 0
16.107918 11.862493 0
16.365858 11.877769 0
16.607914 11.864246 0
16.895683 11.855343 0.021210326
17.130756 11.829529 0.062531784
17.371891 11.832719 0.080203645
17.61602 11.882174 0.065441132
17.887035 11.914884 0.001
18.137253 11.867682 0.0024000001
18.396288 11.872058 0.0015
18.623318 11.978786 0.0015
18.879084 11.844254 0.001
19.168407 11.855226 0.0021428571
19.388342 11.86216 0.0018
19.626204 11.855341 0.0024000001
19.841738 11.895144 0.0015
20.121632 11.864763 0.00075000001
20.346737 11.874874 0.001
20.590996 11.897521 0.0015
20.879313 11.878984 0.012577138
21.12801 11.896315 0.032653786
21.370502 11.894737 0.06845808
21.623501 11.871007 0.072619669
21.891384 11.843082 0.12622605
22.12278 11.882533 0.13961436
22.35755 11.882537 0.145
22.62245 11.902695 0.12927273
22.886099 11.890163 0.10826667
23.140139 11.875286 0.092454545
23.39138 11.878442 0.09376923
23.618885 11.863529 0.092272729
23.855688 11.87886 0.09376923
24.113789 11.857539 0.09558823
24.350636 11.857453 0.082371064
24.555813 11.869251 0.067697458
24.862024 11.860312 0
25.117062 11.8767 0.0021428571
25.400614 11.921676 0.0020000001
21.855106 15.004963 0.38962662
22.138458 15.006 0.35804659
22.37429 15.007605 0.34237942
22.601215 15.004909 0.35264391
22.883947 15.008 0.34823143
23.124527 15.007414 0.3610059
23.366514 15.00327 0.35654625
23.607203 15.008145 0.36939564
23.864534 15.004785 0.35321978
24.135118 15.007999 0.33900636
24.386356 15.00675 0.36867395
24.628084 15.00852 0.35393858
24.862446 15.005809 0.35570154
25.13028 15.004169 0.3593021
25.394697 15.001565 0.38109237
25.64687 15.004034 0.35483465
25.887959 15.01125 0.34430701
26.133612 15.005129 0.36485013
26.388626 15.006088 0.36788183
26.656286 15.002364 0.35796297
26.895803 15.0036 0.34766161
27.122076 15.003593 0.37762624
27.367779 15.001539 0.36353731
27.634132 15.006545 0.35095146
27.877052 15.004499 0.36444193
28.006001 15.002192 0.37730014
0.47821191 -4.8828127e-07 0.73787242
0.89698535 -4.8828127e-07 0.59794378
25.497112 -4.8828127e-07 0.55021048
25.949146 -4.8828127e-07 0.59975421
26.788832 -4.8828127e-07 0.58693361
-0.01531315 0.18354753 0.62375581
0.085694604 0.067193612 0.62522453
0.36296988 0.06526316 0.62029248
0.61740428 0.073825926 0.60971922
0.87403059 0.054705855 0.63488793
1.1427242 0.066965334 0.62193882
1.3151697 0.03522126 0.67567545
1.6180904 0 0.64285719
1.8994975 0 0.64285719
2.1105528 0 0.64285719
2.3216081 0 0.64285719
2.6030149 0 0.64285719
2.8844223 0 0.64285719
3.1658292 0 0.64285719
3.3768845 0 0.64285719
3.5937636 0.077432059 0.629565
3.8693466 0 0.64285719
4.150754 0 0.64285719
4.3618093 0 0.64285719
4.5728645 0 0.64285719
4.8542714 0 0.64285719
5.1356783 0 0.64285719
5.4170856 0 0.64285719
5.6281409 0 0.64285719
5.8391962 0 0.64285719
6.1206031 0 0.64285719
6.40201 0 0.64285719
6.6130652 0 0.64285719
6.8241205 0 0.64285719
7.1055279 0 0.64285719
7.3869343 0 0.64285719
7.6683416 0 0.64285719
7.8793969 0 0.64285719
8.0904522 0 0.64285719
8.3718596 0 0.64285719
8.6532669 0 0.64285719
8.8643217 0 0.64285719
9.0753765 0 0.64285719
9.3567839 0 0.64285719
9.6381912 0 0.64285719
9.9195976 0 0.64285719
10.130653 0 0.64285719
10.341709 0 0.64285719
10.623116 0 0.64285719
10.904523 0 0.64285719
11.115578 0 0.64285719
11.326633 0 0.64285719
11.60804 0 0.64285719
11.889447 0 0.64285719
12.170855 0 0.64285719
12.381909 0 0.64285719
12.592965 0 0.64285719
12.874372 0 0.64285719
13.159525 0.024192523 0.59259486
13.392137 0.047959816 0.5772742
13.598094 0.062590629 0.58182067
13.829823 0.061220296 0.6071285
14.140703 0 0.64285719
14.422111 0 0.64285719
14.633165 0 0.64285719
14.844221 0 0.64285719
15.125628 0 0.64285719
15.407035 0 0.64285719
15.618091 0 0.64285719
15.829145 0 0.64285719
16.110554 0 0.64285719
16.39196 0 0.64285719
16.673367 0 0.64285719
16.884422 0 0.64285719
17.095478 0 0.64285719
17.376884 0 0.64285719
17.658291 0 0.64285719
17.869347 0 0.64285719
18.080402 0 0.64285719
18.361809 0 0.64285719
18.643215 0 0.64285719
18.924622 0 0.64285719
19.135679 0 0.64285719
19.346733 0 0.64285719
19.628139 0 0.64285719
19.909548 0 0.64285719
20.120604 0 0.64285719
20.331657 0 0.64285719
20.613064 0 0.64285719
20.894474 0 0.64285719
21.17588 0 0.64285719
21.386934 0 0.64285719
21.59799 0 0.64285719
21.879398 0 0.64285719
22.160805 0 0.64285719
22.371859 0 0.64285719
22.582916 0 0.64285719
22.864323 0 0.64285719
23.145729 0 0.64285719
23.427135 0 0.64285719
23.638191 0 0.64285719
23.849247 0 0.64285719
24.130653 0 0.64285719
24.41206 0 0.64285719
24.623116 0 0.64285719
24.90086 0.051650602 0.63239038
25.149847 0.053277534 0.63170397
25.392342 0.066302329 0.60431856
25.645597 0.078373045 0.56939578
25.900734 0.11254692 0.60137308
26.114346 0.018590998 0.63040584
26.374554 0.019360619 0.62464595
26.628901 0.026668897 0.64629048
26.90164 0.026742553 0.62994701
27.104294 0.031895552 0.64652652
27.348373 0.081746265 0.59395862
27.637264 0.076316126 0.56968194
27.905315 0.079592288 0.58806562
28 0.060284548 0.59427071
-0.27186719 0.46916747 0.60188353
-0.094839007 0.38600293 0.61579263
0.013405274 0.3809956 0.53499997
0.6258564 0.41925293 0.5432936
3.5758629 0.36501196 0.61178333
13.680946 0.38003674 0.52572405
13.77429 0.39936352 0.54762447
24.981472 0.33640707 0.57305181
25.170387 0.36169901 0.63932121
25.387274 0.37033603 0.60299999
25.641863 0.37163517 0.52295381
25.900934 0.39743915 0.58923846
27.316706 0.37348333 0.59335929
27.63662 0.37314472 0.54325032
27.87137 0.37805328 0.60299999
28 0.37634522 0.53730106
-0.55590069 0.67455095 0.6195507
-0.41487277 0.56840575 0.64015871
0.12953663 0.55815798 0.54545724
0.40112376 0.61339217 0.56388164
0.59376782 0.66096193 0.5529263
3.5879774 0.63180178 0.62257451
13.664029 0.63209099 0.52055192
13.799647 0.63982594 0.51460993
24.984108 0.62009597 0.58174258
25.225239 0.70734227 0.53638399
1.8876092 15 0.67608964
2.1105528 15 0.64285719
2.3216081 15 0.64285719
2.6163714 15 0.60277069
2.9033971 15 0.62417227
3.1658292 15 0.64285719
3.3768845 15 0.64285719
3.5879397 15 0.64285719
3.8693466 15 0.64285719
4.150754 15 0.64285719
4.3618093 15 0.64285719
4.5728645 15 0.64285719
4.8542714 15 0.64285719
5.1356783 15 0.64285719
5.4170856 15 0.64285719
5.6281409 15 0.64285719
5.8391962 15 0.64285719
6.1206031 15 0.64285719
6.40201 15 0.64285719
6.6130652 15 0.64285719
6.8241205 15 0.64285719
7.1055279 15 0.64285719
7.3869343 15 0.64285719
7.6683416 15 0.64285719
7.8793969 15 0.64285719
8.0904522 15 0.64285719
8.3718596 15 0.64285719
8.6532669 15 0.64285719
8.8643217 15 0.64285719
9.0753765 15 0.64285719
9.3567839 15 0.64285719
9.6381912 15 0.64285719
9.9195976 15 0.64285719
10.130653 15 0.64285719
10.341709 15 0.64285719
10.623116 15 0.64285719
10.904523 15 0.64285719
11.115578 15 0.64285719
11.326633 15 0.64285719
11.60804 15 0.64285719
11.889447 15 0.64285719
12.170855 15 0.64285719
12.381909 15 0.64285719
12.592965 15 0.64285719
12.874372 15 0.64285719
13.155779 15 0.64285719
13.366835 15 0.64285719
13.577889 15 0.64285719
13.859297 15 0.64285719
14.140703 15 0.64285719
14.413301 15 0.61254954
14.636959 15 0.61017805
14.844221 15 0.64285719
15.125628 15 0.64285719
15.407035 15 0.64285719
15.618091 15 0.64285719
15.829145 15 0.64285719
16.110554 15 0.64285719
16.39196 15 0.64285719
16.673367 15 0.64285719
16.884422 15 0.64285719
17.095478 15 0.64285719
17.376884 15 0.64285719
17.658291 15 0.64285719
17.869347 15 0.64285719
18.080402 15 0.64285719
18.361809 15 0.64285719
18.643215 15 0.64285719
18.924622 15 0.64285719
19.135679 15 0.64285719
19.346733 15 0.64285719
19.628139 15 0.64285719
19.909548 15 0.64285719
20.120604 15 0.64285719
20.331657 15 0.64285719
20.613064 15 0.64285719
20.894474 15 0.64285719
21.17588 15 0.64285719
21.386934 15 0.64285719
21.59799 15 0.64285719
21.879398 15 0.64285719
22.160805 15 0.64285719
22.371859 15 0.64285719
22.582916 15 0.64285719
22.864323 15 0.64285719
23.145729 15 0.64285719
23.427135 15 0.64285719
23.638191 15 0.64285719
23.849247 15 0.64285719
24.130653 15 0.64285719
24.423244 15 0.63341695
24.623116 15 0.64285719
24.834171 15 0.64285719
25.115578 15 0.64285719
25.396984 15 0.64285719
25.678391 15 0.64285719
25.889448 15 0.64285719
26.100502 15 0.64285719
26.381908 15 0.64285719
26.680204 15 0.66267461
26.90798 15 0.6277653
27.120905 15 0.61777276
27.401955 15 0.62451899
27.647755 15 0.64553332
27.876972 15 0.60569882
28 15 0.64285719
0.35373926 -4.8828127e-07 0.94558209
0.53701466 -4.8828127e-07 0.83544576
3.5762422 -4.8828127e-07 0.88320446
-0.017339356 0.14169312 0.85551536
0.091250382 0.08841604 0.85389405
0.36502525 0.08346165 0.87269992
0.62959707 0.067812502 0.86858094
0.88715231 0.062282715 0.86472934
1.1362633 0.092368968 0.88401568
1.3545039 0.060354527 0.90316433
1.6180904 0 0.85714287
1.8994975 0 0.85714287
2.1105528 0 0.85714287
2.3216081 0 0.85714287
2.6030149 0 0.85714287
2.8844223 0 0.85714287
3.1658292 0 0.85714287
3.4384418 0.0066757812 0.88289297
3.5825381 0.094587758 0.87071496
3.8693466 0 0.85714287
4.150754 0 0.85714287
4.3618093 0 0.85714287
4.5728645 0 0.85714287
4.8542714 0 0.85714287
5.1356783 0 0.85714287
5.4170856 0 0.85714287
5.6281409 0 0.85714287
5.8391962 0 0.85714287
6.1206031 0 0.85714287
6.40201 0 0.85714287
6.6130652 0 0.85714287
6.8241205 0 0.85714287
7.1055279 0 0.85714287
7.3869343 0 0.85714287
7.6683416 0 0.85714287
7.8793969 0 0.85714287
8.0904522 0 0.85714287
8.3718596 0 0.85714287
8.6532669 0 0.85714287
8.8643217 0 0.85714287
9.0753765 0 0.85714287
9.3567839 0 0.85714287
9.6381912 0 0.85714287
9.9195976 0 0.85714287
10.130653 0 0.85714287
10.341709 0 0.85714287
10.623116 0 0.85714287
10.904523 0 0.85714287
11.115578 0 0.85714287
11.326633 0 0.85714287
11.60804 0 0.85714287
11.889447 0 0.85714287
12.170855 0 0.85714287
12.381909 0 0.85714287
12.592965 0 0.85714287
12.874372 0 0.85714287
13.155779 0 0.85714287
13.366835 0 0.85714287
13.577889 0 0.85714287
13.859297 0 0.85714287
14.140703 0 0.85714287
14.422111 0 0.85714287
14.633165 0 0.85714287
14.844221 0 0.85714287
15.125628 0 0.85714287
15.407035 0 0.85714287
15.618091 0 0.85714287
15.829145 0 0.85714287
16.110554 0 0.85714287
16.39196 0 0.85714287
16.673367 0 0.85714287
16.884422 0 0.85714287
17.095478 0 0.85714287
17.376884 0 0.85714287
17.658291 0 0.85714287
17.869347 0 0.85714287
18.080402 0 0.85714287
18.361809 0 0.85714287
18.643215 0 0.85714287
18.924622 0 0.85714287
19.135679 0 0.85714287
19.346733 0 0.85714287
19.628139 0 0.85714287
19.909548 0 0.85714287
20.120604 0 0.85714287
20.331657 0 0.85714287
20.613064 0 0.85714287
20.894474 0 0.85714287
21.17588 0 0.85714287
21.386934 0 0.85714287
21.59799 0 0.85714287
21.879398 0 0.85714287
22.160805 0 0.85714287
22.371859 0 0.85714287
22.582916 0 0.85714287
22.864323 0 0.85714287
23.145729 0 0.85714287
23.427135 0 0.85714287
23.638191 0 0.85714287
23.849247 0 0.85714287
24.130653 0 0.85714287
24.41206 0 0.85714287
24.623116 0 0.85714287
24.834171 0 0.85714287
25.118109 0.089073509 0.80607855
25.396984 0 0.85714287
25.678391 0 0.85714287
25.928442 0.12188167 0.82946879
26.135601 0.14058416 0.82834089
26.372768 0.12186914 0.83409917
26.633858 0.12726325 0.82847613
26.873209 0.16459277 0.83247083
27.122887 0.12819189 0.84169382
27.323317 0.10890918 0.84394801
27.648243 0 0.85714287
27.859297 0 0.85714287
28 0 0.85714287
-0.27047899 0.46763769 0.89698243
-0.12377474 0.39871892 0.83455193
3.5825272 0.38149977 0.87021476
25.107353 0.37610713 0.79736185
25.945436 0.39151931 0.89981782
26.084827 0.27646321 0.93507755
26.383665 0.29311207 0.95507562
26.601124 0.27990088 0.93920678
26.93169 0.31379271 0.97991693
27.084814 0.28698844 0.94772029
27.275694 0.367342 0.87101185
-0.55842185 0.66648269 0.82473075
-0.41194031 0.56621873 0.89518136
0.20290039 0.74371129 0.93524551
3.499999 0.61382717 0.88052619
3.5615904 0.63976699 0.87127757
25.114445 0.61434126 0.79721612
25.885025 0.65812397 0.88844156
26.116531 0.66493624 0.8667621
26.360163 0.67185301 0.85987031
26.637953 0.68002778 0.85430938
26.857067 0.68569809 0.8316561
27.110214 0.68891221 0.83729243
27.333345 0.65212715 0.86338997
-0.56187499 0.85751593 0.87447965
-0.067010157 0.84125417 0.84471363
0.15355018 0.9237895 0.84048605
0.32394141 0.79915887 0.86005002
1.161649 0.88921338 0.92818129
1.2983071 0.87000394 0.91117257
3.5819509 0.88017911 0.87734658
25.108915 0.86263943 0.79450125
25.635353 0.89567405 0.85949576
25.881395 0.86224705 0.78018701
26.110252 0.84651458 0.77618623
26.374285 0.86259639 0.78178728
26.609497 0.89210403 0.76918489
11.268911 3.5244565 0.029090883
11.604046 3.6116216 0
11.877364 3.7137322 0
12.100371 3.635076 0
12.330911 3.6277051 0
12.606035 3.6429148 0
12.857876 3.6162367 5.4494295e-17
13.126286 3.6197143 6.8968308e-17
13.38179 3.640449 3.1635139e-17
13.622565 3.6378715 1.7213825e-17
13.859926 3.6507263 1.5561517e-18
14.131507 3.6045573 0
14.3772 3.6520519 0
14.642633 3.6200652 0
14.895534 3.6135485 0
15.152715 3.620333 0
15.360845 3.6144805 0
15.607994 3.635987 0
15.91506 3.6539519 0
16.074574 3.6119561 0
16.403751 3.5950499 0.070667319
16.609648 3.6503127 0.11234293
16.910994 3.5860868 0.0015
17.122988 3.6258721 0.003
17.368153 3.6330123 0.0027142859
17.635162 3.6165681 0.001
17.888048 3.5977974 0.086005613
18.085735 3.6475811 0.029199455
18.347059 3.6175444 0.0012000001
18.604691 3.6304111 0.00060000003
18.852898 3.6133773 0.0011999999
19.129606 3.5951245 0.00085714285
19.341843 3.668483 0.00075000001
19.622757 3.5890455 4.7826711e-11
19.898016 3.6327655 0
20.119053 3.6033602 0.00050000008
20.368126 3.6559415 0.00060000003
20.633932 3.5724292 0.0022500001
20.886467 3.6350646 0.0015000001
21.151285 3.6449902 0.0024000001
21.350548 3.6304498 0.0015
21.635933 3.6062193 0.0015000001
21.815744 3.6402357 5.6018388e-11
22.109467 3.606504 0.00050000008
22.393759 3.6331782 0.066612609
22.618139 3.6357887 0.11099999
22.8713 3.6180661 0.08742857
23.133488 3.6173346 0.13
23.360565 3.6404696 0.085083336
23.627777 3.6028998 0.094846152
23.879576 3.6270044 0.12945454
24.133888 3.6144233 0.11891666
24.378319 3.6369638 0.11127272
24.613537 3.6448736 0.13566667
24.897827 3.6224122 0.1334368
25.179972 3.6228535 0.065923892
25.371244 3.6018536 0.096885726
25.615862 3.6027415 0.032075912
25.902256 3.61656 0.0015
26.105221 3.5888886 0.0020000001
26.398922 3.7230129 0
26.617489 3.6510701 0.11078094
26.895569 3.6231403 0.060337108
27.134281 3.6103177 0.093776576
27.363256 3.6477168 0.079166085
27.627914 3.5876243 0.070503674
27.904535 3.6047542 0.12127011
28.088821 3.6319718 0.038392656
28.392807 3.6317995 0
-3.6770329 3.8624072 0.093387894
-3.3702347 3.8553083 0
-3.1113613 3.8971326 0
-2.8905857 3.870012 0
-2.6271482 3.9161959 0
-2.3526118 3.883074 0
-2.1339242 3.8555326 0
-1.8911057 3.8787179 0
-1.6293281 3.875993 0
-1.3776546 3.8979843 0
-1.1235485 3.8812792 0
-0.8483662 3.8888836 0
-0.70381695 3.8720973 0.11300541
-0.37131625 3.8621719 0
-0.080437206 3.8778958 0.047450438
0.0056508789 3.8879147 0.078307152
0.39124221 3.8674254 0.00060000003
0.64323729 3.8852868 0.0018
0.87160903 3.8371432 0.001
1.1018007 3.8855863 0.001
1.4163396 3.865298 0.0018
1.5715611 3.8778663 0.003
1.8690952 3.8605857 0.0015
2.1489379 3.8856606 0.0018
2.4117441 3.9604225 0
2.6592543 3.8757968 0.003
2.8964367 3.8784928 0.003
3.1061301 3.831008 0.003
3.3862782 3.8600836 0.0012000001
3.5974982 3.8720767 0.095668226
3.8575218 3.8324606 0.0020000001
4.0419207 3.8996673 0.003
4.370924 3.8819096 0
4.7036242 3.8065062 0
4.8683896 3.8976686 0.001
5.0990858 3.8901386 0.001
5.3373704 3.862344 0.00060000003
5.6612978 3.8765202 0
5.8779707 3.8905187 0.0015
6.1683335 3.8836789 0.0015
6.3786025 3.8794284 0
6.6104193 3.8692024 0.0023714285
6.922369 3.9287055 0.0022499999
7.1443019 3.8704004 0.0022499999
7.3484812 3.8447618 0.0015
7.6193099 3.9157555 0.0018
7.8665247 3.8651066 0.0015
8.1636934 3.8413787 0.00050000002
8.383708 3.8747721 0.0020000001
8.633008 3.8676434 0.0018
8.8781214 3.8861315 0.0024999999
9.1182938 3.9437301 0.0015
9.3542957 3.8875341 0.0015
9.6521854 3.8708997 0.00042857142
9.8893805 3.8800423 0.0024000001
10.091098 3.8773899 0.0020000001
10.42226 3.8630521 0.079242326
10.634706 3.8980241 0.074800886
10.900945 3.8499897 0
11.159603 3.8944998 0.098531954
11.33519 3.8488686 0.043847844
11.61283 3.8383565 0
11.863391 3.9064047 0
12.163504 3.9040787 0
12.377126 3.8917546 0
12.620815 3.8662596 3.212798e-17
12.869816 3.8712332 1.9273077e-17
13.101332 3.8626158 5.5360654e-17
13.369236 3.8849394 3.3671006e-17
13.636983 3.8790555 1.783215e-17
13.885336 3.9008904 9.5818617e-18
14.132606 3.8562629 0
14.353972 3.8763864 0
14.622915 3.9082906 0
14.869305 3.8546643 0
15.105488 3.8672316 0
15.395685 3.8737855 0
15.627374 3.8942144 0
15.88817 3.8581023 0
16.133608 3.8915145 0
16.394505 3.8210487 0
16.686554 3.8553336 0.095514856
16.859907 3.9023283 0.094846323
17.095411 3.8491211 0.0020000001
17.35935 3.8893111 0.0026
17.612926 3.860811 0.0020000001
17.881594 3.8985887 0.0014000001
18.147949 3.8797712 0.0899432
18.384567 3.8746228 0.0012857143
18.62203 3.8777924 0.00074999995
18.85495 3.8795836 0.0012857143
19.099039 3.8803334 0.001
19.40325 3.9261189 0.0015
25.389147 11.898016 0.0022499999
25.658112 11.894121 0.003
25.876781 11.888725 0.0015
26.092916 11.887042 0.00075000001
26.382812 11.864435 0.001
26.621935 11.870359 0.0022499999
26.872002 11.886273 0.0022499999
27.083603 11.851352 0
27.392687 11.885739 0.0015
27.613092 11.866103 0.0015
27.885473 11.894622 0.0012857143
28.068336 11.86945 0.091520324
28.378414 11.884156 0
-1.6061038 12.140419 0.056529958
-1.3718148 12.127861 0
-1.1021508 12.152105 0
-0.86737025 12.112593 0
-0.6300422 12.135507 0
-0.44602215 12.121942 0.092459314
-0.10953819 12.112997 0.02695086
0.086663306 12.116087 0.047343407
0.33025506 12.127713 0.095491312
0.67452228 12.1161 0.079310983
0.86315072 12.130311 0.067770496
1.1115551 12.111062 0.061631434
1.3727579 12.093926 0.098134972
1.6170312 12.137877 0.060299743
1.8927091 12.11384 0.081966408
2.0980773 12.179875 0.068632759
2.4116671 12.13057 0.075185962
2.6253293 12.099289 0.0015
2.80316 12.125484 0.070824683
3.1177642 12.130248 0.098420784
3.3808672 12.134522 0.11891666
3.6281478 12.135844 0.1218
3.8756704 12.119742 0.096058823
4.1349621 12.132432 0.11891666
4.3910565 12.130142 0.12492307
4.6390948 12.129807 0.10174999
4.8653359 12.11113 0.10953846
5.1302886 12.132887 0.12239999
5.3731933 12.117913 0.1227
5.5866742 12.111692 0.11621846
5.8783011 12.134447 2.6751664e-13
6.1296105 12.094702 0.0012000001
6.3491054 12.149813 4.6581228e-13
6.6255651 12.113044 0.00060000003
6.8664818 12.166892 0.00060000003
7.1328535 12.163143 0.00060000003
7.3880644 12.125822 0.001
7.6176753 12.146521 0.0015
7.8287106 12.137847 0.0018
8.1457195 12.144011 0.00085714285
8.3959284 12.145287 1.4255154e-13
8.6765633 12.12752 0.0015
8.916441 12.127077 0.0015
9.1338081 12.064351 0.0015
9.3698006 12.111012 0.00075000001
9.618783 12.144287 0.0011250001
9.8847723 12.145601 0.042324189
10.134523 12.148676 0.1004208
10.381386 12.12662 0.11335807
10.620508 12.127801 0.047369417
10.849114 12.141082 0.00060000003
11.128509 12.10457 0.0015
11.371202 12.113054 0.0015
11.609156 12.109871 0.0022499999
11.879505 12.109849 0.097911373
12.101199 12.148052 0.046887469
12.36161 12.152205 0
12.621148 12.12963 0
12.898257 12.114131 0
13.133074 12.099514 0
13.363568 12.122838 0
13.626456 12.124544 4.1082847e-18
13.871596 12.108974 8.5427425e-18
14.106589 12.127687 0
14.368265 12.144589 0
14.636997 12.112349 0
14.869152 12.120865 0
15.138164 12.121431 0
15.367985 12.118862 0
15.617811 12.138494 0
15.849478 12.121503 0
16.116024 12.139026 0
16.377218 12.147343 0
16.620081 12.118974 0
16.868532 12.133477 0
17.146088 12.119907 0
17.376024 12.128871 0
17.622377 12.101156 0.088851675
17.86062 12.127701 0.068803251
18.129517 12.142323 0.0022499999
18.403511 12.130485 0.0020000001
18.619646 12.153864 0.0015
18.861012 12.068692 0.0015
19.111204 12.157812 0.0022499999
19.38147 12.108647 0.001
19.651621 12.169681 0.001
19.885206 12.129917 0.0015
20.133644 12.164076 0
20.41412 12.114881 0.003
20.639854 12.125319 0.0012857143
20.864941 12.132668 0.026226332
21.109314 12.131439 0.034123339
21.380047 12.146291 0.054282039
21.636068 12.124988 0.074045651
21.88356 12.137308 0.07136137
22.143866 12.135483 0.094733328
22.373653 12.108054 0.10930769
22.61573 12.119999 0.0888125
22.861418 12.138475 0.1015
23.132387 12.116778 0.093692303
23.36208 12.14269 0.1015
23.617453 12.118423 0.094733328
23.886217 12.137577 0.11841666
24.120649 12.128076 0.1015
24.33341 12.142696 0.074399754
24.572891 12.146069 0.077049375
24.87468 12.190734 0.001
25.103228 12.121508 0.0032000002
25.373096 12.140107 0.0014000001
25.585503 12.125196 0.0012000001
25.882267 12.113714 0.0028000001
26.114239 12.109421 0.0014000001
26.377279 12.119259 0.0015
26.622734 12.090006 0.0027999999
26.898212 12.129091 0.0015
27.141504 12.124699 0.073207788
27.371073 12.115664 0.12642458
27.614738 12.172817 0.233
25.151138 0.60655117 0.6524142
25.365244 0.61667597 0.60299999
25.536068 0.62679797 0.54922295
25.945436 0.60623956 0.63094515
27.2798 0.63516241 0.64585894
27.697445 0.62446523 0.55542922
27.892025 0.6336959 0.60299999
28 0.61522591 0.53328323
-0.56599998 0.8823114 0.63760877
-0.053468164 0.87630606 0.62583113
0.11442101 0.91794497 0.61654812
0.35231072 0.92324924 0.61939514
0.5653047 0.85449088 0.56675005
3.499999 0.88765037 0.55382329
3.5968256 0.87094378 0.64102322
13.652333 0.86746168 0.51749909
13.771289 0.87002003 0.55153173
24.984276 0.87870204 0.58757895
25.197353 0.88073289 0.63988459
25.397207 0.85874307 0.60299999
25.538145 0.88581884 0.57223856
25.945436 0.89517993 0.62666291
27.2798 0.90399587 0.6381793
27.712263 0.83926499 0.56688195
27.868338 0.8792938 0.60299999
28 0.81394529 0.54993331
-0.5582 1.1528642 0.61372274
-0.05831787 1.1305618 0.63145989
0.12716624 1.1083788 0.63713378
0.37270558 1.1186273 0.61792254
0.57743847 1.1540711 0.55624425
3.5942597 1.1237003 0.62717694
13.150753 1.0921445 0.5202893
13.388119 1.0777087 0.5653404
13.581373 1.0531596 0.57190728
13.77429 1 0.52945822
24.985994 1.1467344 0.59345502
25.189268 1.1447247 0.64039224
25.362396 1.1472224 0.61587983
25.577753 1.1687859 0.6041441
25.897783 1.1483564 0.62965167
27.347794 1.175768 0.63962448
27.66046 1.1598678 0.62683886
27.895212 1.1476437 0.6213544
28 1.1226285 0.56346726
-0.53123879 1.2799771 0.63422906
-0.35814795 1.3814498 0.63455862
-0.19185936 1.4759179 0.62283027
0.089659423 1.3826445 0.54633778
0.35191095 1.3015348 0.55569237
0.58594042 1.3731221 0.5636667
3.499999 1.3326929 0.74148631
3.5958891 1.3715712 0.62077379
24.984789 1.3886085 0.5888598
25.177221 1.3883427 0.65599006
25.372318 1.3385348 0.59032488
25.598406 1.3943806 0.58550751
25.874714 1.3718066 0.58475184
27.357498 1.3820574 0.59059238
27.652298 1.386946 0.58833706
27.85923 1.3722193 0.60863101
28 1.3323078 0.55354077
28.526392 1.3186485 0.60907602
28.853167 1.3356053 0.62914014
29.65 1.3175125 0.65983915
-0.063178711 1.5635389 0.64559281
0.027064063 1.6028204 0.58469886
0.61160934 1.6177723 0.53334367
3.499999 1.6783872 0.684847
3.5930846 1.623916 0.63744938
24.984777 1.6212277 0.58239901
25.193554 1.6224811 0.65062737
25.361685 1.595257 0.60299999
25.571945 1.6384673 0.570158
25.870699 1.6240216 0.59199655
27.365168 1.6369371 0.58502299
27.646135 1.6482511 0.59235781
27.88294 1.6365826 0.61960328
28 1.5824919 0.53021491
-0.020999512 1.8403423 0.67236084
0.11029102 1.8187393 0.61708379
0.37259638 1.8503846 0.62242812
0.63120449 1.8265384 0.62571323
0.85279334 1.8265386 0.63815737
1.1218317 1.8338444 0.63384414
1.2824154 1.7949189 0.70555913
3.5962079 1.86703 0.62105364
24.983099 1.8687488 0.57406902
25.169542 1.852461 0.64335239
25.38125 1.8829659 0.60299999
25.590422 1.8820482 0.58695334
25.894205 1.898876 0.57269883
27.3466 1.8781922 0.57083344
27.621981 1.8887042 0.58671278
27.870361 1.8901352 0.61445242
28 1.8716078 0.52108747
3.5804641 2.1021764 0.6243965
24.987915 2.1684334 0.60824674
25.170479 2.0913815 0.65999573
25.386438 2.1297848 0.59639442
25.618729 2.1379814 0.58798248
25.885397 2.1384103 0.58818561
27.368063 2.1133864 0.58834189
27.662703 2.1301119 0.5822112
27.868053 2.125695 0.61334467
28 2.1190245 0.56457162
3.5879152 2.379915 0.63225025
18.448391 2.4999995 0.56851405
24.987614 2.3878591 0.60089266
25.194183 2.3413665 0.63499302
25.339447 2.3883133 0.58336842
25.602398 2.3873301 0.58340836
25.887106 2.3711321 0.58724242
27.353745 2.3652956 0.57201058
27.639204 2.3633552 0.5799787
27.851225 2.3818774 0.60224658
28 2.3920226 0.54416013
28.52548 2.276618 0.60996974
28.863333 2.2785833 0.62824577
29.613836 2.2964339 0.65089768
3.5951338 2.6309092 0.6266315
18.157352 2.6621411 0.62505245
18.344301 2.6071725 0.6168462
18.608648 2.6077991 0.59445846
18.874376 2.5960264 0.58598578
19.110764 2.5874248 0.58320141
19.361763 2.6093988 0.59877938
19.629347 2.5820551 0.58170104
19.883652 2.5922034 0.58588421
20.122675 2.5552053 0.58154774
20.36841 2.587378 0.59643126
20.649054 2.5906382 0.58107674
20.874571 2.598639 0.58590192
21.111086 2.5685308 0.57979405
21.368387 2.5753255 0.58519787
21.637781 2.5921431 0.58373857
21.873974 2.5831757 0.59134817
22.092459 2.5922084 0.55979192
24.984016 2.6225255 0.58694983
25.144867 2.606545 0.69004887
25.402716 2.5743153 0.57676619
25.663616 2.519563 0.65885597
25.903332 2.5932972 0.64286482
27.321024 2.5972574 0.64520723
27.651442 2.5401707 0.60689199
27.857922 2.587337 0.55763304
3.5890543 2.856236 0.61795938
17.840477 2.9862683 0.63473785
26.618393 0.86193174 0.7845878
26.88336 0.89064682 0.78178728
27.104204 0.88859153 0.78458786
27.371506 0.87753916 0.78525412
27.592407 0.89893484 0.85487038
-0.56975013 1.1253301 0.86252886
-0.10124512 1.1168201 0.79187828
0.10055745 1.1296763 0.79753971
0.28040364 1.0962894 0.77647567
1.1740042 1.0662907 0.91580379
1.328457 1.0800005 0.90801597
3.499999 1.1544003 0.92228544
3.6086268 1.1292251 0.86099416
25.140188 1.1361656 0.81601232
25.399096 1.1607661 0.86212242
25.593483 1.1107213 0.78609824
25.876156 1.1442598 0.78458786
26.125563 1.1064056 0.78738832
26.370554 1.1088505 0.78116494
26.62365 1.1179967 0.78738838
26.861279 1.1250542 0.78458786
27.11161 1.1295581 0.79298943
27.370066 1.1175456 0.78236991
27.621334 1.1270416 0.77653509
27.835154 1.1325076 0.86999154
28 1.1913531 0.99960631
-0.52549934 1.2793453 0.9325
-0.35683605 1.3777096 0.87314081
-0.21719727 1.4731244 0.85668814
3.5768139 1.3812712 0.87137878
25.150732 1.3730474 0.83780664
25.435001 1.3727852 0.84633738
25.618023 1.3798649 0.79074901
25.889017 1.3738831 0.78801072
26.112396 1.3804091 0.77431923
26.357059 1.3662083 0.78972214
26.613775 1.3695735 0.78738832
26.858717 1.3827035 0.77618623
27.12525 1.3952008 0.7845878
27.393909 1.3425512 0.7845878
27.635775 1.3635768 0.78116494
27.882772 1.368716 0.8503778
28.530409 1.3330609 0.85749322
28.86445 1.3116927 0.87125403
29.634048 1.3267558 0.88190168
-0.058602452 1.5982842 0.87652892
0 1.6551833 0.91071749
3.499999 1.734789 0.91534919
3.5887773 1.6323223 0.86971867
25.143219 1.6217059 0.82304591
25.435915 1.6465204 0.83952451
25.640373 1.6145836 0.78116494
25.875927 1.6310258 0.78116494
26.134048 1.6230515 0.78178728
26.370216 1.6223013 0.79298943
26.608831 1.625447 0.78178728
26.846361 1.6519549 0.78738838
27.110191 1.6312613 0.79485649
27.367878 1.615555 0.78221816
27.635681 1.6104873 0.78738838
27.874817 1.6141597 0.85396999
28 1.6315986 0.97995192
0.10477749 1.8418243 0.8682344
0.36852399 1.8214285 0.86634851
0.58628732 1.8325001 0.88624424
0.86016411 1.830691 0.86994231
1.1112629 1.8419249 0.87328559
1.3510034 1.8230425 0.89141113
3.5718219 1.8826948 0.85635966
25.156214 1.8706437 0.83941412
25.426786 1.894457 0.85861033
25.606426 1.8378049 0.79485649
25.874346 1.873418 0.79074901
26.135983 1.8456477 0.79859048
26.359285 1.8643897 0.77431917
26.621565 1.8831264 0.77945352
26.879011 1.8691382 0.79298943
27.132404 1.8782399 0.77842665
27.366053 1.8622921 0.7869575
27.615244 1.8776598 0.7845878
27.860443 1.8716271 0.83398241
28 1.800812 0.96828544
3.499999 2.0433609 0.87235832
3.5897086 2.1460426 0.87879169
25.158319 2.1344514 0.84660339
25.437532 2.1303687 0.86460459
25.626282 2.1177096 0.78178728
25.856398 2.1399798 0.78458786
26.123655 2.1252532 0.77842665
26.395023 2.096113 0.78801072
26.604128 2.1536856 0.7845878
26.890013 2.116183 0.7822181
27.152071 2.1238158 0.79074901
27.374821 2.1131399 0.77842665
27.631655 2.1171246 0.77842665
27.860159 2.1245086 0.85580599
3.5676167 2.3688002 0.88673848
25.166285 2.3754973 0.81881201
25.433262 2.354171 0.8378669
25.634846 2.3696828 0.78972214
25.904615 2.3638623 0.79485649
26.125076 2.3755338 0.7845878
26.382179 2.3643329 0.77618623
26.632782 2.3720922 0.79074901
26.887848 2.3836198 0.78178728
27.12973 2.3475423 0.78178728
27.377682 2.382046 0.77945352
27.627512 2.3599517 0.78738838
27.867428 2.3650987 0.84278798
27.620403 12.101064 0.10379335
27.844614 12.097482 0.09930145
28.079704 12.131147 0.044369586
28.395969 12.109362 0
-1.6226914 12.39752 0.095353246
-1.3863345 12.34856 0
-1.121172 12.382936 0
-0.88039958 12.348465 0
-0.62576073 12.366447 0
-0.41912514 12.391507 0.064369574
-0.087064341 12.381583 0.060225498
0.074758299 12.375078 0.062768124
0.34547222 12.378929 0.084794991
0.65629095 12.379745 0.065117247
0.89816862 12.376237 0.0020000001
1.1152492 12.380211 0.0020000001
1.3432657 12.333395 0.0022499999
1.6121799 12.401819 0.0012000001
1.8852119 12.352334 0.0018
2.114944 12.399671 0.066329785
2.4193707 12.373826 0.044906985
2.5995679 12.403183 0.00075000001
2.7970467 12.391678 0.089653105
3.103296 12.373232 0.13580646
3.3663204 12.384728 0.11891666
3.6309562 12.365374 0.11891667
3.8764992 12.372364 0.11916666
4.1189923 12.38066 0.11916666
4.3614488 12.388537 0.10235714
4.6204758 12.368753 0.087642856
4.8743572 12.369523 0.11866666
5.1291847 12.402112 0.11099999
5.3962269 12.360681 0.10225
5.5910439 12.387211 0.056069255
5.933557 12.376467 0.001
6.1551456 12.427181 0.057328857
6.3365226 12.369521 2.5034765e-13
6.5982018 12.346156 0.0015
6.8353662 12.386145 0.0015
7.1286135 12.369068 1.4052889e-13
7.3827438 12.362483 0.001
7.6371498 12.358027 5.0513397e-13
7.835433 12.383071 0.0020000001
8.1237946 12.384769 0.0018
8.4184618 12.403489 0.00050000002
8.6351595 12.397747 0.0024000001
8.8804979 12.348714 0.00042857142
9.101862 12.379575 0.00075000001
9.3490543 12.379127 0.0012857143
9.6427536 12.386265 0.0012000001
9.8888378 12.365482 0.095382832
10.090474 12.370582 0.1424
10.371837 12.372663 0.12623322
10.617225 12.383584 0.063601084
10.840491 12.374457 0.040401679
11.116014 12.330351 0.0015
11.391191 12.401324 0.0022499999
11.628327 12.350721 0.0015
11.901295 12.355156 0.064217716
12.136177 12.367506 0.057555299
12.377138 12.394795 0.011218731
12.629447 12.409197 0
12.85556 12.348573 0
13.104312 12.392217 0
13.368956 12.360613 0
13.610048 12.365242 0
13.867836 12.387244 7.7447771e-18
14.12361 12.370992 0
14.386458 12.37404 0
14.612982 12.38596 0
14.874852 12.356878 0
15.119884 12.365726 0
15.385026 12.345913 0
15.616332 12.365958 0
15.858032 12.37319 0
16.119587 12.388394 0
16.359018 12.38271 0
16.598793 12.391025 0
16.87241 12.369437 0
17.133043 12.344418 0
17.389063 12.36556 0
17.672066 12.347275 0.038383909
17.870079 12.37423 0.10469443
18.068779 12.405265 0.073291786
18.397221 12.365589 0.0015
18.623974 12.411093 0.0015
18.897635 12.405542 0.0025599999
19.146894 12.365688 0.0015
19.349083 12.356604 0.00050000002
19.653854 12.333683 0.00245
19.879599 12.3936 0.0021333334
20.102398 12.364591 0.0026333332
20.438726 12.355126 0.0020000001
20.651709 12.398504 0.006372836
20.87269 12.35661 0.028122965
21.12307 12.376521 0.033535656
21.376801 12.387938 0.059292391
21.632238 12.366186 0.070279978
21.867899 12.38939 0.11369608
22.141996 12.382765 0.090222225
22.369106 12.379581 0.1015
22.639471 12.371011 0.1015
22.898054 12.369878 0.11072727
23.140251 12.377084 0.116
23.36879 12.39327 0.10930769
23.6322 12.379496 0.10930769
23.879484 12.378325 0.084583327
24.128792 12.378904 0.10833333
24.361763 12.386523 0.053571612
24.579962 12.376521 0.087718472
24.873087 12.310138 0.001
25.109863 12.387908 0.0012857143
25.410717 12.400177 0.003
25.637487 12.382744 0.00075000001
25.876911 12.367802 0.00064164016
26.101921 12.367137 0.001
26.337309 12.3543 0.0022499999
26.615671 12.379123 0.0024000001
26.877903 12.385856 0.0022499999
27.131134 12.373217 0.059650984
27.391642 12.348471 0.079187997
27.6131 12.376712 0.10374947
27.876886 12.362088 0.086688399
28.069092 12.359109 0.052819971
28.372904 12.368512 0
-1.6191218 12.624037 0.08207868
-1.3651689 12.622086 0
19.385248 3.856066 5.6993302e-11
19.631573 3.8957736 0.0015000001
19.895241 3.8846343 0.0018
20.094114 3.8888352 0.0012000001
20.370239 3.8648109 0.00060000009
20.618408 3.8627133 0.0011250001
20.89666 3.8819816 0.0020000001
21.093655 3.8721855 0.0012857143
21.361135 3.8916328 0.0024000001
21.677736 3.8977778 0.0012000001
21.862965 3.8359919 0.0018000001
22.13611 3.7846689 0.0020000001
22.390049 3.9030848 0.099080488
22.624174 3.8665226 0.11883333
22.871778 3.8564415 0.1024
23.1255 3.8749247 0.10886666
23.408169 3.8671951 0.12918182
23.618855 3.8984299 0.1221
23.884577 3.8822694 0.11891666
24.120169 3.8819704 0.11099999
24.381981 3.8673537 0.12972727
24.628689 3.8890772 0.102
24.906309 3.8856139 0.1170353
25.161842 3.855437 0.073997319
25.418062 3.8533394 0
25.637234 3.8360729 0.0015
25.867563 3.8787556 0.001125
26.150721 3.8800869 0.0012000001
26.432964 3.9283364 0.048024923
26.645155 3.8887622 0.088509321
26.891018 3.862982 0.098309018
27.113453 3.8378663 0.092742607
27.377878 3.87005 0.10066778
27.640776 3.8648326 0.09804222
27.886587 3.8540266 0.10059624
28.094355 3.8740723 0.099349625
28.360418 3.9053278 0.076436333
-3.6807275 4.1264458 0.075695015
-3.3537915 4.1328397 0
-3.1259859 4.1279101 0
-2.888622 4.135819 0
-2.6149311 4.1464472 0
-2.3800344 4.133091 0
-2.1274428 4.1166801 0
-1.8841907 4.1103029 0
-1.6165332 4.12712 0
-1.3609965 4.1387968 0
-1.1207914 4.1153102 0
-0.88246775 4.1213908 0
-0.70821536 4.1227298 0.084051959
-0.37454355 4.1051097 0
-0.082438476 4.1332345 0.066389583
0.058453266 4.1354184 0.050341487
0.37992251 4.1458054 0.0015
0.61458397 4.1835561 0
0.90438235 4.1189914 0.0020000001
1.1549277 4.125288 0.001
1.3766145 4.1164107 0.0018
1.6344465 4.1370931 0.0015
1.8674108 4.1154938 0.001
2.0417392 4.1416206 0.0015
2.3072259 4.1045728 0.00060000003
2.638222 4.0944629 0.0012000001
2.8643901 4.1566477 0.00099999993
3.0897732 4.166841 0
3.3552804 4.0700045 0.0015
3.6331635 4.1277719 0.00050000002
3.8454709 4.1526766 0.0018000001
4.156003 4.1583681 0.0018
4.3997884 4.1351881 0.0012000001
4.6613951 4.1167469 0.0015
4.8464241 4.0999475 0
5.144628 4.0973601 0.0015
5.3983207 4.127439 0.0018
5.6435604 4.1083775 0.003
5.8958063 4.0575576 0.001
6.1330361 4.1641159 0.0024000001
6.3456912 4.1159482 0.0015
6.6094189 4.15412 0.001
6.8263283 4.1110058 0.00075000006
7.0450678 4.1280093 0.0020000001
7.3725538 4.087081 0.003
7.6559935 4.0975881 0.0015
7.8878927 4.1402378 0.0012000001
8.1834679 4.0948648 0.0015
8.3657341 4.1475601 0.001
8.6523371 4.1086349 0
8.8706446 4.0545321 0.001
9.0965137 4.1171889 0.0018
9.3263426 4.1262074 0.0012000001
9.5946093 4.1150899 0.00075000001
9.9016848 4.1321621 0.003
10.086347 4.1252508 0.0015
10.39782 4.1237421 0.061785363
10.62404 4.123003 0.079143882
10.86871 4.060719 0.096531056
11.09727 4.1167107 0.044515517
11.394548 4.1432638 0
11.609556 4.0786591 0
11.843254 4.1592469 0
12.124452 4.0962434 0
12.376771 4.1643357 5.3727869e-17
12.635127 4.1167588 8.49903e-17
12.88808 4.1235051 5.7408538e-17
13.13859 4.1320057 2.5138034e-17
13.355021 4.1334887 5.6506137e-17
13.607213 4.1326308 1.8182689e-17
13.887276 4.1481671 7.3550286e-18
14.115699 4.1268139 0
14.371002 4.1161156 0
14.653013 4.1395149 0
14.883557 4.1431589 0
15.129434 4.1366863 0
15.354042 4.1040168 0
15.591022 4.1342402 0
15.861751 4.1076717 0
16.111599 4.1291881 0
16.367701 4.0874047 0
16.541702 4.187098 0
16.895494 4.1182003 0.11555393
17.091013 4.1404514 0.068073042
17.393032 4.1227279 0.0012000001
17.610758 4.1127934 0.0018
17.917831 4.1020594 0.00075000001
18.12851 4.1379919 0.00099999993
18.385666 4.0972672 0.082599878
18.595745 4.1637788 0.037724733
18.862982 4.1260719 0.0012857143
19.150478 4.1195216 0.0018000001
19.377344 4.1283579 5.6889216e-11
19.581448 4.1336536 0.0015
19.919176 4.1519423 0.0022500001
20.165972 4.1260109 0.00060000009
20.389353 4.1181626 0.00042857148
20.629751 4.1523442 0.0012000001
20.88369 4.104991 1.0974371e-10
21.129475 4.139986 5.0064081e-11
21.357368 4.1118956 0.0012000001
21.617378 4.124474 0.0012857143
21.856077 4.097723 0.0012000001
22.133368 4.1113858 0.00037500012
22.376261 4.1492734 0.0012000001
22.623268 4.1149335 0.078571379
22.882338 4.103703 0.11281721
23.154003 4.1408644 0.082201913
23.346758 4.1391172 0.10346764
23.612694 4.1201 0.10244664
23.878763 4.1089773 0.11346234
24.139181 4.1459804 0.095020138
24.362238 4.1249895 0.095548309
24.630899 4.1248693 0.077647008
17.924784 2.900032 0.64663678
18.119698 2.8650796 0.65037173
18.368248 2.8725064 0.60299999
18.609808 2.8986773 0.60314286
18.869747 2.8876338 0.60299999
19.143219 2.8625319 0.60299999
19.41584 2.8782082 0.60299999
19.655037 2.8837919 0.60299999
19.854795 2.8890631 0.60299999
20.091125 2.864774 0.60299999
20.369829 2.8826663 0.60322511
20.625042 2.8988616 0.60299999
20.855225 2.8522339 0.60299999
21.126179 2.8441753 0.60299999
21.360992 2.880913 0.60299999
21.591604 2.8790054 0.60299999
21.870949 2.8615448 0.60299999
22.08987 2.9006374 0.57304871
24.985909 2.8735023 0.59728611
25.159563 2.8626535 0.63828796
25.945438 2.8686874 0.64115846
27.2798 2.8753805 0.62314343
3.5876644 3.1134698 0.61487317
17.722132 3.1682422 0.589881
17.83267 3.1051931 0.65174931
18.120583 3.124234 0.63616252
18.368937 3.1325374 0.60314286
18.607136 3.1230459 0.60299999
18.871292 3.1359081 0.60299999
19.136635 3.1227369 0.60299999
19.38365 3.1234508 0.60299999
19.630854 3.1449206 0.60299999
19.857393 3.0950067 0.60299999
20.135061 3.1186266 0.60322511
20.381517 3.1505535 0.60299999
20.624527 3.1559603 0.60330653
20.855259 3.128968 0.60299999
21.119957 3.1160808 0.60299999
21.385593 3.0986946 0.60299999
21.658026 3.1161299 0.60299999
21.874304 3.1484122 0.60299999
22.091351 3.142684 0.57208514
24.980804 3.1092587 0.56017464
25.157829 3.1158688 0.60292721
25.945436 3.0713098 0.63330048
26.119894 3.1099832 0.64574736
26.375961 3.1045606 0.63239187
26.615454 3.1103358 0.64661598
26.869879 3.1007752 0.62306786
27.111219 3.1182351 0.66607195
27.272696 3.058126 0.62933069
28.534107 3.1709609 0.61619079
28.883951 3.1912665 0.63479948
29.611897 3.1643155 0.63578284
-3.73 3.4991262 0.65990496
-3.4624982 3.4920001 0.64823854
-3.1006567 3.4920001 0.62743038
-2.8661697 3.4920001 0.63694441
-2.6142774 3.4920001 0.60806632
-2.3765457 3.4920001 0.62712419
-2.1340361 3.4920001 0.6342296
-1.8832529 3.4920001 0.6370784
-1.626508 3.4920001 0.62367076
-1.3649268 3.4920001 0.65084147
-1.1310728 3.4920001 0.62056875
-0.87697089 3.4920001 0.60634887
-0.70016015 3.4920001 0.51537758
3.5818219 3.378715 0.63314301
10.876988 3.4263728 0.61886984
11.055939 3.4481888 0.63131142
17.909065 3.3361356 0.61467487
18.113291 3.3653588 0.65198326
18.378584 3.404608 0.62745243
18.616127 3.3716631 0.60299999
18.875257 3.3897719 0.60299999
19.134293 3.3605094 0.60299999
19.39139 3.3745928 0.60299999
19.604185 3.3556414 0.60299999
19.885473 3.3458502 0.60299999
20.148958 3.3755851 0.60330015
20.366312 3.3866692 0.60367537
20.624289 3.3729615 0.60345024
20.883593 3.3859138 0.60299999
21.139446 3.3691342 0.60299999
21.388962 3.3734462 0.60299999
21.624176 3.3641491 0.60299999
21.890526 3.3696246 0.60299999
22.094496 3.3761542 0.56558144
24.981386 3.3870871 0.55765861
25.16588 3.3731823 0.57864451
-3.73 3.5205421 0.52918857
-3.3736663 3.5930991 0.52306199
-3.2119873 3.6266086 0.64486355
-0.70000017 3.6140761 0.64589202
3.5884988 3.6181507 0.61149168
10.721373 3.6200769 0.6127075
10.862327 3.6227579 0.71397024
11.096086 3.6027558 0.6544888
18.148968 3.5708046 0.61403728
18.348146 3.6453671 0.65134239
18.612028 3.6414547 0.64010555
18.875751 3.6293509 0.60299999
19.152693 3.6335409 0.60299999
19.393326 3.6256139 0.60299999
19.622908 3.629745 0.60299999
19.869347 3.6167893 0.60299999
20.101065 3.6237087 0.60299999
20.368231 3.6240726 0.60299999
20.625971 3.6366291 0.60299999
20.876358 3.6212637 0.60299999
21.128515 3.6083691 0.60299999
21.393305 3.6439385 0.60299999
21.639574 3.6115537 0.60299999
21.868856 3.6159832 0.60299999
22.101171 3.6650083 0.5571956
24.98254 3.5894277 0.55728424
25.154327 3.596246 0.54694712
26.680317 3.6823976 0.60392386
26.879936 3.6245 0.61498958
27.107979 3.6246667 0.63591838
27.394163 3.6370165 0.6324079
27.623884 3.6490002 0.64099133
27.869083 3.662154 0.62100148
28 3.6639566 0.71877015
-3.3653429 3.8696461 0.5
-3.2249458 3.8803878 0.61437541
-0.69999999 3.8741434 0.61550111
3.499999 3.9456601 0.61723733
3.5892365 3.8743541 0.63802606
10.735373 3.7762353 0.51097751
10.862724 3.8471906 0.63750523
11.048914 3.8373573 0.61392444
18.416174 3.8399799 0.60100037
18.623745 3.8790238 0.67012244
18.878468 3.8806248 0.62739074
19.144146 3.8721099 0.60324997
19.391321 3.8818302 0.60299999
19.610521 3.8538649 0.60299999
19.889223 3.8924968 0.60299999
20.15313 3.8813627 0.60299999
20.380152 3.8751445 0.60314286
20.625469 3.8725829 0.60299999
20.871191 3.8840842 0.60314286
21.110296 3.8855383 0.60316664
21.357492 3.8763478 0.60328567
21.60158 3.8977261 0.60299999
21.895897 3.8711991 0.60299999
22.077087 3.8751349 0.57719702
25.131922 3.8281789 0.5143398
26.88662 3.7880738 0.64447147
27.105967 3.8207853 0.64984077
27.485081 3.7826152 0.65637523
27.619499 3.786 0.60034442
27.872011 3.7860003 0.61178589
28 3.7619467 0.66024971
-3.3881216 4.092958 0.5
-3.2317913 4.1229672 0.61880988
-0.69999981 4.1012354 0.61905354
18.664091 4.1118927 0.55253285
18.856033 4.1662579 0.68634093
19.203751 4.1037517 0.64731944
27.892576 2.4335418 0.84271467
28.522831 2.2909493 0.87813026
28.869999 2.2899609 0.87191612
29.649317 2.2807212 0.87989372
3.5841155 2.6233697 0.87622398
18.163876 2.6977503 0.79626471
18.260809 2.6713722 0.76402986
25.23974 2.5154037 0.91943026
25.404621 2.5707996 0.87109905
25.612923 2.6285236 0.79058456
25.865608 2.6271474 0.77035886
26.136446 2.6263654 0.79074901
26.364187 2.6217048 0.78801072
26.612148 2.6145287 0.78178728
26.880575 2.635447 0.78738838
27.114531 2.6079574 0.79074901
27.36319 2.6186259 0.7838431
27.636986 2.6233203 0.79343247
27.864639 2.5527263 0.87888175
3.5772266 2.8787227 0.84097159
17.910383 2.914763 0.77969432
18.076443 2.8486919 0.80034059
18.279539 2.7517319 0.76633424
25.6464 2.8395271 0.84612203
25.842844 2.9039056 0.80256426
26.120239 2.8851614 0.78738838
26.381388 2.8722734 0.78738832
26.618959 2.853404 0.78116494
26.85932 2.8810301 0.78458786
27.127636 2.8526282 0.77842665
27.39114 2.9155307 0.79002857
27.577396 2.8262806 0.84141541
3.499999 3.0282891 0.88048673
3.582068 3.1283314 0.81893378
17.878845 3.1111553 0.79433727
18.072447 3.1410606 0.79056436
25.929565 3.0783534 0.84098732
26.114412 3.1255128 0.87882018
26.382277 3.107089 0.87540948
26.639666 3.1122763 0.86458844
26.863653 3.1126058 0.86302823
27.1141 3.1201575 0.87233818
27.306324 3.1049168 0.86669195
28.540001 3.1781275 0.84536815
28.865704 3.1748245 0.86835104
29.640026 3.1779311 0.87525678
-3.6900001 3.4926133 0.91656297
-3.4765518 3.4954314 0.92676616
-3.1937857 3.4948075 0.82434922
-2.8594735 3.4926109 0.890508
-2.6148157 3.4920001 0.87710941
-2.3729272 3.4920001 0.88347232
-2.1453331 3.4920001 0.88267636
-1.8712622 3.4920001 0.86190921
-1.622494 3.4920001 0.86661273
-1.3964585 3.4920001 0.88666892
-1.1304603 3.4920001 0.85400522
-0.89570034 3.4920001 0.8586911
-0.73367673 3.4920001 0.75520641
3.5878835 3.3574815 0.81439024
10.894485 3.4507816 0.83649671
17.966148 3.29988 0.76529074
18.133942 3.3630447 0.78917831
18.302402 3.4419804 0.77932405
-3.7100048 3.5246711 0.81060207
-3.4735079 3.5319998 0.80458313
-3.1372023 3.6460946 0.7747395
-2.9814613 3.6467161 0.87700093
-0.69999999 3.6167321 0.87381583
3.499999 3.7062156 0.76597583
3.5837426 3.6174064 0.78317231
10.767229 3.6546249 0.84171474
11.053646 3.6458755 0.9408946
18.198229 3.50775 0.79649097
18.376438 3.6015062 0.79468143
18.567541 3.7011406 0.80214012
26.709423 3.6672518 0.81733698
26.849461 3.6480434 0.88641298
27.12574 3.6204445 0.87191719
27.410873 3.6363661 0.87745571
27.620712 3.6396315 0.87196177
27.904781 3.6376836 0.85567558
28 3.6956725 0.94532907
-3.097146 3.8347943 0.75
-2.9454453 3.8505092 0.86365616
-0.70000011 3.8654397 0.86400044
3.5811992 3.8039277 0.7580387
10.936987 3.8434477 0.82280529
18.658318 3.8862357 0.7963227
18.815685 3.9164028 0.77850407
26.936245 3.7689037 0.86544907
27.123379 3.8293324 0.87401015
27.485081 3.777391 0.90365601
27.624588 3.786 0.86271948
27.873938 3.786 0.86545664
28 3.7776785 0.80128819
-3.0836823 4.1031284 0.75
-2.973031 4.0878749 0.87177378
-0.69999969 4.1244617 0.89363885
18.745245 4.0520854 0.78080839
18.901268 4.1013999 0.79657829
19.110615 4.1187577 0.79467505
19.351894 4.1307092 0.79667759
19.618023 4.122448 0.79656529
19.860172 4.1299033 0.80299997
20.142159 4.1444898 0.79735518
20.378649 4.1227627 0.80299997
20.645216 4.1250014 0.80059135
20.868162 4.1450052 0.79771447
21.142258 4.1097832 0.79411471
21.382021 4.1270928 0.79976916
21.628578 4.1326661 0.7814948
21.877655 4.1172209 0.79948491
22.095251 4.1532035 0.79240274
-3.1136827 4.3836203 0.75
-2.9819288 4.3932595 0.85105741
-0.70000035 4.4008298 0.86245102
-3.7119474 4.7446327 0.85936058
-3.48 4.7455244 0.85499805
-3.1200914 4.6415768 0.77473491
-2.9792097 4.667191 0.8903721
-0.69999987 4.6401906 0.85425365
26.729 4.7399559 0.96924406
26.885275 4.7019706 0.85094845
27.108545 4.6478667 0.9004513
27.485081 4.7321982 0.86431128
27.620731 4.6760001 0.89384615
27.893593 4.6760001 0.86815387
-3.7172539 4.7819996 0.84361386
-3.46 4.767766 0.86708128
-3.1332355 4.7632179 0.79687655
-2.8504486 4.7819996 0.87131596
-2.6042075 4.7819996 0.87775826
-2.3819296 4.7819996 0.86114925
-2.1271598 4.7819996 0.8742907
-1.8950753 4.8735261 0.83795536
-1.6347184 4.8214531 0.86108524
-1.380127 4.851954 0.87749952
-1.1130455 4.8355074 0.86425877
-0.91338933 4.829854 0.84042013
-0.69999981 4.9105983 0.87925893
26.713753 4.8062701 0.82951444
26.893635 4.8363776 0.88617808
27.127594 4.8418574 0.87004787
27.390165 4.832509 0.86437804
27.618946 4.8350472 0.87099332
27.875671 4.8226228 0.855443
28 4.8130426 0.87575239
-1.8922315 5.1266603 0.86418712
-1.6140741 5.1131225 0.89999998
-1.3752445 5.1654592 0.89999998
-1.1549348 5.0717874 0.89999998
-0.92822385 5.1170969 0.86851656
-0.70307112 5.1389966 0.86502361
-1.8949264 5.3936281 0.85521883
-1.6220695 5.3747993 0.91111106
-1.3741046 5.3846488 0.89999998
-1.1354665 5.3739882 0.91111112
-0.90215969 5.3968377 0.8522253
-0.69999999 5.3844309 0.84439468
-1.8823109 5.6402783 0.8809256
-1.5939652 5.6424341 0.91666663
-1.3845215 5.6507421 0.93362409
-1.1398088 5.6067481 0.91501069
-0.9242211 5.6258326 0.86924732
-0.69999999 5.6972227 0.86358249
-1.1145291 12.611319 0
-0.86182421 12.626919 0
-0.66072011 12.596622 0
-0.43011904 12.634675 0.053583883
-0.10031311 12.629178 0.040549956
0.099958397 12.608334 0.048097871
0.3547594 12.623551 0.078126661
0.67112803 12.616927 0.048635311
0.88137954 12.615372 0.0024999999
1.1384895 12.587622 0.0018
1.361086 12.62949 0.0024000001
1.6027058 12.644838 0.0024000001
1.8942965 12.624477 0.0020000001
2.0844936 12.62238 0.064789489
2.4257011 12.636745 0.090674914
2.6042905 12.640944 0.13187328
2.7977066 12.636347 0.082582161
3.0950763 12.624166 0.14146259
3.3909757 12.622333 0.11072727
3.6474788 12.607632 0.11127272
3.8706307 12.648211 0.081799999
4.1226506 12.621286 0.11841667
4.3813605 12.623466 0.1018
4.6086607 12.589828 0.11344444
4.8752041 12.634724 0.11866666
5.1368132 12.633407 0.11642857
5.3946028 12.60439 0.12945454
5.6336389 12.617225 0.12757808
5.8493485 12.606509 0.12840618
6.109024 12.60719 0.11997943
6.3652039 12.608007 0.11001385
6.6260543 12.616373 0.082345545
6.8860712 12.615413 0.11892644
7.1285629 12.62027 0.11
7.384788 12.647974 0.084833331
7.6030321 12.612638 0.13169526
7.871779 12.596564 0.13919336
8.1182594 12.60182 0.11866666
8.3703451 12.620968 0.16326888
8.6258917 12.588673 0.12981181
8.8691616 12.622047 0.12561539
9.149785 12.616325 0.12910976
9.3980761 12.623744 0.12840651
9.6391859 12.585078 0.13208048
9.888586 12.640312 0.12918182
10.124783 12.615241 0.177625
10.389273 12.625861 0.10886668
10.635078 12.63159 0.1115786
10.861162 12.626984 0.081335656
11.11576 12.59496 0.012970832
11.393272 12.629313 0.00050000002
11.601981 12.672981 0.0015
11.849014 12.626896 0.00060000003
12.153646 12.604748 0.073081218
12.353973 12.610932 0.089170575
12.615581 12.632337 0
12.864962 12.616974 0
13.113791 12.636085 0
13.369101 12.620187 0
13.633996 12.639174 0
13.888151 12.595675 3.530916e-18
14.128119 12.611496 0
14.363491 12.620304 0
14.649227 12.60905 0
14.904343 12.599485 0
15.146399 12.630076 0
15.386796 12.617736 0
15.614877 12.636397 0
15.882059 12.600738 0
16.129194 12.629063 0
16.374483 12.616967 0
16.609079 12.625462 0
16.864237 12.620708 0
17.116077 12.608634 0
17.372929 12.618925 0
17.601137 12.620412 0
17.894812 12.601142 0.059819438
18.120625 12.631765 0.080244042
18.418978 12.586442 0.001
18.606237 12.60535 0.0029333334
18.831985 12.615943 0.0022499999
19.159031 12.606321 0.0015
19.345261 12.617347 0.00236
19.620747 12.630938 0.0020000001
19.86508 12.652411 0.0018
20.092663 12.643372 0.00074999995
20.372168 12.577593 0.0018
20.609922 12.636967 0.0077388473
20.890867 12.606837 0.037988417
21.117826 12.629785 0.054404501
21.380064 12.628967 0.074759267
21.605726 12.614701 0.10195055
21.869892 12.626685 0.093692303
22.11054 12.631973 0.10747059
22.370926 12.626276 0.086999997
22.628866 12.618772 0.10930769
22.888351 12.627122 0.095529407
23.138973 12.615026 0.084583335
23.384604 12.630539 0.1015
23.618011 12.612969 0.10930769
23.863964 12.638718 0.10747059
24.138823 12.60391 0.11072727
24.343479 12.622091 0.076593176
24.562506 12.620844 0.080703333
24.863916 12.645948 0.0020000001
25.113914 12.645284 0.0024000001
25.40556 12.602064 0.0015
25.665062 12.686031 0
25.860458 12.582697 0.0026319686
26.067221 12.590992 0.001
24.594078 4.1072192 0.1507497
24.880577 4.1276679 0.10842878
25.191906 4.1126394 0.081776001
25.363441 4.1108842 0.00075000001
25.637596 4.1364741 0.0012000001
25.902 4.1004643 0.0015
26.181353 4.1275368 0.0015
26.413944 4.1129446 0.092847042
26.635454 4.1300764 0.10390909
26.884846 4.1336951 0.095211178
27.097834 4.1620622 0.025320804
27.366465 4.1090474 0.099513642
27.61923 4.1402793 0.11883333
27.881859 4.1194935 0.12074136
28.12636 4.1074553 0.090087131
28.364849 4.1149411 0.082869947
-3.6829288 4.3736811 0.074409172
-3.3693464 4.3841681 0
-3.1132424 4.3731308 0
-2.8519037 4.376678 0
-2.6162245 4.3911996 0
-2.3551991 4.3780665 0
-2.1111887 4.389102 0
-1.8733995 4.3469949 0
-1.6260358 4.3828654 0
-1.3730763 4.375875 0
-1.1257631 4.3641405 0
-0.88252866 4.3805528 0
-0.70111096 4.3878508 0.11556476
-0.3489407 4.3551335 0
-0.075319894 4.4003053 0.046639282
0.096604489 4.3554358 0.042370938
0.37238085 4.3928533 0.00075000001
0.66107559 4.402606 0.0018
0.88388669 4.3882408 0.0015
1.086472 4.4216933 0.0020000001
1.3573337 4.3539472 0.0015
1.6510633 4.323791 0.0012000001
1.8959196 4.3627896 0.0018
2.1679153 4.4056344 0.0022499999
2.3837256 4.4173737 0.00075000001
2.5490899 4.4011383 0
2.8774242 4.3634667 0.00075000001
3.1729169 4.3696389 0.0015
3.4030435 4.3829021 0.0015
3.6353834 4.3360472 0.0015
3.8745246 4.356926 0.00075000006
4.1171293 4.3636203 0.00075000001
4.3731074 4.3639312 0.001
4.6405821 4.3900313 0.00060000003
4.9082174 4.416883 0.00060000003
5.0883298 4.3985062 0.0012000001
5.3640947 4.4078832 0.0018
5.629921 4.3365846 0.0020000001
5.9258652 4.3978357 0.0019999999
6.1214337 4.3878417 0.0012000001
6.3893914 4.4170856 0.0014999999
6.6571984 4.3739681 0.0022499999
6.8146462 4.4280038 0.00075000001
7.1003027 4.3901725 0.0015
7.3761501 4.3769155 0.00060000003
7.6101532 4.385932 0.003
7.879921 4.3917804 0.0017142857
8.1489773 4.3298135 0.00075000001
8.3775644 4.3683467 0.00060000003
8.5982533 4.4114614 0.0015
8.8929605 4.4003 0.0024000001
9.1264229 4.3630028 0.0012000001
9.3487854 4.3748174 0.003
9.6044703 4.3940716 0.0018
9.8807659 4.3512373 0.0016666667
10.102837 4.3880529 0.0015
10.385614 4.3384943 0.053341709
10.627411 4.38831 0.073957682
10.873837 4.4014525 0.10837546
11.098275 4.4047999 0.04944174
11.398734 4.4059639 0
11.632375 4.3798122 0
11.8961 4.4124751 0
12.129328 4.3786511 1.8745822e-17
12.382666 4.3979778 1.0720862e-16
12.625756 4.3824806 1.2924476e-16
12.878987 4.3948746 7.2863912e-17
13.129503 4.35676 1.774156e-17
13.395263 4.3651986 3.0818218e-17
13.622843 4.3742967 1.9850786e-17
13.871746 4.3744445 1.0489383e-18
14.133235 4.3974357 0
14.404593 4.3529315 0
14.635472 4.3725553 0
14.873088 4.3937216 0
15.130964 4.4029222 0
15.390438 4.3657532 0
15.603682 4.3772759 0
15.870453 4.3659101 0
16.152941 4.3677206 0
16.369114 4.3847799 0
16.599483 4.4396868 0
16.899557 4.3300958 0.072969645
17.119995 4.368567 0.09658502
17.357262 4.3755608 0.038353603
17.578671 4.370482 0.001
17.858379 4.3634706 0.0015
18.140541 4.3780031 0.0012000001
18.388338 4.4142394 0.003
18.62694 4.3148241 0.072743431
18.86323 4.4174008 0.093050778
19.133726 4.4173841 0.068208016
19.383575 4.4122133 0.071825773
19.620609 4.3985591 0.049348269
19.899111 4.4279013 0.080709033
20.11965 4.4025927 0.083566353
20.36092 4.4222436 0.070819013
20.621655 4.4081283 0.054504286
20.885496 4.399631 0.064340137
21.106918 4.4221416 0.096059263
21.364292 4.4238572 0.078494817
21.653236 4.4462109 0.077663191
21.85095 4.4153342 0.095460974
22.088797 4.416707 0.08542975
22.329126 4.4050412 0.064997345
22.650139 4.3772821 0.074665964
22.898914 4.3850279 0.080647744
23.125999 4.3445501 0.096619345
23.378412 4.3724065 0.1027372
23.619217 4.3823647 0.07199055
23.869473 4.3487124 0.086638533
24.138004 4.3905087 0.067072481
24.371693 4.3657403 0.089381136
24.629642 4.3770318 0.062910087
24.907183 4.3771706 0.10644369
25.190567 4.389039 0.074187189
25.391848 4.4059272 0.0012857143
25.671959 4.361227 0.003
25.887135 4.3388824 0.0024999999
26.128256 4.3803239 0.00060000003
26.398022 4.3650017 0.072210141
26.639627 4.4016027 0.12127882
26.876446 4.3752732 0.074472129
27.077383 4.4213872 0.035200004
27.368067 4.3711138 0.11515385
27.609724 4.3736367 0.1295061
27.889914 4.3611541 0.13137728
19.085264 4.0813575 0.67340314
19.402494 4.0768681 0.6807164
19.616234 4.0913815 0.67133361
19.858307 4.0857787 0.67903191
20.123259 4.0999126 0.69590163
20.371056 4.1113725 0.6834783
20.650127 4.1259694 0.68594956
20.905712 4.0793471 0.68204707
21.134861 4.1201243 0.67657667
21.379391 4.1022558 0.69298542
21.58453 4.0966578 0.66526157
21.872328 4.0972209 0.68182647
22.144053 4.0884023 0.6722275
22.36005 4.1150923 0.57804614
-3.3766212 4.3749371 0.5
-3.2325485 4.3624759 0.60234737
-0.69999999 4.3519807 0.63326532
10.417918 4.3577104 0.51300001
10.557943 4.3045306 0.50437242
18.919415 4.2938356 0.58511901
19.149603 4.2889838 0.59934658
19.401779 4.2837081 0.61094999
19.615902 4.291852 0.5928902
19.896589 4.2858758 0.60639304
20.159052 4.2879171 0.60129297
20.363026 4.2899432 0.59664476
20.600061 4.284915 0.6081807
20.87216 4.2828331 0.6129576
21.129597 4.3023453 0.56819093
21.376787 4.2973161 0.57972902
21.650806 4.298903 0.57692266
21.889524 4.2823958 0.61396015
22.159075 4.2919865 0.59237391
22.362841 4.2900968 0.5691545
-3.7005 4.7438517 0.59038091
-3.4037991 4.6604486 0.53692681
-3.2317417 4.6238618 0.60905451
-0.69999999 4.6142101 0.61621654
10.319832 4.6155596 0.51300001
26.69224 4.72437 0.60620892
26.902126 4.6678877 0.6258716
27.124142 4.670125 0.64511263
27.48912 4.707757 0.558671
27.629698 4.6760001 0.63541025
27.864859 4.6760001 0.64799249
28 4.7078629 0.58400452
-3.73 4.7809162 0.5938372
-3.4403789 4.767807 0.58477747
-3.1140418 4.7819996 0.59810674
-2.8681347 4.7819996 0.6411047
-2.6245081 4.7819996 0.62259972
-2.3667974 4.7819996 0.62464821
-2.1527226 4.7819996 0.62928498
-1.8760954 4.8515086 0.65303981
-1.6170245 4.7670002 0.61454761
-1.3605869 4.7670002 0.64928406
-1.1503609 4.7670002 0.60885358
-0.92044473 4.8361549 0.64303344
-0.69999981 4.8766356 0.6721794
10.177321 4.8491249 0.51240742
10.321936 4.8378248 0.51300001
26.687059 4.8111615 0.61804718
26.859612 4.833611 0.66056013
27.116957 4.8386002 0.6076054
27.38335 4.8455 0.63107127
27.615093 4.8080831 0.61598754
27.8745 4.7955832 0.61328524
28 4.8412142 0.58476865
-1.8849999 5.123199 0.64017874
-0.88999999 5.1077213 0.62091547
-0.69999999 5.1191959 0.61901307
-1.8776923 5.372571 0.6168552
-0.88999981 5.3460875 0.65362102
-0.69999987 5.3760242 0.60613006
-1.9008332 5.6180148 0.62659746
-0.88999999 5.6215305 0.61638749
-0.69999999 5.6262059 0.58646894
-1.8855801 5.8729529 0.62537301
-1.6324906 5.9745002 0.63590342
-1.3656933 5.9744997 0.60513502
-1.1371781 5.973 0.6363095
-0.88793671 5.9304476 0.62506628
-0.70540637 5.8624024 0.62351519
13.143244 6.4081712 0.60136265
13.319467 6.4452152 0.62065387
12.927067 6.658464 0.63876778
13.095093 6.6047163 0.61563754
13.38862 6.6286993 0.64128917
13.604046 6.6579385 0.59424287
12.936418 6.8084226 0.58372629
13.113111 6.8895202 0.63583726
13.251466 6.791894 0.61331636
13.653996 6.8996997 0.62830162
13.835987 6.8882976 0.6066643
14.052851 6.9903088 0.55274165
2.232435 7.2338219 0.54410386
2.373806 7.1810412 0.64451873
2.6121631 7.1703315 0.62909991
13.131497 7.1087527 0.6212306
13.37141 7.127914 0.62183326
13.623824 7.1240311 0.61313349
13.866851 7.10251 0.63190794
14.103381 7.143105 0.62632197
14.298853 7.2374754 0.59287763
25.366127 7.1636705 0.60418075
25.605873 7.1590014 0.59694397
1.9630821 7.4516687 0.53520977
2.0979304 7.3550725 0.63739359
2.7110033 7.3429794 0.63388145
13.238134 7.3038177 0.58721054
13.40423 7.3724427 0.59881085
13.579851 7.3739853 0.65075588
13.892147 7.4028444 0.66722542
14.100086 7.3739676 0.63614982
14.353053 7.4000993 0.60364413
25.288277 7.3930392 0.63499582
25.732864 7.2559814 0.68549258
25.897038 7.3566184 0.63473254
26.023615 7.4268456 0.55588067
1.9606016 7.5450277 0.56652015
2.1062431 7.6338053 0.64520866
2.2820849 7.733212 0.74333358
2.7071896 7.6251345 0.63856667
13.467827 7.5320263 0.55327642
13.647927 7.6158557 0.61742973
13.840126 7.6002131 0.62120855
14.084618 7.628058 0.64508122
14.389387 7.5955915 0.65088749
14.613201 7.645618 0.61155808
14.783187 7.7175002 0.58364534
25.281319 7.6430941 0.61268353
25.902735 7.6415129 0.63305956
26.035891 7.5430207 0.56802285
2.2303915 7.7624898 0.55794489
2.3909905 7.8350053 0.62829578
2.6222382 7.8325987 0.610699
13.720152 7.7858353 0.52813745
13.889061 7.8593631 0.6038065
14.133574 7.8950615 0.66461855
14.406136 7.8845305 0.6620158
14.618896 7.8866539 0.62220782
14.85428 7.9057317 0.62963462
25.406164 7.8395391 0.63957769
25.635986 7.8155828 0.63452226
25.75215 7.7599216 0.59858042
13.958538 8.0242214 0.57783061
14.109562 8.1150074 0.6274091
-0.69999981 5.6014123 0.87184477
-1.8891684 5.908114 0.84938258
-1.6252594 5.9381485 0.8949573
-1.371497 5.9193373 0.88373518
-1.1106069 5.8956561 0.87943697
-0.89783692 5.9091344 0.85770881
-0.70429534 5.8908558 0.86173815
13.432825 6.6410017 0.82210571
13.549173 6.6844897 0.78865886
13.196035 6.9232554 0.8026517
13.399625 6.8616676 0.82287771
13.629731 6.873446 0.79244888
13.825145 6.9159575 0.81428683
2.4321442 7.2124166 0.85977358
2.5402012 7.198133 0.82003599
13.190971 7.1295271 0.75810289
13.37172 7.1330328 0.80703461
13.619761 7.1150913 0.79054028
13.860716 7.0895381 0.7851854
14.204403 7.2366467 0.80866617
25.47554 7.2193127 0.86340618
25.574642 7.2090731 0.83705974
2.1435058 7.4014473 0.85222435
2.3139966 7.2887836 0.87649906
2.6324444 7.3557215 0.88616717
13.397373 7.3153367 0.8050527
13.511817 7.2719789 0.82287765
13.92704 7.4488277 0.80002463
14.10216 7.3761144 0.80736774
14.279057 7.4050989 0.81816232
25.359295 7.3614478 0.85895514
25.679893 7.286942 0.87782061
25.842783 7.3837185 0.84955078
2.1710343 7.6225791 0.86725062
2.3280778 7.7188792 0.87952673
2.6393147 7.6235852 0.8712132
13.715737 7.661778 0.8218776
13.887897 7.611793 0.80563939
14.094959 7.5801454 0.8011359
14.63887 7.7167687 0.80713558
25.348467 7.6267304 0.8461796
25.692671 7.7026439 0.89319921
25.838995 7.6055632 0.85875994
2.4309607 7.7877884 0.85499799
2.5371764 7.8015289 0.83433777
13.89271 7.8020439 0.79593301
14.173618 7.9819102 0.78864372
14.401029 7.9064612 0.80031967
14.643177 7.8875542 0.80225265
14.819755 7.8729429 0.78951758
25.437809 7.7684603 0.8580935
25.590055 7.7714939 0.86767215
14.160036 8.0867004 0.81045401
14.349962 8.1089277 0.79132146
14.603383 8.1091671 0.81273836
14.808981 8.0912666 0.82201016
14.413963 8.293932 0.78003007
14.593079 8.3201189 0.7977109
28.719109 9.0987988 0.88339746
28.896509 9.0459929 0.85960007
29.121279 9.0825729 0.88180435
29.369019 9.0845699 0.90213501
29.630304 9.0742216 0.88247281
29.89712 9.0668621 0.87993318
28.719004 9.3990602 0.88932925
28.92844 9.3613138 0.85821998
29.138523 9.3628836 0.89999998
29.406374 9.3778658 0.9146294
29.604713 9.3986416 0.91666663
29.927999 9.3821163 0.86548752
28.719429 9.6353912 0.88375324
28.946922 9.6135473 0.86209881
29.155655 9.6051579 0.89999998
29.372707 9.6494837 0.91249996
29.606527 9.6314421 0.9222222
29.921268 9.6273317 0.88114762
28.718718 9.8923359 0.85962689
28.92292 9.8899918 0.87208873
29.134817 9.8518438 0.89999998
29.362228 9.9118576 0.89999998
29.656441 9.8690329 0.91249996
29.901356 9.8900051 0.86925703
0.095898874 10.182857 0.86089969
0.37224847 10.171796 0.85919231
0.61841536 10.168301 0.89828533
0.91112041 10.156333 0.8914184
1.1386199 10.162414 0.85780621
1.2785618 10.203822 0.88314557
28.718084 10.126248 0.85638356
28.926138 10.118541 0.84701705
29.117851 10.10859 0.89993358
29.346529 10.150733 0.8797766
29.630531 10.139223 0.86159176
29.901438 10.130243 0.84957731
30.123695 10.2 0.87976938
30.359488 10.2 0.88634127
30.607876 10.2 0.86385471
30.865082 10.2 0.89619547
31.197952 10.226271 0.82214814
31.478888 10.221296 0.85415041
31.728001 10.227251 0.88268447
0.10044824 10.314577 0.85925454
0.37870634 10.324 0.86359954
0.5128535 10.288168 0.84141493
0.89921308 10.349783 0.85291141
1.1216004 10.290766 0.86460972
1.2541583 10.274606 0.8420971
28.718 10.366499 0.86311471
30.997999 10.357306 0.8653056
31.13447 10.379796 0.75
28.718 10.638618 0.86561525
30.985918 10.632166 0.86793667
31.16519 10.642203 0.75
5.8813739 10.858387 0.78650951
6.1350675 10.862379 0.79512012
6.3806124 10.851454 0.78037447
6.613203 10.886374 0.80118436
6.8904777 10.867015 0.79151058
7.1371212 10.881232 0.79645431
7.383779 10.871427 0.79801112
7.6197543 10.858785 0.78793579
7.8888035 10.86332 0.79812896
8.1032715 10.86037 0.79162514
8.3487692 10.864422 0.8018086
8.601367 10.874115 0.80299997
8.8662682 10.875435 0.79852206
9.1259165 10.880589 0.79437578
9.2812834 10.969914 0.77435362
28.718 10.886179 0.89957142
30.962631 10.917877 0.89540607
31.119095 10.881871 0.75
0.11119866 11.214864 0.88044381
0.34488297 11.214 0.898359
0.51492023 11.23312 0.84041232
0.89009207 11.175501 0.88171494
1.1097465 11.233583 0.88633168
9.171669 11.07605 0.80299997
9.3833351 11.155881 0.80036581
16.99552 11.187293 0.81116068
17.097958 11.169703 0.86500674
24.469036 11.208818 0.76005208
28.718 11.129022 0.8813684
30.997999 11.097357 0.83557481
31.121447 11.121264 0.75
0.080218926 11.363294 0.86049348
0.37204263 11.365661 0.86882126
0.61682814 11.370546 0.88041538
0.86988282 11.377143 0.86385095
1.1431336 11.352573 0.86395276
1.2703128 11.313555 0.81183779
9.4366417 11.294254 0.80299997
9.6207561 11.392694 0.79578656
9.8098907 11.474707 0.75468659
16.947302 11.36355 0.93653989
17.232588 11.358457 0.84692365
24.3978 11.384575 0.78762197
28.718 11.371384 0.84607351
28.865166 11.49 0.88349825
29.14938 11.49 0.87485743
29.362949 11.49 0.88758361
29.585474 11.49 0.86795759
29.861021 11.49 0.88535404
30.134159 11.49 0.85135424
30.378262 11.49 0.90769589
30.64422 11.49 0.88175893
30.997999 11.258726 0.92226678
-1.3922855 5.0589519 1.0000001
-1.1204762 5.1267619 1
-0.89774525 5.1423492 1
-0.72754592 5.1355267 1
-1.8592881 5.3934121 1
-1.636326 5.3774271 1
-1.3751218 5.3796101 1
-1.1055317 5.3520427 1
-0.87013543 5.3937197 1
-0.71236718 5.3760428 1
-1.8404888 5.6275291 1
-1.6595719 5.6123953 1
-1.3208554 5.560606 1
-1.0998813 5.6018753 1
-0.88615459 5.6218653 1
-0.71893162 5.5117173 1
-1.8934262 5.8721991 1.1168157
-1.6267488 5.862 1.1253357
-1.3717008 5.8769999 1.1393352
-1.1154366 5.8688202 1.134841
-0.865484 5.8699999 1.1244326
-0.71189511 5.8750072 1.1200483
2.3968322 7.1423292 1.1935395
25.583563 7.0784926 1.2243998
2.2052979 7.4576597 1.0781693
2.3864319 7.3571811 1.1377152
2.5773199 7.3720078 1.0348722
25.440887 7.3841581 1.0431033
25.599867 7.3244109 1.1347752
25.807642 7.4558926 1.0473137
2.1986127 7.5393372 1.0600908
2.4015644 7.6750708 1.1196342
2.5640275 7.6368904 1.0391905
25.43721 7.6596293 1.0373209
25.624851 7.6782789 1.1255141
25.810539 7.5772352 1.0344303
2.4575248 7.8937201 1.2257921
25.605682 7.8416948 1.2081699
28.721483 9.1130476 1.1296667
28.868601 9.115757 1.1172779
29.116621 9.0868692 1.1243443
29.386988 9.0969229 1.1223012
29.642931 9.1352711 1.1085503
29.902908 9.120986 1.1158265
28.904886 9.3625879 1
29.137886 9.3891811 1
29.338289 9.4132385 1
29.620396 9.360364 1
29.872086 9.3790169 1
28.885687 9.6101828 1
29.118345 9.6445408 1
29.358351 9.6052446 1
29.626406 9.5926056 1
29.85544 9.6214266 1
28.725107 9.8434792 1
28.88665 9.8822165 1
29.117659 9.8669748 1
29.364943 9.8717995 1
29.597319 9.8733168 1
29.837626 9.8438473 1
-9.7656255e-07 10.225284 1.057198
0.099508464 10.150263 1.12129
0.35832128 10.15781 1.1444741
0.60066044 10.167355 1.1358422
0.87537456 10.162666 1.1434315
1.1489058 10.178575 1.1151389
28.731937 10.15014 1.0719572
28.868816 10.162436 1.0808877
29.0975 10.168376 1.0899843
29.358917 10.156519 1.0698922
29.615244 10.147176 1.0512295
29.876904 10.15366 1.07087
30.171215 10.2 1.1300273
30.382166 10.2 1.0976909
30.605436 10.2 1.1051203
30.972176 10.2 1.1440222
31.223211 10.224574 1.1210126
31.470772 10.212195 1.1090307
31.732393 10.216052 1.1305383
0.097415037 10.324 1.1108441
0.34968752 10.314504 1.1392293
0.50593412 10.322035 1.0994599
0.87283325 10.353106 1.1188012
1.1045829 10.290956 1.0973576
28.718 10.358359 1.140175
30.747999 10.356533 1.154083
30.882515 10.367443 1
28.718 10.608643 1.1104527
30.747999 10.594294 1.1428438
30.898972 10.637829 1
28.718 10.84838 1.1212165
30.740124 10.840371 1.1398884
30.8979 10.86305 1
0.11048086 11.214644 1.1197016
0.37605664 11.214 1.1247914
0.51492089 11.215604 1.0319924
0.87478858 11.186427 1.1344291
1.0827024 11.241811 1.1063166
17.089268 11.191957 1.1490734
28.718 11.110914 1.1317794
30.747999 11.106648 1.127604
30.873575 11.140696 1
0.072426401 11.358126 1.133925
0.39401034 11.374219 1.1632377
0.61384875 11.360914 1.0998353
0.90146387 11.379857 1.1126958
1.1514394 11.346735 1.1161926
1.2551894 11.285928 1.0458164
16.953424 11.359056 1.1507851
28.718361 11.381889 1.1111188
28.891703 11.49 1.1282856
29.106354 11.49 1.1297809
29.34226 11.49 1.1390679
29.6105 11.49 1.1163697
29.83741 11.49 1.0963464
30.1141 11.49 1.1177789
30.37542 11.49 1.1172192
30.679386 11.432579 1.134706
30.901838 11.419079 1.0476831
31.246651 11.454148 1.1625012
31.471039 11.49 1.0958476
31.723619 11.475424 1.1389523
17.083939 11.522627 1.1215732
-1.6180508 11.858 1.1243761
-0.87988997 11.850254 1.1570648
-0.52646971 11.831333 1.1467596
0.71378839 11.855757 1.101778
0.88277227 11.855618 1.0992066
1.1358192 11.862734 1.1093196
1.3790523 11.868134 1.0980037
1.6269857 11.850012 1.1176364
1.8783548 11.866218 1.0956799
2.0808027 11.895682 1.0936755
0.40703353 12.199069 1.0693674
0.6320864 12.118736 1.0919284
0.90217924 12.128957 1.1157547
1.1182873 12.079425 1.1263182
1.3446705 12.116463 1.1153175
1.6047277 12.099914 1.1211675
1.8577075 12.114915 1.1103177
2.1218472 12.115607 1.1099669
2.3329952 12.172722 1.0852058
0.14488672 12.456097 1.1071383
0.34874934 12.368532 1.0858505
0.6305176 12.367202 1.103
0.87288785 12.351096 1.103
1.1037989 12.362978 1.1031667
1.3729646 12.353903 1.1031251
1.6233649 12.381533 1.103
1.8728411 12.373432 1.103
2.1273246 12.391204 1.10325
2.3980212 12.384843 1.1086493
2.611845 12.445043 1.0829577
2.7747617 12.498825 1.1290671
-1.65 12.742284 1.0670882
-0.86133009 12.726105 1.1618462
-0.54000002 12.718444 1.2221173
0.09557759 12.62079 1.0945841
27.861147 4.4044771 0.12933335
28.110193 4.3519139 0.082872108
28.3748 4.3788333 0.12483674
-3.6771307 4.6245961 0.077179134
-3.3702962 4.6577435 0
-3.1170192 4.6202126 0
-2.8728278 4.598875 0
-2.6314259 4.6254578 0
-2.4114652 4.6270156 0
-2.1665511 4.649097 0
-1.8916155 4.6024842 0
-1.6069893 4.631917 0
-1.3669522 4.6283278 0
-1.1418701 4.6365876 0
-0.88993555 4.6232781 0
-0.70386815 4.6215343 0.10666548
-0.38523424 4.6128817 0
-0.073609196 4.6165233 0.069082759
0.092547201 4.6368604 0.043788809
0.36828282 4.6404123 0.0024000001
0.61796498 4.6491556 0.0015
0.85279822 4.6324983 0.0012000001
1.0890297 4.6586838 0.001
1.3871998 4.621943 0.00060000003
1.61531 4.6242738 0.003
1.8667936 4.6472139 0.0015
2.1346917 4.5969024 0.0020000001
2.349817 4.6316433 0.001
2.6118402 4.6359544 0.0015
2.8640954 4.6012402 0.00060000003
3.1243122 4.6157703 0.0021428571
3.409411 4.6205897 0.0023999999
3.6088488 4.6086111 0.0012857143
3.8551302 4.6261177 0.003
4.1226687 4.6089711 0.0018
4.3468189 4.6401162 0.0018
4.5877972 4.5981531 0
4.8807611 4.6467481 0.0018
5.1497431 4.628643 0.0021428571
5.3780313 4.6289325 0.001
5.6433196 4.6402807 0.0012000001
5.8659029 4.638958 0.0022500001
6.1306491 4.6383862 0.0020000001
6.3633833 4.5973983 0.0012000001
6.6474438 4.6475992 0.001
6.9022789 4.6416988 0.003
7.1291552 4.6148949 0.0015
7.3721194 4.6173782 0.00060000003
7.5719552 4.6824656 0.003
7.8399129 4.6391697 0.0015
8.0899849 4.6239271 0.0018
8.3748636 4.598639 0.0012857143
8.6385021 4.6313767 0.003
8.873847 4.6514721 0.0015
9.0842228 4.6104717 0.0015
9.3355837 4.6301723 0.0012000001
9.6238241 4.6191945 0.00099999993
9.9261332 4.6587634 0.0017500001
10.070221 4.6279182 0.0015
10.352144 4.6122861 0.000375
10.655253 4.6611958 0.021260673
10.88219 4.6089702 0.077195108
11.13408 4.624578 0.085540324
11.364876 4.6413846 0.089925855
11.630182 4.7016969 0.11444344
11.884885 4.6371269 2.9288604e-18
12.133725 4.6542172 2.7350801e-17
12.366336 4.6527009 1.4922428e-16
12.614341 4.6333776 7.2121487e-17
12.878528 4.6149616 1.0168374e-16
13.118458 4.5959563 6.3484001e-17
13.354859 4.6288004 5.1659606e-17
13.647075 4.6099501 2.1552201e-17
13.870734 4.6167674 8.2157961e-18
14.106092 4.6192532 0
14.357999 4.6306992 0
14.620435 4.6133022 0
14.873734 4.6362691 0
15.123778 4.6359582 0
15.362594 4.6163826 0
15.621467 4.6132183 0
15.894118 4.6226149 0
16.114998 4.6295743 0
16.370209 4.6350136 0
16.645302 4.6194034 0
16.848595 4.6632547 0
17.140028 4.6045632 0.075767256
17.37944 4.6553979 0.10053226
17.608126 4.5860868 0.0020000001
17.829706 4.6261396 0.0020000001
18.089371 4.6306152 0.0018000001
18.349863 4.6321139 0.001
18.594114 4.6653633 0.0015000001
18.849014 4.5965118 0.024902033
19.16432 4.593533 0.031375736
19.387068 4.576376 0.031906735
19.614508 4.6069007 0.021978274
19.869101 4.6002517 0.031559944
20.140854 4.5773215 0.03838788
20.357868 4.600481 0.02981787
20.633507 4.5997634 0.028800543
20.887978 4.5835638 0.040939312
21.116816 4.5896454 0.019864459
21.332541 4.5575795 0.035001174
21.600014 4.5538287 0.046703838
21.87772 4.582716 0.032850888
22.113562 4.6225638 0.028051622
22.381842 4.592659 0.018783171
22.611731 4.6333861 0.096054964
22.867231 4.634685 0.047692794
23.139675 4.612011 0.066824824
23.376471 4.6242204 0.062266681
23.625256 4.6376081 0.039997958
23.880835 4.6083851 0.061486159
24.136761 4.6280594 0.057222594
24.358492 4.6279373 0.051343344
24.605223 4.6456685 0.048164811
24.895527 4.6338739 0.097930036
25.166033 4.6653757 0.076319009
25.391218 4.635963 0
25.65498 4.5861149 0.0015
25.865299 4.5935798 0.001
26.158489 4.6271629 0.0015
26.381363 4.6211362 0.0012000001
26.623352 4.6844592 0.10611727
26.89357 4.6318207 0.081591651
27.124166 4.6356416 0.068241954
27.365133 4.6282721 0.099428207
27.637613 4.6280136 0.090867594
27.885895 4.6076517 0.10327408
28.116693 4.6202178 0.071663193
28.363476 4.5997539 0.062295869
-3.6202996 4.7814069 0.12720732
-3.3695092 4.7819996 0.14218184
-3.1402988 4.7785249 0.097880453
-2.8633995 4.7791209 0.13252133
-2.6223521 4.7819996 0.11176516
-2.3590341 4.7818885 0.10534555
-2.1235545 4.7819996 0.13130054
-1.8978097 4.8702569 0.065391377
30.497999 11.093434 1.3656423
30.616396 11.136848 1.25
0.1158998 11.367951 1.3775203
0.40796584 11.352793 1.3772187
0.64602304 11.36705 1.3842773
0.87453532 11.36327 1.3885143
1.0921975 11.336838 1.3657128
16.960741 11.361516 1.369328
17.305107 11.382545 1.460708
28.721771 11.396845 1.3608168
28.891191 11.49 1.378207
29.132343 11.49 1.3836673
29.395185 11.49 1.3569878
29.611458 11.49 1.3740668
29.878902 11.49 1.3718662
30.126892 11.49 1.3826734
30.419333 11.430166 1.3941518
30.68342 11.425028 1.2989379
30.971333 11.474165 1.3685321
31.244862 11.4715 1.3758422
31.478001 11.480059 1.3741474
31.72654 11.469273 1.4121006
16.922371 11.547198 1.4731455
17.064781 11.556713 1.3874073
-1.6221446 11.858 1.3839463
-0.88085121 11.832044 1.3983802
-0.52685791 11.838125 1.3893139
-1.6421905 12.718 1.3448446
-0.83403224 12.718 1.4024849
-0.63423359 12.718 1.4285572
-0.5 12.730227 1.3508842
-1.6449893 12.758 1.3551637
-0.86769682 12.872602 1.3834478
-0.61658138 12.878818 1.3827145
-0.5 12.862783 1.4207797
-0.83898908 13.115665 1.3572968
-0.61768919 13.118712 1.363161
-0.5 13.138174 1.40106
26.631517 13.176514 1.3547076
26.877415 13.172667 1.3532448
27.127729 13.17238 1.3813009
27.359058 13.165959 1.3623517
27.628502 13.156428 1.3778033
27.869555 13.1675 1.3770692
28.021 13.196511 1.3724177
-0.86361051 13.387341 1.3930687
-0.61337757 13.379878 1.367474
-0.5 13.367674 1.4130218
28.044605 13.402369 1.3621018
-1.6269715 13.693863 1.3709331
-0.84253407 13.649375 1.3770176
-0.63014722 13.653057 1.3721685
-0.5 13.655984 1.3642724
28.199591 13.524601 1.3876098
28.363728 13.631764 1.4027439
28.514462 13.710338 1.4080359
26.85677 13.941494 1.39113
27.060682 13.955495 1.4317504
27.671518 13.918648 1.4250864
27.837345 13.877179 1.41491
28.566 13.867125 1.3845576
26.862989 14.1386 1.3838679
27.074928 14.088282 1.3885065
27.397612 14.082011 1.4403296
27.650316 14.098351 1.4039314
27.848173 14.11435 1.4119916
28.067989 14.177362 1.4256549
28.566 14.112392 1.3589597
27.811525 14.320398 1.2809086
28.414602 14.444419 1.3464174
28.562243 14.323778 1.3811444
27.999998 14.72822 1.4189054
28.107056 14.616701 1.3531189
28.276802 14.520822 1.334812
26.616623 14.897698 1.3888646
26.870094 14.845 1.3717362
27.149723 14.895116 1.3720109
27.368284 14.877316 1.3868557
27.622755 14.845 1.3630451
27.85244 14.845 1.3802238
28.016037 14.89609 1.3835615
0.070351757 15 1.3571429
0.35175878 15 1.3571429
0.63316584 15 1.3571429
0.91457283 15 1.3571429
1.1256281 15 1.3571429
1.3366835 15 1.3571429
1.6180904 15 1.3571429
1.8994975 15 1.3571429
2.1105528 15 1.3571429
2.3216081 15 1.3571429
2.6030149 15 1.3571429
2.8844223 15 1.3571429
3.1658292 15 1.3571429
3.3768845 15 1.3571429
3.5879397 15 1.3571429
3.8693466 15 1.3571429
4.150754 15 1.3571429
4.3618093 15 1.3571429
4.5728645 15 1.3571429
4.8542714 15 1.3571429
5.1356783 15 1.3571429
5.4170856 15 1.3571429
5.6281409 15 1.3571429
5.8391962 15 1.3571429
6.1206031 15 1.3571429
6.40201 15 1.3571429
6.6130652 15 1.3571429
6.8241205 15 1.3571429
7.1055279 15 1.3571429
7.3869343 15 1.3571429
7.6683416 15 1.3571429
7.8793969 15 1.3571429
8.0904522 15 1.3571429
8.3718596 15 1.3571429
8.6532669 15 1.3571429
8.8643217 15 1.3571429
9.0753765 15 1.3571429
9.3567839 15 1.3571429
9.6381912 15 1.3571429
9.9195976 15 1.3571429
10.130653 15 1.3571429
10.341709 15 1.3571429
10.623116 15 1.3571429
10.904523 15 1.3571429
11.115578 15 1.3571429
11.326633 15 1.3571429
11.60804 15 1.3571429
11.889447 15 1.3571429
12.170855 15 1.3571429
12.381909 15 1.3571429
12.592965 15 1.3571429
12.874372 15 1.3571429
13.155779 15 1.3571429
13.366835 15 1.3571429
13.577889 15 1.3571429
13.859297 15 1.3571429
14.140703 15 1.3571429
14.422111 15 1.3571429
14.633165 15 1.3571429
14.844221 15 1.3571429
15.125628 15 1.3571429
15.407035 15 1.3571429
15.618091 15 1.3571429
15.829145 15 1.3571429
16.110554 15 1.3571429
16.39196 15 1.3571429
16.673367 15 1.3571429
16.884422 15 1.3571429
17.095478 15 1.3571429
17.376884 15 1.3571429
17.658291 15 1.3571429
17.869347 15 1.3571429
18.080402 15 1.3571429
18.361809 15 1.3571429
18.643215 15 1.3571429
18.924622 15 1.3571429
19.135679 15 1.3571429
19.346733 15 1.3571429
19.628139 15 1.3571429
19.909548 15 1.3571429
20.120604 15 1.3571429
20.331657 15 1.3571429
20.613064 15 1.3571429
20.894474 15 1.3571429
21.17588 15 1.3571429
21.386934 15 1.3571429
21.59799 15 1.3571429
21.879398 15 1.3571429
22.160805 15 1.3571429
22.371859 15 1.3571429
22.582916 15 1.3571429
22.864323 15 1.3571429
23.145729 15 1.3571429
23.427135 15 1.3571429
23.638191 15 1.3571429
23.849247 15 1.3571429
24.130653 15 1.3571429
24.41206 15 1.3571429
24.623116 15 1.3571429
24.834171 15 1.3571429
25.115578 15 1.3571429
25.396984 15 1.3571429
25.678391 15 1.3571429
25.889448 15 1.3571429
26.100502 15 1.3571429
26.381908 15 1.3571429
26.64636 15 1.3448399
26.876856 15 1.3684634
27.074787 15 1.3603704
27.380209 15 1.3534822
27.643776 15 1.377339
27.859476 15 1.3683182
28 15 1.3571429
0.33997753 -4.8828127e-07 1.5218904
-0.014199219 0.18313965 1.53
0.099293597 0.026794976 1.5798322
0.36846387 0.051597659 1.5851226
0.61861211 0.041638728 1.5800416
0.88331866 0.05056636 1.5656718
1.1402612 0.058976807 1.5582143
1.3631709 0.039664976 1.5843916
1.6180904 0 1.6428571
1.8994975 0 1.6428571
2.1105528 0 1.6428571
2.3216081 0 1.6428571
2.6030149 0 1.6428571
2.8844223 0 1.6428571
3.1658292 0 1.6428571
3.3768845 0 1.6428571
30.960394 11.410004 0.87033325
31.160103 11.386682 0.80918133
31.492645 11.455875 0.88956201
31.729507 11.462973 0.88392258
9.6866398 11.581549 0.77898562
9.875268 11.639361 0.79073155
17.096092 11.541705 0.83820921
24.408134 11.645376 0.82622725
24.5 11.622223 0.79046631
-1.6186953 11.85581 0.87131727
-0.8754499 11.840442 0.89356959
-0.54000002 11.856803 0.93726248
-0.5 11.824668 0.86753768
0.68138474 11.91835 0.87887788
0.86927938 11.893303 0.86508024
1.1168209 11.87397 0.87735742
1.38375 11.873674 0.85853523
1.6188133 11.877628 0.8761481
1.884855 11.871655 0.85313749
2.0874591 11.89784 0.87796038
9.9379978 11.854457 0.7978375
10.133947 11.891913 0.79123735
24.391169 11.904751 0.84358746
24.5 11.86662 0.80615675
0.41434699 12.167634 0.87338823
0.61690575 12.102449 0.81176388
0.87428516 12.128438 0.78116494
1.1260432 12.127516 0.77945352
1.3664829 12.116109 0.78178728
1.6263272 12.115292 0.78458786
1.8778726 12.136611 0.78972214
2.1463099 12.11142 0.81122869
2.333405 12.152939 0.84256035
9.8641081 12.159129 0.7894966
10.035817 12.109394 0.79034084
24.3692 12.130095 0.86028069
24.5 12.134349 0.82732612
0.15336096 12.44267 0.92921793
0.34525284 12.387644 0.79357183
0.63453746 12.369439 0.77431917
0.87684262 12.385159 0.78972214
1.1173551 12.385295 0.78458786
1.3870808 12.386671 0.78972214
1.6399609 12.381858 0.78178728
1.8666203 12.373369 0.78178728
2.1257401 12.40522 0.78439879
2.3960605 12.360334 0.78349441
2.6070251 12.421791 0.88625652
9.699276 12.269938 0.76653486
9.8111191 12.325815 0.78887463
24.382418 12.372198 0.88974619
24.5 12.389723 0.85267884
-1.61 12.733303 0.99448323
-0.86333334 12.743033 0.86771905
-0.52351123 12.718 0.82158458
-0.5 12.734997 0.94524729
0.12522869 12.638573 0.86163026
0.36858204 12.642953 0.78178728
0.63582444 12.62479 0.77945352
0.88528931 12.625481 0.77688634
1.1201224 12.62394 0.7845878
1.3884881 12.623926 0.77226549
1.6299996 12.63504 0.78801072
1.8631636 12.630899 0.78738838
2.130748 12.630128 0.78178728
2.376761 12.624099 0.79074901
2.5791814 12.626814 0.83809912
2.8417125 12.634721 0.8070814
24.364418 12.611385 0.8946895
24.5 12.618771 0.86041611
-1.65 12.753134 0.85200071
0.12904003 12.886937 0.8608762
0.36383691 12.885136 0.78458786
0.62421477 12.88669 0.77618623
0.88636804 12.870221 0.7869575
1.1449904 12.868196 0.79228932
1.3799047 12.868311 0.78458786
1.6261598 12.878612 0.78116494
1.8656192 12.893886 0.78972214
2.1087723 12.88006 0.77842665
2.3689852 12.874759 0.79298943
2.5694306 12.864678 0.84213161
2.8540578 12.880666 0.82573605
24.346703 12.868812 0.87831759
24.5 12.852861 0.88450402
0.13222933 13.134896 0.8742786
0.37670186 13.147983 0.7845878
0.62936658 13.14715 0.77842665
0.87624884 13.115849 0.78801072
1.1291577 13.118999 0.78178728
1.3802011 13.128699 0.78458786
1.6292841 13.10813 0.78738832
1.8925714 13.13727 0.78801072
2.1374366 13.138889 0.7845878
2.3741663 13.112671 0.77431917
2.5650246 13.118684 0.84725332
2.8247621 13.124112 0.84390855
24.346388 13.122674 0.87476647
24.5 13.096241 0.87968189
26.65864 13.17933 0.87789029
26.894934 13.170526 0.87628424
27.119785 13.168421 0.88938862
27.370949 13.154583 0.88785911
27.625465 13.1675 0.86980218
27.847519 13.160455 0.88261014
28.015486 13.145924 0.86202198
0.13802773 13.380766 0.87586856
0.38996583 13.384562 0.78458786
0.62243778 13.377567 0.79298943
0.88467419 13.373047 0.78458786
1.1242521 13.362293 0.78738838
1.3852078 13.367442 0.79074901
1.6063037 13.36091 0.78738838
1.8613893 13.373089 0.78178728
2.113574 13.369442 0.7845878
2.3766835 13.37766 0.79074901
2.5667012 13.360002 0.85221744
2.8413885 13.378819 0.84107679
24.348381 13.376937 0.89720172
0.11499316 12.57135 1.1322706
0.34916252 12.621804 1.1197261
0.6361931 12.633298 1.1031251
0.85790986 12.614634 1.103
1.1042773 12.621951 1.103
1.3878347 12.609308 1.103
1.6221545 12.619068 1.103
1.8787302 12.644219 1.103
2.1325362 12.62393 1.1031429
2.3977633 12.616879 1.112757
2.6139505 12.644823 1.124369
2.7747614 12.640769 1.0816745
-1.6495742 12.758 1.1744897
-0.87108499 12.758 1.0492241
-0.52047461 12.758 1.1241912
-0.5 12.750862 1.0414733
0.091480926 12.866499 1.1063608
0.34820104 12.842127 1.1197261
0.60651857 12.898013 1.103
0.85114092 12.890175 1.103
1.1030995 12.877085 1.103
1.3844578 12.852382 1.103
1.6345384 12.903718 1.103
1.8688128 12.865718 1.103
2.1323946 12.870808 1.103
2.3886287 12.874282 1.1184282
2.6040461 12.890035 1.1138107
2.7747617 12.896479 1.0631603
24.427116 12.879506 1.0239449
0.11173909 13.108716 1.1112723
0.36241037 13.112257 1.1159827
0.64997905 13.140904 1.103
0.89703321 13.125113 1.103
1.1481955 13.123926 1.103
1.4155723 13.098939 1.103
1.6376929 13.123081 1.103
1.8680049 13.127667 1.103
2.1051691 13.150159 1.103
2.3901498 13.121273 1.1170888
2.6007481 13.129933 1.1283512
2.7747617 13.138918 1.0967839
24.424374 13.163064 1.0441372
26.620943 13.155229 1.1166049
26.873482 13.1365 1.1187007
27.124399 13.192407 1.1254096
27.364635 13.161538 1.1195589
27.609669 13.178572 1.1324189
27.865107 13.161538 1.1351904
28.01968 13.178714 1.1223264
-9.7656255e-07 13.435211 1.0115001
0.11283428 13.359978 1.1281121
0.39604813 13.382205 1.1078745
0.6403141 13.395197 1.103
0.8907454 13.365924 1.103
1.1286317 13.364354 1.103
1.3675675 13.378229 1.103
1.6197541 13.377879 1.103
1.8796582 13.377368 1.103
2.1498873 13.376719 1.103
2.4162974 13.373466 1.1115885
2.6143324 13.384835 1.1182263
2.7741501 13.378101 1.089995
24.4305 13.393079 1.0895878
24.5 13.455147 1.0250654
28.029497 13.382504 1.1189108
-1.6357559 13.691927 1.0947485
-0.85990655 13.693064 1.1339839
-0.51852441 13.707813 1.1430757
-0.5 13.694152 1.031018
-9.7656255e-07 13.630206 1.1438004
0.11271861 13.643793 1.0881513
0.36426404 13.623912 1.1169019
0.63797379 13.640787 1.103
0.8832761 13.593016 1.103
1.1199285 13.632778 1.103
1.3510853 13.649457 1.103
1.6059424 13.630924 1.103
1.8712093 13.615852 1.103
2.1388636 13.640949 1.103
2.4146497 13.623483 1.1197261
2.6211355 13.633571 1.1309664
2.772387 13.648849 1.1049452
24.411921 13.636268 1.0811526
24.5 13.653689 1.0182595
28.189119 13.526445 1.1279796
28.382294 13.62865 1.1300011
28.566658 13.728636 1.1851015
0.10080664 13.810535 1.0903828
0.33477175 13.881823 1.1107594
0.61208224 13.876161 1.103
0.88368958 13.860942 1.1030713
1.1257805 13.884731 1.103
1.3619281 13.888823 1.103
1.6157769 13.895652 1.1031111
1.9061286 13.895866 1.1031251
2.1557343 13.876388 1.103
2.4070675 13.859654 1.1050464
2.5994828 13.819175 1.0904917
2.76296 13.813652 1.092809
24.392574 13.889894 1.0738151
24.5 13.885766 1.0678799
26.711803 13.93075 1.1371015
26.880386 13.929796 1.1248273
27.072968 13.959446 1.184134
28.569 13.882577 1.1330385
0.40273732 14.092816 1.0690168
0.64542657 14.098982 1.103
0.83991325 14.137874 1.1097807
1.0985726 14.113573 1.103
1.363865 14.138403 1.1154274
1.6225187 14.153721 1.1112659
1.8857968 14.138876 1.1052753
2.1576016 14.112568 1.103
2.3491316 14.115599 1.0777167
24.394386 14.114992 1.0640872
24.5 14.132627 1.0520706
26.698902 14.111631 1.12626
26.85915 14.116896 1.0781193
27.063381 14.07778 1.1739396
27.699015 14.184517 1.1266476
27.793627 14.114039 1.1042665
28.08596 14.175593 1.1439345
28.563002 14.120872 1.130307
0.66199315 14.353165 1.0853764
0.87430352 14.350272 1.1279085
1.1229067 14.342678 1.1232865
1.3868484 14.35347 1.1225998
1.6102018 14.358934 1.1201845
1.8726468 14.366318 1.1208407
2.0944419 14.351346 1.0935655
24.41922 14.368394 1.0851127
24.5 14.413937 1.0859036
27.790426 14.257213 1.1198189
28.414602 14.435625 1.1313607
28.559345 14.325588 1.1053281
0.74012208 14.616117 1.0641075
0.86121583 14.609517 1.0720345
1.136232 14.595798 1.0885121
1.3725364 14.592027 1.0913829
1.6259931 14.594631 1.0884509
1.9053926 14.608289 1.0735101
2.0511713 14.551322 1.0859823
24.392366 14.63419 1.0732991
24.5 14.694469 1.0383323
28.096622 14.617421 1.119591
28.286364 14.511356 1.1001418
24.406755 14.89444 1.0851201
24.5 14.814522 1.0730844
26.619194 14.86715 1.1495037
26.892967 14.862291 1.1148899
27.099558 14.908485 1.128373
27.386374 14.8605 1.1118474
27.626898 14.879444 1.125317
27.860916 14.864375 1.110912
28.018 14.835198 1.1247818
0.070351757 15 1.0714285
0.35175878 15 1.0714285
0.63316584 15 1.0714285
0.91457283 15 1.0714285
1.1256281 15 1.0714285
1.3366835 15 1.0714285
1.6180904 15 1.1428572
-1.87998 4.8267889 0.086580008
-1.6359543 4.8478045 0.072790384
-1.3626617 4.8652287 0.069419466
-1.1123432 4.8569098 0.072433002
-0.89779389 4.8734117 0.074602403
-0.70277512 4.863637 0.10461272
-0.39336035 4.8634024 0
-0.10609952 4.881074 0.046520419
0.032250814 4.8829484 0.077492274
0.37834701 4.8431029 0.001
0.61964941 4.9108715 0.0015
0.9200933 4.8715944 0.0015
1.1371076 4.8630433 0.0012000001
1.3655486 4.8601499 0.0024000001
1.5916274 4.8823357 0.0024000001
1.9502836 4.8490276 0.0015
2.1485827 4.8374095 0.0022499999
2.3685601 4.8768363 0.0012000001
2.6209931 4.8680859 0.0017142857
2.8761244 4.8833861 0.003
3.1263664 4.9006062 0.0022499999
3.3377774 4.8824835 0.0024999999
3.641454 4.908814 0.00060000003
3.8291953 4.880662 0.0020000001
4.0640883 4.922967 0.0020000001
4.4173813 4.8842835 0.0018000001
4.6066327 4.9043293 0.00060000003
4.9393411 4.8476629 0.003
5.1186862 4.9064245 0.0020000001
5.3292165 4.8532848 0.00060000003
5.5738907 4.8887329 0.0012000001
5.8574214 4.8638453 0.0022499999
6.1142735 4.8688374 0.00185
6.3584199 4.8293104 0.0018
6.6186609 4.9144444 0.0020000001
6.8578029 4.8957539 0.00075000001
7.0884266 4.9234004 0.0019999999
7.3579483 4.8829832 0.003
7.6675272 4.8432312 0.0022499999
7.8127956 4.8252344 0
8.1320686 4.8885355 0.0018
8.3812857 4.8550544 0.0017142857
8.6370726 4.8683205 0.00085714285
8.906085 4.8869371 0.003
9.1466999 4.8451176 0
9.4099455 4.8900185 0.0015
9.625639 4.9156775 0
9.8489208 4.8396354 0.003
10.130456 4.8860211 0.082307868
10.382631 4.8719449 0.067089096
10.622477 4.9181995 0.052989583
10.875359 4.8806992 0.080186374
11.111011 4.8705168 0.12582189
11.38931 4.8319163 0.045290623
11.608835 4.8294568 0.097931206
11.867968 4.878109 1.7765898e-16
12.103903 4.8883228 1.0453111e-16
12.356913 4.8855376 7.2083596e-17
12.609684 4.8665338 9.550186e-17
12.872967 4.8718448 7.0374118e-17
13.143357 4.8631711 5.194233e-17
13.360136 4.879189 4.6957995e-17
13.637811 4.8551474 4.7537549e-18
13.889831 4.8976531 6.1054813e-18
14.120341 4.875278 0
14.354005 4.887948 0
14.619668 4.8802667 0
14.865755 4.8731809 0
15.121835 4.8780332 0
15.390718 4.8626142 0
15.645303 4.8470616 0
15.869915 4.8735347 0
16.138292 4.8621206 0
16.390642 4.8727822 0
16.637999 4.8876657 0
16.876047 4.8782849 0
17.077 4.8763247 0
17.379894 4.8881278 0.056817509
17.575388 4.8643074 0.091041021
17.898981 4.8651166 0.0020000001
18.103302 4.9041629 0
18.344856 4.89358 0.003
18.619576 4.9154019 0.0022499999
18.893475 4.8477187 0.0018
19.100523 4.840508 0.0015
19.425756 4.9087629 0.001
19.647799 4.8755913 0.00075000006
19.895878 4.8739338 0.0011999999
20.110714 4.8612795 0.003
20.376715 4.8714852 0.00075000001
20.587654 4.8870783 0.0012000001
20.890621 4.8454018 0.001
21.085283 4.8695726 0.003
21.390236 4.8964844 0.0024999999
21.610794 4.8647647 0.0018
21.890919 4.9389772 0.003
22.164423 4.8988099 0.0024999999
22.389372 4.9173765 0.0020000001
22.60924 4.8790951 0.10795314
22.864658 4.8383608 0.033490583
23.113188 4.871654 0.044031527
23.401144 4.8672466 0.030099371
23.611248 4.8874974 0.030452242
23.887014 4.8459816 0.038218491
24.108065 4.8363461 0.045947939
24.385628 4.8888993 0.030831406
24.612005 4.8827658 0.012868146
24.907976 4.868804 0.0899802
25.167942 4.893424 0.076633565
25.402727 4.8481522 0.0012000001
25.654995 4.8202066 0.00075000001
25.95628 4.8407769 0
26.095436 4.8753452 0.0012000001
26.313938 4.8876643 0.0022499999
26.632746 4.8572865 0.076036349
26.861504 4.8725343 0.10594992
27.131195 4.8544016 0.079007924
27.414591 4.848629 0.099706903
27.605795 4.8637319 0.072826602
27.867298 4.8737097 0.06213915
28.058533 4.8635583 0.078233875
28.37447 4.8852358 0
-1.8817785 5.1159816 0.11028429
-1.6106441 5.1283174 0.049999997
-1.3790487 5.1148229 0.046153843
-1.1220814 5.1343179 0.046153843
-0.90029728 5.1450124 0.089338407
-0.71554846 5.1009412 0.083042637
-0.34851253 5.1156654 0
-0.092890486 5.123261 0.044095863
0.098057985 5.1385717 0.052723855
0.35951093 5.0892529 0.0018
0.6334824 5.1286511 0.00075000001
0.87583339 5.1603708 0.00060000003
1.1718196 5.1369271 0.00075000001
1.3229133 5.1272006 0.00075000001
1.6045563 5.0627179 0.003
1.854196 5.1604357 0.0020000001
2.1262078 5.1375108 0.00060000003
2.3422859 5.1054506 0.0015
2.660212 5.1038184 0.0022499999
2.8589647 5.1504073 0.0023999999
3.1044884 5.1292753 0.00075000001
3.3696802 5.1136422 0.0017142857
3.6498828 5.0913892 0.001
3.887296 5.1132731 0.0018
4.1196856 5.1288023 0.00099999993
4.4044404 5.0567236 0.0015
4.6570024 5.1139674 0.0015
4.865871 5.1125655 0.0011999999
5.1810331 5.1598825 0.0015
5.3773365 5.1105809 0.0022499999
5.6256862 5.1300569 0
5.8817377 5.1448169 0.0024666667
6.0957789 5.133028 0.001
6.3727407 5.1115246 0.0015
6.6620455 5.133894 0.0025714287
6.7986555 5.0938716 0
7.1390395 5.1145635 0.0018000001
7.4059057 5.1266718 0.0020000001
24.5 13.369617 0.85270965
28.033108 13.374455 0.8849799
-1.6392149 13.691334 0.85078788
-0.88999999 13.707197 0.90025151
-0.52417809 13.700879 0.86459363
0.13814174 13.636708 0.86507052
0.36824438 13.636714 0.77945352
0.61031651 13.631229 0.79074901
0.87136078 13.631252 0.78458786
1.1218668 13.633642 0.77945352
1.3669484 13.631572 0.79298943
1.6389213 13.598185 0.77618623
1.9110067 13.632751 0.78801072
2.1214077 13.626628 0.78178728
2.3390751 13.614165 0.78458786
2.5531514 13.62224 0.83041316
2.8306828 13.634597 0.85983735
24.372675 13.622285 0.89422238
24.5 13.612267 0.84422952
28.200611 13.53308 0.89476925
28.367178 13.628261 0.8704443
28.549488 13.718723 0.88042837
0.14637011 13.848143 0.88709217
0.33806753 13.88481 0.79324037
0.62809342 13.865779 0.78395033
0.8676483 13.87672 0.79228932
1.1322554 13.875091 0.78738838
1.3787029 13.892773 0.77688634
1.6240096 13.870483 0.79074901
1.8673363 13.8751 0.78458786
2.1099076 13.896134 0.77597064
2.3896749 13.839012 0.78368771
2.5940259 13.862717 0.85773087
2.864922 13.867837 0.8121649
24.36334 13.87432 0.85819036
24.500002 13.857039 0.90155822
26.708038 13.906591 0.9076966
26.824322 13.922051 0.92608714
27.706926 13.924296 0.7588591
27.850241 13.885675 0.78988409
28.061516 13.871531 0.78860646
28.560001 13.877255 0.87232238
0.38483682 14.086396 0.8418535
0.62321615 14.130038 0.78450382
0.87265527 14.116648 0.78738838
1.1154836 14.113968 0.78178728
1.3746134 14.116491 0.78458786
1.6128358 14.110513 0.78738838
1.8827173 14.135954 0.77945352
2.1322122 14.127389 0.77138531
2.3635468 14.103821 0.84173775
2.8464129 14.129685 0.79799414
24.344803 14.140593 0.85693419
24.5 14.125369 0.87361556
26.687622 14.115269 0.91502094
26.829878 14.105998 0.91948634
27.684965 14.159558 0.858841
27.838837 14.095339 0.8588407
28.045084 14.157723 0.83291459
28.563002 14.103451 0.88958347
0.66213721 14.356972 0.85844034
0.85983747 14.323632 0.85109526
1.1249157 14.326285 0.85606045
1.3745228 14.325912 0.85181624
1.6279143 14.325851 0.86574483
1.8853002 14.322762 0.84434772
2.1171219 14.339331 0.85822678
2.893086 14.366952 0.79789537
24.345827 14.370842 0.86845797
24.5 14.354458 0.87828553
27.800457 14.255184 0.93637693
28.412918 14.432371 0.8803367
28.552637 14.325429 0.8674683
0.72379941 14.637075 0.90145367
0.8858701 14.731497 0.92551613
1.082443 14.70653 0.95550632
1.3736072 14.717875 0.94187748
1.6115913 14.72584 0.9323107
1.8201985 14.713592 0.94702339
2.052479 14.61265 0.899059
2.8639154 14.64395 0.80299997
24.346771 14.639009 0.87908304
24.5 14.600832 0.87700176
28.111143 14.612801 0.89184099
28.287071 14.514893 0.85474855
0.72517288 14.8452 0.78894103
0.86540312 14.818771 0.82068586
1.1348372 14.817356 0.82238573
1.3855444 14.815905 0.82412863
1.6359633 14.825547 0.81254673
1.8811628 14.796361 0.84760404
2.0512297 14.801052 0.80056012
2.8954418 14.893437 0.79985207
24.346203 14.88448 0.87268883
24.5 14.849499 0.87671131
26.626194 14.892837 0.88548589
26.89691 14.912559 0.8797096
27.112413 14.845 0.88729477
27.377115 14.864375 0.85929602
27.647734 14.88375 0.87060136
27.878378 14.845 0.88945001
28.015751 14.849865 0.86416817
0.070351757 15 0.85714287
0.35175878 15 0.85714287
0.63316584 15 0.85714287
0.91457283 15 0.85714287
1.1256281 15 0.85714287
1.3366835 15 0.85714287
1.6180904 15 0.85714287
1.8994975 15 0.85714287
2.1105528 15 0.85714287
2.3216081 15 0.85714287
2.6030149 15 0.85714287
2.8482876 15 0.83118594
3.1658292 15 0.85714287
3.3768845 15 0.85714287
3.5879397 15 0.85714287
3.8693466 15 0.85714287
4.150754 15 0.85714287
4.3618093 15 0.85714287
4.5728645 15 0.85714287
4.8542714 15 0.85714287
5.1356783 15 0.85714287
5.4170856 15 0.85714287
5.6281409 15 0.85714287
5.8391962 15 0.85714287
6.1206031 15 0.85714287
6.40201 15 0.85714287
6.6130652 15 0.85714287
6.8241205 15 0.85714287
7.1055279 15 0.85714287
7.3869343 15 0.85714287
7.6683416 15 0.85714287
7.8793969 15 0.85714287
8.0904522 15 0.85714287
8.3718596 15 0.85714287
8.6532669 15 0.85714287
8.8643217 15 0.85714287
9.0753765 15 0.85714287
9.3567839 15 0.85714287
9.6381912 15 0.85714287
9.9195976 15 0.85714287
10.130653 15 0.85714287
10.341709 15 0.85714287
10.623116 15 0.85714287
10.904523 15 0.85714287
11.115578 15 0.85714287
11.326633 15 0.85714287
11.60804 15 0.85714287
11.889447 15 0.85714287
12.170855 15 0.85714287
12.381909 15 0.85714287
12.592965 15 0.85714287
12.874372 15 0.85714287
13.155779 15 0.85714287
13.366835 15 0.85714287
13.577889 15 0.85714287
13.859297 15 0.85714287
14.140703 15 0.85714287
14.422111 15 0.85714287
14.633165 15 0.85714287
14.844221 15 0.85714287
15.125628 15 0.85714287
15.407035 15 0.85714287
15.618091 15 0.85714287
15.829145 15 0.85714287
16.110554 15 0.85714287
16.39196 15 0.85714287
16.673367 15 0.85714287
16.884422 15 0.85714287
17.095478 15 0.85714287
17.376884 15 0.85714287
17.658291 15 0.85714287
17.869347 15 0.85714287
18.080402 15 0.85714287
18.361809 15 0.85714287
18.643215 15 0.85714287
18.924622 15 0.85714287
19.135679 15 0.85714287
19.346733 15 0.85714287
19.628139 15 0.85714287
19.909548 15 0.85714287
20.120604 15 0.85714287
20.331657 15 0.85714287
20.613064 15 0.85714287
20.894474 15 0.85714287
21.17588 15 0.85714287
21.386934 15 0.85714287
21.59799 15 0.85714287
21.879398 15 0.85714287
22.160805 15 0.85714287
22.371859 15 0.85714287
22.582916 15 0.85714287
22.864323 15 0.85714287
23.145729 15 0.85714287
23.427135 15 0.85714287
23.638191 15 0.85714287
23.849247 15 0.85714287
24.130653 15 0.85714287
24.417179 15 0.8826654
24.623116 15 0.85714287
24.834171 15 0.85714287
25.115578 15 0.85714287
25.396984 15 0.85714287
25.678391 15 0.85714287
25.889448 15 0.85714287
26.100502 15 0.85714287
26.381908 15 0.85714287
26.679737 15 0.87113416
26.842649 15 0.91015029
27.106121 15 0.8513453
27.34267 15 0.88946873
27.632416 15 0.88423812
27.882727 15 0.85649127
28 15 0.85714287
0.21907812 -4.8828127e-07 1.074551
1.1373633 -4.8828127e-07 1.0197587
-0.018964518 0.1724419 1.0874449
0.081523053 0.070059456 1.122586
0.36286399 0.066428572 1.1082011
0.57017183 0 1.1370387
3.5879397 0 1.6428571
3.8693466 0 1.6428571
4.150754 0 1.6428571
4.3618093 0 1.6428571
4.5728645 0 1.6428571
4.8542714 0 1.6428571
5.1356783 0 1.6428571
5.4170856 0 1.6428571
5.6281409 0 1.6428571
5.8391962 0 1.6428571
6.1206031 0 1.6428571
6.40201 0 1.6428571
6.6130652 0 1.6428571
6.8241205 0 1.6428571
7.1055279 0 1.6428571
7.3869343 0 1.6428571
7.6683416 0 1.6428571
7.8793969 0 1.6428571
8.0904522 0 1.6428571
8.3718596 0 1.6428571
8.6532669 0 1.6428571
8.8643217 0 1.6428571
9.0753765 0 1.6428571
9.3567839 0 1.6428571
9.6381912 0 1.6428571
9.9195976 0 1.6428571
10.130653 0 1.6428571
10.341709 0 1.6428571
10.623116 0 1.6428571
10.904523 0 1.6428571
11.115578 0 1.6428571
11.326633 0 1.6428571
11.60804 0 1.6428571
11.889447 0 1.6428571
12.170855 0 1.6428571
12.381909 0 1.6428571
12.592965 0 1.6428571
12.874372 0 1.6428571
13.155779 0 1.6428571
13.366835 0 1.6428571
13.577889 0 1.6428571
13.859297 0 1.6428571
14.140703 0 1.6428571
14.422111 0 1.6428571
14.633165 0 1.6428571
14.844221 0 1.6428571
15.125628 0 1.6428571
15.407035 0 1.6428571
15.618091 0 1.6428571
15.829145 0 1.6428571
16.110554 0 1.6428571
16.39196 0 1.6428571
16.673367 0 1.6428571
16.884422 0 1.6428571
17.095478 0 1.6428571
17.376884 0 1.6428571
17.658291 0 1.6428571
17.869347 0 1.6428571
18.080402 0 1.6428571
18.361809 0 1.6428571
18.643215 0 1.6428571
18.924622 0 1.6428571
19.135679 0 1.6428571
19.346733 0 1.6428571
19.628139 0 1.6428571
19.909548 0 1.6428571
20.120604 0 1.6428571
20.331657 0 1.6428571
20.613064 0 1.6428571
20.894474 0 1.6428571
21.17588 0 1.6428571
21.386934 0 1.6428571
21.59799 0 1.6428571
21.879398 0 1.6428571
22.160805 0 1.6428571
22.371859 0 1.6428571
22.582916 0 1.6428571
22.864323 0 1.6428571
23.145729 0 1.6428571
23.427135 0 1.6428571
23.638191 0 1.6428571
23.849247 0 1.6428571
24.130653 0 1.6428571
24.41206 0 1.6428571
24.623116 0 1.6428571
24.834171 0 1.6428571
25.115578 0 1.6428571
25.396984 0 1.6428571
25.678391 0 1.6428571
25.889448 0 1.6428571
26.100502 0 1.6428571
26.381908 0 1.6428571
26.663317 0 1.6428571
26.874372 0 1.6428571
27.085426 0 1.6428571
27.366833 0 1.6428571
27.648243 0 1.6428571
27.859297 0 1.6428571
28 0 1.6428571
-0.31607521 0.49774316 1.53
-0.11513282 0.39910743 1.53
-0.55028516 0.69409835 1.5201513
-0.43779004 0.56423461 1.5106931
-0.5542959 0.90361035 1.524749
-0.050584961 0.75050002 1.5059379
0.17829101 0.88673598 1.6169159
0.38709989 0.88298535 1.5396886
0.6440134 0.90675545 1.5470445
0.88017023 0.86544198 1.5563939
1.1282237 0.88867849 1.5723994
-0.55400002 1.0571089 1.5200692
0.18468505 1.0330424 1.5843211
0.33396778 1.0528047 1.5325185
0.57236135 1.0015361 1.5707988
0.90523362 1.0331821 1.532522
1.1267103 1.0502677 1.5629383
-0.54055077 1.265875 1.53
-0.40816212 1.3399885 1.5194511
-0.19663282 1.4613261 1.5106276
28.5895 1.3624258 1.5648412
28.836853 1.3665026 1.5518734
29.633581 1.3133333 1.6521465
-0.021883789 1.6088113 1.524437
28.637363 1.6191928 1.5
28.83532 1.6215452 1.5
0.12614551 1.8324133 1.5194869
0.40283757 1.837965 1.5267968
0.63256872 1.8332582 1.5277003
0.88201272 1.827736 1.5238434
1.1081215 1.8227966 1.5219797
1.3721201 1.8325603 1.53
28.616316 1.8628025 1.5
28.80699 1.8960161 1.5
28.611673 2.1388752 1.5
28.845699 2.1391263 1.5
28.724321 2.2973917 1.5
29.634272 2.2743204 1.6084033
28.52 3.1860886 1.6263204
28.857645 3.1699812 1.6176825
29.635048 3.1677372 1.6229221
-3.6903751 3.4920001 1.6882017
-3.4598584 3.4920001 1.5958467
-3.2233272 3.4920001 1.6649313
-2.9604266 3.4937565 1.6368155
-2.73 3.4981234 1.620647
-2.4783809 3.4920001 1.5882185
-2.1148524 3.4920001 1.6467594
-1.870025 3.4920001 1.6170635
-1.6242774 3.4920001 1.623166
-1.3952951 3.4920001 1.613178
-1.1348417 3.4920001 1.6117587
-0.8865965 3.4920001 1.6182519
-0.70536655 3.4924433 1.5988314
10.912655 3.4712913 1.6167098
11.090769 3.4445996 1.5479192
-3.7149928 3.5302312 1.6267735
-3.48 3.5309117 1.7120849
-3.23 3.5286002 1.545079
-2.7127714 3.5319996 1.6942127
-2.3846185 3.5947044 1.5289764
-2.2090671 3.6033578 1.6297061
-0.69999999 3.6601291 1.6293
10.706232 3.6408401 1.6038741
10.807584 3.613827 1.630535
11.042566 3.6133583 1.6298343
26.942451 3.6756918 1.6121502
27.111853 3.6388688 1.6104225
27.372694 3.6110001 1.6241509
27.629999 3.6563392 1.6179359
27.879559 3.6574786 1.6663994
28 3.6484578 1.5596254
-2.3964984 3.9110303 1.5
-2.2259798 3.8469732 1.6281729
-0.69999999 3.9179711 1.6369478
10.91323 3.8107963 1.6257522
11.057603 3.8144279 1.5942127
27.13999 3.8508294 1.6119528
27.37315 3.8124952 1.6344612
27.624681 3.8454778 1.6603909
27.852592 3.8397613 1.633415
28.060303 3.9291544 1.5964475
-2.3810902 4.1172724 1.5
-2.2321808 4.0954356 1.6144572
-0.69999999 4.1178336 1.6262037
27.102169 4.1389656 1.65862
27.684582 4.1597452 1.6935413
27.872465 4.126564 1.651497
28.095331 4.1442432 1.5603614
-2.3823385 4.385057 1.5
-2.230556 4.3669024 1.6144019
-0.70000017 4.3706846 1.6228583
26.994886 4.2644324 1.5076809
27.09985 4.4077983 1.6415156
27.352455 4.4768591 1.7202041
27.674076 4.3769264 1.691938
27.862942 4.3512697 1.637637
28.071688 4.3541903 1.587467
-3.6946738 4.7419996 1.525939
-3.4549088 4.7419996 1.6175703
-3.2033334 4.7476382 1.6493638
-2.9735899 4.7419996 1.7050016
-2.7254765 4.7419996 1.6166201
-2.3979721 4.6291456 1.5291831
-2.2314804 4.6295218 1.5759525
-0.69999999 4.6146979 1.6252217
26.936367 4.7370396 1.5916626
27.13855 4.6375456 1.6394794
27.40411 4.6454501 1.6192682
27.639313 4.6552396 1.62973
27.875397 4.6512852 1.6341176
28.062107 4.588038 1.5806711
-3.7264142 4.7747688 1.6509832
-3.4627695 4.7819996 1.6707616
-2.9744043 4.7663507 1.5720347
-2.7138262 4.7712455 1.5996553
-2.4112821 4.7696557 1.5596837
-2.140857 4.7785096 1.6055776
-1.8567883 4.7819996 1.6301467
-1.6205422 4.7819996 1.6135069
-1.372671 4.7819996 1.643994
-1.1377418 4.7819996 1.6411096
-0.87016141 4.7819996 1.6524972
-0.69999999 4.7606344 1.6109937
26.923742 4.8125982 1.6113842
27.073349 4.8295813 1.6218204
27.381348 4.8509998 1.6507457
27.630001 4.835032 1.646812
27.871891 4.8311577 1.6422909
28 4.8142023 1.5914967
-1.8965715 5.8898067 1.6248772
-1.6173003 5.885077 1.6224581
-1.3780061 5.8689227 1.6190009
1.6180904 15 1
1.8994975 15 1.0714285
2.1105528 15 1.0714285
2.3216081 15 1.0714285
2.6030149 15 1.0714285
2.8844223 15 1.0714285
3.1658292 15 1.0714285
3.3768845 15 1.0714285
3.5879397 15 1.0714285
3.8693466 15 1.0714285
4.150754 15 1.0714285
4.3618093 15 1.0714285
4.5728645 15 1.0714285
4.8542714 15 1.0714285
5.1356783 15 1.0714285
5.4170856 15 1.0714285
5.6281409 15 1.0714285
5.8391962 15 1.0714285
6.1206031 15 1.0714285
6.40201 15 1.0714285
6.6130652 15 1.0714285
6.8241205 15 1.0714285
7.1055279 15 1.0714285
7.3869343 15 1.0714285
7.6683416 15 1.0714285
7.8793969 15 1.0714285
8.0904522 15 1.0714285
8.3718596 15 1.0714285
8.6532669 15 1.0714285
8.8643217 15 1.0714285
9.0753765 15 1.0714285
9.3567839 15 1.0714285
9.6381912 15 1.0714285
9.9195976 15 1.0714285
10.130653 15 1.0714285
10.341709 15 1.0714285
10.623116 15 1.0714285
10.904523 15 1.0714285
11.115578 15 1.0714285
11.326633 15 1.0714285
11.60804 15 1.0714285
11.889447 15 1.0714285
12.170855 15 1.0714285
12.381909 15 1.0714285
12.592965 15 1.0714285
12.874372 15 1.0714285
13.155779 15 1.0714285
13.366835 15 1.0714285
13.577889 15 1.0714285
13.859297 15 1.0714285
14.140703 15 1.0714285
14.422111 15 1.0714285
14.633165 15 1.0714285
14.844221 15 1.0714285
15.125628 15 1.0714285
15.407035 15 1.0714285
15.618091 15 1.0714285
15.829145 15 1.0714285
16.110554 15 1.0714285
16.39196 15 1.0714285
16.673367 15 1.0714285
16.884422 15 1.0714285
17.095478 15 1.0714285
17.376884 15 1.0714285
17.658291 15 1.0714285
17.869347 15 1.0714285
18.080402 15 1.0714285
18.361809 15 1.0714285
18.643215 15 1.0714285
18.924622 15 1.0714285
19.135679 15 1.0714285
19.346733 15 1.0714285
19.628139 15 1.0714285
19.909548 15 1.0714285
20.120604 15 1.0714285
20.331657 15 1.0714285
20.613064 15 1.0714285
20.894474 15 1.0714285
21.17588 15 1.0714285
21.386934 15 1.0714285
21.59799 15 1.0714285
21.879398 15 1.0714285
22.160805 15 1.0714285
22.371859 15 1.0714285
22.582916 15 1.0714285
22.864323 15 1.0714285
23.145729 15 1.0714285
23.427135 15 1.0714285
23.638191 15 1.0714285
23.849247 15 1.0714285
24.130653 15 1.0714285
24.425922 15 1.0666085
24.623116 15 1.0714285
24.834171 15 1.0714285
25.115578 15 1.0714285
25.396984 15 1.0714285
25.678391 15 1.0714285
25.889448 15 1.0714285
26.100502 15 1.0714285
26.381908 15 1.0714285
26.66551 15 1.0889441
26.868252 15 1.1413623
27.105415 15 1.069497
27.351049 15 1.1199503
27.644482 15 1.1077671
27.88904 15 1.1193782
28 15 1.0714285
0.15040918 -4.8828127e-07 1.455759
-0.021 0.14865381 1.3267696
0.098424181 0.074346252 1.3878628
0.36391568 0.062000129 1.3645098
0.62245339 0.055709228 1.377405
0.87881571 0.068374515 1.3575194
1.1461743 0.064583413 1.3871435
1.3691142 0.054335535 1.3598461
1.6180904 0 1.3571429
1.8994975 0 1.3571429
2.1105528 0 1.3571429
2.3216081 0 1.3571429
2.6030149 0 1.3571429
2.8844223 0 1.3571429
3.1658292 0 1.3571429
3.3768845 0 1.3571429
3.5879397 0 1.3571429
3.8693466 0 1.3571429
4.150754 0 1.3571429
4.3618093 0 1.3571429
4.5728645 0 1.3571429
4.8542714 0 1.3571429
5.1356783 0 1.3571429
5.4170856 0 1.3571429
5.6281409 0 1.3571429
5.8391962 0 1.3571429
6.1206031 0 1.3571429
6.40201 0 1.3571429
6.6130652 0 1.3571429
6.8241205 0 1.3571429
7.1055279 0 1.3571429
7.3869343 0 1.3571429
7.6683416 0 1.3571429
7.8793969 0 1.3571429
8.0904522 0 1.3571429
8.3718596 0 1.3571429
8.6532669 0 1.3571429
8.8643217 0 1.3571429
9.0753765 0 1.3571429
9.3567839 0 1.3571429
9.6381912 0 1.3571429
9.9195976 0 1.3571429
10.130653 0 1.3571429
10.341709 0 1.3571429
10.623116 0 1.3571429
10.904523 0 1.3571429
11.115578 0 1.3571429
11.326633 0 1.3571429
11.60804 0 1.3571429
11.889447 0 1.3571429
12.170855 0 1.3571429
12.381909 0 1.3571429
12.592965 0 1.3571429
12.874372 0 1.3571429
13.155779 0 1.3571429
13.366835 0 1.3571429
13.577889 0 1.3571429
13.859297 0 1.3571429
14.140703 0 1.3571429
14.422111 0 1.3571429
14.633165 0 1.3571429
14.844221 0 1.3571429
15.125628 0 1.3571429
15.407035 0 1.3571429
15.618091 0 1.3571429
15.829145 0 1.3571429
16.110554 0 1.3571429
16.39196 0 1.3571429
16.673367 0 1.3571429
16.884422 0 1.3571429
17.095478 0 1.3571429
17.376884 0 1.3571429
17.658291 0 1.3571429
17.869347 0 1.3571429
18.080402 0 1.3571429
18.361809 0 1.3571429
18.643215 0 1.3571429
18.924622 0 1.3571429
19.135679 0 1.3571429
19.346733 0 1.3571429
19.628139 0 1.3571429
19.909548 0 1.3571429
20.120604 0 1.3571429
20.331657 0 1.3571429
20.613064 0 1.3571429
20.894474 0 1.3571429
21.17588 0 1.3571429
21.386934 0 1.3571429
21.59799 0 1.3571429
21.879398 0 1.3571429
22.160805 0 1.3571429
22.371859 0 1.3571429
22.582916 0 1.3571429
22.864323 0 1.3571429
23.145729 0 1.3571429
23.427135 0 1.3571429
23.638191 0 1.3571429
23.849247 0 1.3571429
24.130653 0 1.3571429
24.41206 0 1.3571429
24.623116 0 1.3571429
24.834171 0 1.3571429
25.115578 0 1.3571429
25.396984 0 1.3571429
25.678391 0 1.3571429
25.889448 0 1.3571429
26.100502 0 1.3571429
26.381908 0 1.3571429
26.663317 0 1.3571429
26.874372 0 1.3571429
27.085426 0 1.3571429
27.366833 0 1.3571429
27.648243 0 1.3571429
27.859297 0 1.3571429
28 0 1.3571429
-0.30302638 0.48642823 1.4463933
-0.13787036 0.39699379 1.3831514
0 0.33096191 1.353184
-0.54593164 0.65933949 1.355373
-0.39865676 0.55347663 1.34352
0.2265 0.6833418 1.2918316
-0.5644995 0.86134189 1.3705679
-0.06121045 0.83005595 1.3895636
0.15170595 0.88035089 1.4036254
0.37759656 0.91088766 1.4065478
0.63072819 0.92185366 1.4405305
0.91982108 0.92948699 1.37626
1.1543657 0.87327784 1.3656918
-0.56900012 1.1062473 1.3812869
0.17655915 1.1122832 1.4136391
0.29581755 1.0832207 1.4107571
0.60073245 1.0086768 1.4836229
0.94264585 1.0533983 1.3354473
1.1409559 1.062831 1.3916141
-0.55527389 1.260385 1.3878996
-0.3534629 1.3826159 1.376018
-0.1973462 1.4668325 1.3566799
28.565334 1.3690734 1.3864645
28.833536 1.3562294 1.374292
7.6222343 5.1260786 0.0015
7.873702 5.1176724 0.0012000001
8.1601419 5.1007476 0.001
8.3482847 5.1686788 0.0020000001
8.6439161 5.1420126 0.0017142857
8.9422064 5.186882 0
9.1105328 5.1402788 0.0014999999
9.342804 5.1242628 0.003
9.6070127 5.0798497 0.0018
9.907443 5.120491 0.044668131
10.109439 5.1207962 0.080077872
10.3679 5.0860896 0.076890811
10.633502 5.1403775 0.1008613
10.876885 5.1147647 0.075258367
11.099649 5.156003 0.1337851
11.379311 5.156312 0
11.633429 5.1281223 5.5057668e-17
11.860381 5.1302671 1.5342807e-16
12.121005 5.1358976 4.366929e-17
12.378437 5.1148567 8.7886246e-17
12.599802 5.1286764 9.9710449e-17
12.872121 5.1409726 6.1162747e-17
13.098639 5.1034021 1.6738958e-17
13.383548 5.1482539 3.2458445e-17
13.614494 5.1241846 1.4769871e-17
13.875253 5.1284184 7.4691845e-18
14.137121 5.1523495 0
14.392119 5.1090393 0
14.628986 5.1212811 0
14.874411 5.1335306 0
15.148029 5.149096 0
15.352595 5.1190376 0
15.619727 5.119462 0
15.883486 5.0984654 0
16.130497 5.137619 0
16.359699 5.1215239 0
16.617704 5.149281 0
16.897934 5.1258087 0
17.152224 5.1183677 0
17.377148 5.1193342 0.045091413
17.625105 5.1081109 0.090950981
17.845451 5.1315064 0.035123356
18.12674 5.1309886 0.0015
18.405659 5.1405754 0.0015000001
18.622929 5.129405 0.003
18.900694 5.1502256 0.0019999999
19.152428 5.1066265 0.0025000002
19.40115 5.1436987 0
19.589546 5.063427 0.0015
19.903946 5.1169882 0.0018
20.111389 5.171865 0.0022500001
20.360483 5.1137667 0.0021428573
20.633116 5.1270843 0.0018
20.85795 5.1197848 0.00060000003
21.115812 5.1199393 0.0015
21.329664 5.126626 0.003
21.706017 5.1590443 0.0015
21.845816 5.137578 0.0015
22.092628 5.161274 0.0012000001
22.346935 5.1124754 0.0024000001
22.584846 5.1111479 0.096542969
22.874603 5.1173887 0.0080918642
23.110563 5.0997629 0.010257041
23.32597 5.1054697 0.0061057811
23.64357 5.1336331 0.0090927007
23.877249 5.0982585 0.012585026
24.121269 5.1067514 0.0049588108
24.3724 5.1527576 0.006197691
24.635216 5.1186132 0.012459199
24.944895 5.0973401 0.10683471
25.15494 5.1433892 0.085986443
25.399281 5.1179228 0.0017142857
25.619513 5.102881 0.00050000002
25.840845 5.1541271 0.0020000001
26.111383 5.0748425 0.0012000001
26.345936 5.1558714 0.0024000001
26.626095 5.1016455 0.0015
26.837576 5.1244931 0.0015
27.104031 5.1347113 0.001
27.338589 5.1694007 0.0018
27.596731 5.164845 0.0022499999
27.873594 5.1272459 0.0017142857
28.083645 5.1169105 0.078852184
28.366489 5.1299782 0
-1.8972318 5.3833547 0.085019164
-1.6489265 5.3685498 0.046153843
-1.3885368 5.3651795 0.041666664
-1.1108816 5.3795428 0.046153843
-0.88437855 5.3914838 0.071138047
-0.70039707 5.3586874 0.10837971
-0.37848476 5.3603225 0
-0.11835168 5.3735857 0.0078874482
0.041282225 5.3533449 0.06946069
0.34163281 5.3847818 0.0015
0.62162185 5.3649268 0.0015
0.88677782 5.3978195 0.0022499999
1.1343682 5.3665318 0.0017142857
1.3839787 5.3659091 0.0015
1.556908 5.3738003 0
1.9484547 5.4437375 0.001
2.1344452 5.3739548 0.0015
2.3851249 5.3736792 0.0019999999
2.634268 5.385818 0.0012000001
2.8051841 5.4024734 0.003
3.1465011 5.3533907 0.00059999997
3.3735795 5.3426933 0
3.6100545 5.3480649 0.0012000001
3.8710814 5.298665 0.0018
4.1309557 5.3989129 0.00060000003
4.354104 5.3541975 0.0023999999
4.605813 5.3826509 0.0017142858
4.8404679 5.3642697 0.0015
5.1318746 5.3862033 0.00060000003
5.396256 5.3544245 0.0018000001
5.6349325 5.3814607 0.0023999999
5.8707256 5.3916745 0.0019333333
6.1405373 5.3590498 0.0018
6.3883958 5.3535485 0.0018
6.6379628 5.3731837 0.0018
6.8721747 5.3691001 0.0024000001
7.1119485 5.3786535 0.0022499999
7.4057121 5.3693118 0.0015000001
7.6077781 5.3731861 0.003
7.9046063 5.4023843 0.0023999999
8.1120586 5.3891711 0.0015
8.3322067 5.3957543 0.00060000003
8.5744429 5.3919001 0.0022499999
8.8739738 5.3904452 0.00050000002
9.1215248 5.3805399 0.001
9.4070549 5.3651066 0.00050000002
9.5801535 5.4473367 0.003
9.8874798 5.391458 0.081747018
10.093162 5.3643122 0.080575302
10.360063 5.3505745 0
10.589401 5.381196 0
10.87667 5.3469625 0.079861246
11.140101 5.3652611 0.10022025
11.356215 5.4081554 0.09941294
11.599377 5.4041905 9.5878875e-17
11.855886 5.3839598 1.5573978e-16
12.102592 5.3784752 6.8272814e-17
12.37509 5.382515 1.1117923e-16
12.643767 5.3980451 6.2588707e-17
12.883045 5.3819332 4.2119583e-17
13.142017 5.3502007 4.2748029e-17
13.397396 5.3829479 2.5894967e-17
13.627591 5.3767462 3.5041528e-17
13.878345 5.4111662 7.4226986e-18
14.13982 5.3801489 0
14.37483 5.3717251 0
14.649583 5.3576622 0
14.875788 5.3697271 0
15.138916 5.4057479 0
15.383873 5.3641648 0
15.54798 5.3600245 0
0.63181418 0.058125 1.1093888
0.88325226 0.072661929 1.1218574
1.1175591 0.068473786 1.135347
1.3652371 0.058730286 1.1181014
1.6180904 0 1.0714285
1.8994975 0 1.0714285
2.1105528 0 1.0714285
2.3216081 0 1.0714285
2.6030149 0 1.0714285
2.8844223 0 1.0714285
3.1658292 0 1.0714285
3.3768845 0 1.0714285
3.5727799 0.068587534 1.0690382
3.8693466 0 1.0714285
4.150754 0 1.0714285
4.3618093 0 1.0714285
4.5728645 0 1.0714285
4.8542714 0 1.0714285
5.1356783 0 1.0714285
5.4170856 0 1.0714285
5.6281409 0 1.0714285
5.8391962 0 1.0714285
6.1206031 0 1.0714285
6.40201 0 1.0714285
6.6130652 0 1.0714285
6.8241205 0 1.0714285
7.1055279 0 1.0714285
7.3869343 0 1.0714285
7.6683416 0 1.0714285
7.8793969 0 1.0714285
8.0904522 0 1.0714285
8.3718596 0 1.0714285
8.6532669 0 1.0714285
8.8643217 0 1.0714285
9.0753765 0 1.0714285
9.3567839 0 1.0714285
9.6381912 0 1.0714285
9.9195976 0 1.0714285
10.130653 0 1.0714285
10.341709 0 1.0714285
10.623116 0 1.0714285
10.904523 0 1.0714285
11.115578 0 1.0714285
11.326633 0 1.0714285
11.60804 0 1.0714285
11.889447 0 1.0714285
12.170855 0 1.0714285
12.381909 0 1.0714285
12.592965 0 1.0714285
12.874372 0 1.0714285
13.155779 0 1.0714285
13.366835 0 1.0714285
13.577889 0 1.0714285
13.859297 0 1.0714285
14.140703 0 1.0714285
14.422111 0 1.0714285
14.633165 0 1.0714285
14.844221 0 1.0714285
15.125628 0 1.0714285
15.407035 0 1.0714285
15.618091 0 1.0714285
15.829145 0 1.0714285
16.110554 0 1.0714285
16.39196 0 1.0714285
16.673367 0 1.0714285
16.884422 0 1.0714285
17.095478 0 1.0714285
17.376884 0 1.0714285
17.658291 0 1.0714285
17.869347 0 1.0714285
18.080402 0 1.0714285
18.361809 0 1.0714285
18.643215 0 1.0714285
18.924622 0 1.0714285
19.135679 0 1.0714285
19.346733 0 1.0714285
19.628139 0 1.0714285
19.909548 0 1.0714285
20.120604 0 1.0714285
20.331657 0 1.0714285
20.613064 0 1.0714285
20.894474 0 1.0714285
21.17588 0 1.0714285
21.386934 0 1.0714285
21.59799 0 1.0714285
21.879398 0 1.0714285
22.160805 0 1.0714285
22.371859 0 1.0714285
22.582916 0 1.0714285
22.864323 0 1.0714285
23.145729 0 1.0714285
23.427135 0 1.0714285
23.638191 0 1.0714285
23.849247 0 1.0714285
24.130653 0 1.0714285
24.41206 0 1.0714285
24.623116 0 1.0714285
24.834171 0 1.0714285
25.115578 0 1.0714285
25.396984 0 1.0714285
25.678391 0 1.0714285
25.889448 0 1.0714285
26.100502 0 1.0714285
26.381908 0 1.0714285
26.663317 0 1.0714285
26.874372 0 1.0714285
27.085426 0 1.0714285
27.366833 0 1.0714285
27.648243 0 1.0714285
27.859297 0 1.0714285
28 0 1.0714285
-0.29318359 0.48074609 1.134681
-0.1522229 0.41415673 1.1085966
0 0.31171289 1.1359459
3.5669267 0.349446 1.0719014
25.959129 0.44618386 1.1034143
26.114901 0.38750267 1.0684541
26.384041 0.42205974 1.1046901
26.623089 0.3969422 1.0745671
26.86965 0.41075146 1.0926925
27.141216 0.42032599 1.1023334
27.274921 0.38346022 1.0173893
-0.55505627 0.66433841 1.1102096
-0.40678874 0.55817187 1.1240858
0.19675945 0.7414006 1.1043283
3.499999 0.74465233 1.1014823
3.575577 0.60896343 1.0616195
25.910307 0.64225382 1.0967699
26.124378 0.65274304 1.1253392
26.381355 0.64523208 1.125209
26.614994 0.64540732 1.1272565
26.8783 0.65291429 1.1116809
27.142006 0.64502883 1.130525
27.317533 0.6552577 1.0785608
-0.56300002 0.85665488 1.1306225
-0.060570963 0.82756901 1.158343
0.20142432 0.88718164 1.1528251
0.30291715 0.82114846 1.1231539
0.94014573 0.91525221 1.1756427
1.1637723 0.89179844 1.1129665
1.3030045 0.89514631 1.1398278
3.5455482 0.88166195 1.0653627
25.637136 0.90462124 1.0729005
25.871122 0.87100917 1.103
26.107826 0.89502841 1.103
26.363901 0.87573779 1.1031667
26.61429 0.90469873 1.10325
26.86389 0.87508768 1.1047025
27.109396 0.86069608 1.1113461
27.383936 0.89317185 1.103
27.592583 0.89997923 1.0572848
-0.56333345 1.105981 1.1260966
0.90124118 1.0355 1.2044849
1.1273531 1.06637 1.1047904
1.2805228 1.0701606 1.1388726
3.499999 1.0822011 1.0910306
3.5679121 1.1198553 1.0667931
25.233253 1.1855137 1.1022642
25.427217 1.1557772 1.0989074
25.624866 1.1049792 1.103
25.85368 1.1292826 1.103
26.141218 1.1271205 1.1031251
26.370129 1.1206019 1.103
26.618513 1.1354222 1.103
26.88876 1.1771102 1.103
27.109299 1.115907 1.1031251
27.381691 1.1248714 1.10325
27.643167 1.1180912 1.1086999
27.856153 1.1844949 1.0944568
28 1.2013091 1.0958035
-0.56001663 1.2751977 1.1612313
-0.39197636 1.3590651 1.1436641
-0.18935156 1.4892009 1.1246004
3.5618789 1.3562795 1.068929
25.227741 1.3564833 1.1015346
25.387632 1.3629148 1.1238531
25.597641 1.3886619 1.1165704
25.887739 1.3648823 1.103
26.131872 1.3987695 1.103
26.373524 1.3756682 1.103
26.628887 1.3661342 1.103
26.863411 1.3868017 1.103
27.13818 1.3949709 1.103
27.375542 1.3794262 1.103
27.640524 1.3590442 1.1042197
27.861526 1.3754237 1.110975
28 1.3717723 1.0388182
28.512733 1.3274369 1.1142404
28.860819 1.3088944 1.1575977
29.613346 1.3336159 1.1333629
-0.04127942 1.6075668 1.1369954
0 1.5828701 1.0655581
3.5662315 1.6182368 1.0635473
25.225239 1.6026286 1.0746655
25.383432 1.59973 1.1070271
25.614563 1.6292106 1.1136082
25.882643 1.6277583 1.103
26.128592 1.6329497 1.103
26.378508 1.6223072 1.103
26.62616 1.6173866 1.103
26.858919 1.6387019 1.103
27.115805 1.6164711 1.103
27.37501 1.6270869 1.103
27.64699 1.6035453 1.1216183
27.862778 1.6359481 1.0911306
-1.484836 5.7719998 1.7213935
-1.1256807 5.8919997 1.6289113
-0.86433119 5.8839998 1.628467
-0.70598632 5.8574505 1.6545649
28.733952 9.1062822 1.6444275
28.903257 9.0699997 1.6125566
29.1171 9.1049995 1.6160896
29.355028 9.1130772 1.6212182
29.612028 9.1225004 1.6395084
29.894407 9.1064644 1.624597
0.087999515 10.164762 1.6411388
0.36483312 10.165602 1.6245545
0.60474575 10.149 1.6326165
0.91325802 10.174317 1.6342039
1.0786771 10.202553 1.6293049
28.721319 10.204824 1.5925759
28.885799 10.2 1.6232411
29.155487 10.2 1.6286503
29.392139 10.2 1.621964
29.597521 10.2 1.6058991
29.873335 10.2 1.6433793
30.150177 10.209835 1.6132349
30.439863 10.23062 1.5909956
30.732683 10.222172 1.6159598
30.987123 10.221065 1.6038697
31.228733 10.211294 1.6215427
31.484667 10.215622 1.6455292
31.715464 10.216372 1.6216286
-0.085161626 10.446222 1.6013118
0.12172022 10.345617 1.6346871
0.37477928 10.367242 1.6662709
0.61239505 10.351856 1.6487682
0.84465927 10.38058 1.602742
1.0494694 10.266376 1.594617
28.718 10.368682 1.6093707
30.247999 10.380303 1.6221168
30.378328 10.361908 1.5
-0.067993328 10.650461 1.5878813
0.14779775 10.630918 1.6439136
0.31887376 10.67563 1.6909882
0.67058206 10.534862 1.7313957
0.89419568 10.603074 1.6672099
28.718 10.625005 1.6282681
30.247999 10.613939 1.6168249
30.405317 10.651855 1.5
-0.079133205 10.874683 1.5715712
0.1472456 10.866035 1.6535097
0.32800466 10.866817 1.6837317
0.92759901 10.870623 1.6315671
28.718 10.881684 1.6307868
30.247999 10.856588 1.6394144
30.334238 10.870094 1.5
-0.093132809 11.081066 1.578439
0.1145169 11.163935 1.6259457
0.36283317 11.155178 1.6592982
0.61927003 11.197998 1.6175371
0.85576564 11.140326 1.6237056
16.929119 11.149332 1.5618784
17.084799 11.204425 1.6151174
28.718 11.1259 1.6072729
30.247999 11.095263 1.6159282
30.363726 11.130518 1.5
0.10238071 11.358276 1.6415262
0.38747156 11.353652 1.6051565
0.61117703 11.389 1.6212851
0.92302418 11.360359 1.6224809
1.051116 11.316904 1.5869106
16.953985 11.38411 1.6270072
17.182505 11.391429 1.6488665
17.313717 11.356471 1.585133
28.721792 11.363193 1.6382054
28.877029 11.49 1.5916464
29.122936 11.49 1.6188496
29.366461 11.49 1.6080362
29.636099 11.49 1.6137769
29.877966 11.49 1.6629926
30.17823 11.422507 1.6354343
30.446579 11.396276 1.5629759
30.718857 11.468925 1.6165638
30.979597 11.462338 1.6127857
31.215504 11.469638 1.6537887
31.473539 11.474743 1.607205
31.734667 11.464276 1.6558834
16.932766 11.58182 1.5519688
17.065216 11.528262 1.5927699
-1.6348871 11.850714 1.6069343
-0.87432879 11.854493 1.6485738
-0.53064293 11.852901 1.6391517
-1.61 12.725694 1.5694518
-0.87268162 12.731433 1.5
-0.6601426 12.734733 1.5
-1.6452402 12.758 1.7000586
-0.80762303 12.899637 1.5
-0.64668024 12.881146 1.5
-0.84202635 13.15055 1.5
-0.63306445 13.153277 1.5
26.624262 13.152794 1.5219126
26.851873 13.199533 1.5288124
27.130377 13.169497 1.5271547
27.397882 13.180325 1.5247823
27.62925 13.167532 1.53
27.888605 13.194139 1.5296912
28.021 13.144089 1.5068167
-0.82011914 13.324958 1.5
-0.63939703 13.380699 1.5
28.078257 13.470329 1.5199029
-1.65 13.700213 1.6607437
-0.84694666 13.649466 1.5642385
-0.61205763 13.630713 1.5373243
28.235523 13.556463 1.53
28.308657 13.603351 1.5088941
28.534557 13.716333 1.5287032
26.84833 13.952755 1.57274
27.027348 13.92281 1.5670921
27.317915 13.994015 1.5430317
27.605396 13.989335 1.5549164
27.811232 13.96443 1.58144
28.564501 13.865756 1.5130432
26.882395 14.109292 1.5768181
27.117035 14.088667 1.5537121
27.356472 14.096176 1.5513952
27.609903 14.118889 1.543607
27.827433 14.101539 1.6176383
28.014177 14.223121 1.5577979
28.563942 14.152855 1.5246181
28.446426 14.430508 1.5152173
28.57453 14.330335 1.53
28.099009 14.630795 1.5187048
28.30151 14.514447 1.5249462
26.642385 14.890549 1.5255986
26.894218 14.910498 1.5279745
27.164997 14.905296 1.53
27.387888 14.913608 1.5223283
27.61167 14.915801 1.5275397
27.848412 14.929372 1.53
28.020452 14.847114 1.53
0.070351757 15 1.6428571
0.35175878 15 1.6428571
0.63316584 15 1.6428571
0.91457283 15 1.6428571
1.1256281 15 1.6428571
1.3366835 15 1.6428571
1.6180904 15 1.6428571
1.8994975 15 1.6428571
2.1105528 15 1.6428571
2.3216081 15 1.6428571
2.6030149 15 1.6428571
2.8844223 15 1.6428571
3.1658292 15 1.6428571
3.3768845 15 1.6428571
3.5879397 15 1.6428571
3.8693466 15 1.6428571
4.150754 15 1.6428571
4.3618093 15 1.6428571
4.5728645 15 1.6428571
4.8542714 15 1.6428571
5.1356783 15 1.6428571
5.4170856 15 1.6428571
5.6281409 15 1.6428571
5.8391962 15 1.6428571
6.1206031 15 1.6428571
6.40201 15 1.6428571
6.6130652 15 1.6428571
6.8241205 15 1.6428571
7.1055279 15 1.6428571
7.3869343 15 1.6428571
7.6683416 15 1.6428571
7.8793969 15 1.6428571
8.0904522 15 1.6428571
8.3718596 15 1.6428571
8.6532669 15 1.6428571
8.8643217 15 1.6428571
9.0753765 15 1.6428571
9.3567839 15 1.6428571
9.6381912 15 1.6428571
9.9195976 15 1.6428571
10.130653 15 1.6428571
10.341709 15 1.6428571
10.623116 15 1.6428571
10.904523 15 1.6428571
11.115578 15 1.6428571
11.326633 15 1.6428571
11.60804 15 1.6428571
11.889447 15 1.6428571
12.170855 15 1.6428571
12.381909 15 1.6428571
12.592965 15 1.6428571
12.874372 15 1.6428571
13.155779 15 1.6428571
13.366835 15 1.6428571
13.577889 15 1.6428571
13.859297 15 1.6428571
14.140703 15 1.6428571
14.422111 15 1.6428571
14.633165 15 1.6428571
14.844221 15 1.6428571
15.125628 15 1.6428571
15.407035 15 1.6428571
15.618091 15 1.6428571
15.829145 15 1.6428571
16.110554 15 1.6428571
16.39196 15 1.6428571
16.673367 15 1.6428571
16.884422 15 1.6428571
17.095478 15 1.6428571
17.376884 15 1.6428571
17.658291 15 1.6428571
17.869347 15 1.6428571
18.080402 15 1.6428571
18.361809 15 1.6428571
29.635555 1.3225102 1.4156055
-0.044807725 1.6216259 1.3879863
0 1.6303247 1.3379216
28.590027 1.6077616 1.3751659
28.867022 1.6349113 1.3818668
-0.021 1.8243432 1.2733938
0.10602233 1.8359488 1.3721287
0.36758843 1.8273333 1.364373
0.63427687 1.8263882 1.3761694
0.87980497 1.8316718 1.3752849
1.1304301 1.8395454 1.3728735
1.3664945 1.8243337 1.3768637
28.573595 1.8590605 1.3770082
28.843365 1.8788803 1.3873301
28.567474 2.1183119 1.3686037
28.838675 2.1378839 1.378015
28.600779 2.2942672 1.3950013
28.851894 2.2940478 1.3836951
29.623743 2.2773404 1.3483875
28.514996 3.172595 1.4100959
28.85 3.1867383 1.3383613
29.621479 3.1888192 1.3746774
-3.1900001 3.4954453 1.4566648
-2.9727736 3.4919999 1.4083754
-2.7095528 3.4920003 1.3188351
-2.3684855 3.4920001 1.3619993
-2.1268299 3.4920001 1.3940542
-1.8749028 3.4920001 1.3647592
-1.6013315 3.4920001 1.405513
-1.4109515 3.4920001 1.3538225
-1.1444635 3.4920001 1.3505199
-0.88256508 3.4920001 1.373891
-0.70814598 3.4946342 1.3559027
10.932279 3.460974 1.4017336
11.066323 3.4586184 1.4592681
-3.73 3.5199068 1.3286602
-3.46 3.5177643 1.3826793
-3.1919785 3.5320001 1.3265017
-2.9687247 3.5319996 1.3983778
-2.6326895 3.5923266 1.3059937
-2.4826105 3.6407554 1.3768649
-0.69999999 3.6138017 1.3601714
10.674636 3.6286376 1.4768459
11.042398 3.6411376 1.3552954
26.907898 3.6663461 1.3592074
27.140774 3.6327014 1.375324
27.386131 3.639061 1.3869258
27.610071 3.6345749 1.3603873
27.898529 3.6252329 1.3614259
28 3.6436434 1.3779118
-2.6022606 3.8584764 1.25
-2.48 3.8710349 1.3498714
-0.69999999 3.8554528 1.367414
10.934414 3.816627 1.4045651
11.062589 3.8433652 1.481221
26.96941 3.7600822 1.3658113
27.139023 3.8446257 1.3715118
27.402138 3.7844343 1.4491394
27.612778 3.7834146 1.3717746
27.841969 3.786 1.338462
28.111439 3.905189 1.4196166
-2.5954461 4.110538 1.25
-2.48 4.1304464 1.3785387
-0.70000052 4.150435 1.3953395
26.982244 4.0877357 1.448432
28.140091 4.1135368 1.393309
-2.6374183 4.377182 1.25
-2.4800053 4.3458471 1.3341193
-0.69999999 4.3719287 1.3620614
26.978436 4.2993107 1.4459178
27.002222 4.4575186 1.4174519
28.140678 4.3341007 1.3903511
-3.4518125 4.7420001 1.3382107
-3.1982939 4.742322 1.3046296
-2.9609258 4.7419996 1.3423336
-2.6323361 4.6381073 1.2609726
-2.4809906 4.613122 1.3588545
-0.69999999 4.6243124 1.3930813
26.898897 4.7236323 1.3896587
27.136749 4.6367741 1.3968487
27.376692 4.7083788 1.4466975
27.631548 4.6802239 1.3537878
27.843555 4.6760001 1.3755796
28.081003 4.621943 1.3785022
-3.7156088 4.7725806 1.3785371
-3.48 4.7803798 1.4213694
-3.190002 4.7649364 1.4674482
-2.9515078 4.7819996 1.4180849
-2.6922286 4.7820001 1.4184233
-2.3815854 4.7819996 1.3477255
-2.1410503 4.7819996 1.3556149
-1.8999997 4.7819996 1.3651464
-1.6444507 4.7819996 1.3724504
-1.3977256 4.7819996 1.385337
-1.1239444 4.7819996 1.3874654
-0.86980224 4.7819996 1.39533
-0.7282998 4.7812481 1.3852614
26.916061 4.8229527 1.3761784
27.140697 4.8369017 1.382313
27.383471 4.8354158 1.4071161
27.607189 4.8319974 1.3850147
27.870754 4.8509998 1.3720025
28 4.8188181 1.3718556
-1.896377 5.8840127 1.3755054
-1.6276855 5.8769999 1.3912237
-1.3744111 5.8769999 1.3828202
-1.1433375 5.8689227 1.3746201
-0.8821128 5.8527689 1.3870056
-0.70351589 5.8871517 1.387449
2.3669953 7.144927 1.2651168
25.62104 7.1332693 1.2748157
2.3424873 7.3530726 1.2912129
25.669676 7.3437476 1.2871813
2.3312469 7.6371937 1.2882032
25.632833 7.5845394 1.2765468
2.3503375 7.8814716 1.2736777
25.646072 7.8499956 1.2803098
28.723661 9.1094875 1.394556
28.885565 9.0954542 1.3871557
29.133598 9.1130772 1.3776698
29.392096 9.0969229 1.3770732
29.635633 9.0918751 1.3660372
29.915611 9.1071644 1.3750708
0.084328562 10.166639 1.3883169
0.38543999 10.16102 1.3905553
0.62361693 10.173418 1.3951135
0.85205138 10.167209 1.4036527
1.0894291 10.184845 1.3620354
28.718 10.20863 1.4482713
28.853277 10.2 1.4071434
29.097849 10.2 1.382355
29.377907 10.2 1.3834339
29.637432 10.2 1.3611242
29.896338 10.2 1.3680954
30.121408 10.2 1.3890722
30.372309 10.2 1.3832772
30.662455 10.225893 1.2956815
30.98749 10.239897 1.3682858
31.228138 10.219999 1.4056416
31.468245 10.216311 1.3687027
31.728001 10.222706 1.3677582
-0.11415625 10.412406 1.3838729
0.078600585 10.323295 1.3948476
0.35391423 10.319679 1.3941131
0.63657761 10.34372 1.423992
0.86419106 10.366866 1.3820169
1.0960029 10.279407 1.3714323
28.718 10.374467 1.3487821
30.497999 10.38222 1.3654795
30.629057 10.391657 1.25
-0.13897827 10.630445 1.3967948
0.98383939 10.53821 1.4538362
1.0239731 10.647047 1.4511428
28.718 10.584231 1.3987912
30.497999 10.622526 1.3896773
30.602299 10.62798 1.25
-0.12769447 10.889654 1.3961565
1.018834 10.881253 1.4435129
28.718 10.854235 1.3816009
30.497999 10.872482 1.3756258
30.601158 10.859568 1.25
-0.1427356 11.104397 1.3930929
0.12401074 11.214043 1.3657387
0.36878613 11.214 1.3888661
0.59167087 11.214326 1.4239539
0.87081319 11.150221 1.3936501
1.0530635 11.243123 1.3270879
16.943451 11.176546 1.4638424
17.062862 11.170547 1.4118555
28.718 11.107519 1.3920077
30.497999 11.207264 1.4262171
15.640758 5.3719893 0
15.874191 5.3667579 0
16.130341 5.3823805 0
16.376043 5.3670983 0
16.612906 5.3762536 0
16.851521 5.3825107 0
17.114206 5.3471832 0
17.36289 5.3823166 0
17.663054 5.3356099 0.065045707
17.878538 5.3954868 0.091234349
18.15748 5.432354 0.001
18.37985 5.3521037 0.0020000001
18.679613 5.4325404 0.0015
18.825222 5.4349585 0
19.178249 5.3003187 0.003
19.273148 5.4294972 0.003
19.659328 5.417696 0.0012000001
19.874567 5.3419623 0.0015
20.112017 5.3798947 0.0020000001
20.343225 5.3336263 0.0019999999
20.582983 5.3464289 0.0020000001
20.873178 5.3508582 0.0023999999
21.163084 5.3873515 0.0024000001
21.361879 5.3378406 0.001
21.635353 5.3287725 0.0022499999
21.86891 5.3485293 0.001
22.124186 5.4310918 0.001
22.390259 5.3807077 0.001
22.605381 5.3911424 0.001
22.83135 5.3605995 0.00060000003
23.105333 5.3222113 0.0018
23.35763 5.3566227 0.0024000001
23.585123 5.4045677 0.0012000001
23.847773 5.3669667 0.00060000003
24.114481 5.3710132 0.0021428571
24.353163 5.3703651 0.0018
24.65506 5.4262791 0.0015
24.874302 5.3559246 0.0024999999
25.045429 5.3914499 0.0015
25.38344 5.3538179 0.0020000001
25.628843 5.3903155 0.0021428571
25.866453 5.3351402 0.0012000001
26.120804 5.3819418 0.001
26.392029 5.3816104 0.00075000001
26.602146 5.3925176 0.0024000001
26.848362 5.3572369 0.0020000001
27.105265 5.3808479 0.0015
27.372009 5.3733463 0
27.630356 5.3535142 0.0015
27.85112 5.3870707 0.00050000002
28.074377 5.3661714 0.057583321
28.363953 5.3874598 0
-1.8934996 5.6314063 0.090264425
-1.6200708 5.6120844 0.057142854
-1.3428046 5.6118889 0.049999997
-1.1179103 5.6298289 0.053846151
-0.88841653 5.6259904 0.050861601
-0.70777798 5.6206751 0.096706346
-0.34421533 5.6127958 0
-0.10081409 5.6169996 0.03697224
0.0545565 5.5990219 0.048194729
0.35558009 5.6572685 0.0015
0.66051537 5.6459088 0
0.9047612 5.5845881 0.00075000001
1.1256303 5.6013451 0
1.3746696 5.6139846 0.001
1.6235455 5.6101561 0.0024000001
1.8889433 5.6391959 0.0020000001
2.1677234 5.583281 0.001
2.3907804 5.6749964 0.0024999999
2.6237206 5.6473265 0.0024999999
2.8638697 5.5963469 0.0017142857
3.1018233 5.6125159 0.0024000001
3.397743 5.6500044 0.00075000001
3.6559095 5.5815821 0.00075000001
3.8720443 5.6977043 0.0018
4.0778985 5.6424298 0.0022499999
4.39117 5.6600366 0.0024000001
4.6628208 5.6512947 0.0015
4.8354244 5.6337476 0.001
5.1112723 5.6284642 0.00075000006
5.3530154 5.6544633 0.0018
5.6737342 5.6341896 0.00074999995
5.9003229 5.6414576 0.0019666667
6.111587 5.6040692 0.0015
6.3882499 5.6501293 0.0012000001
6.6211491 5.6386814 0.0015
6.8337178 5.5765834 0.0020000001
7.1398301 5.5878458 0.00075000001
7.40693 5.6420465 0.0024999999
7.649291 5.6475496 0.0015
7.8611159 5.5842886 0.0018
8.1085129 5.6415854 0.001
8.4036827 5.6055903 0.0015
8.643465 5.6281939 0.0018
8.8176022 5.7011375 0
9.1018963 5.632966 0.0015
9.364151 5.6534333 0.001
9.6508818 5.6429696 0.036522027
9.8687038 5.6100645 0.098078057
10.124019 5.6297779 0.082778022
10.364271 5.597765 0
10.626611 5.6337733 0
10.898654 5.6284709 0
11.138717 5.6415353 0
11.352827 5.6103683 0.016721465
11.623617 5.6517067 1.1118158e-16
11.890168 5.6060328 1.2630992e-16
12.122171 5.5988808 8.7479055e-17
12.334396 5.6344309 8.9610487e-17
12.628613 5.6456051 3.281756e-17
12.877839 5.5971041 6.1501051e-17
13.11683 5.6269107 4.6978969e-17
13.353707 5.5838785 5.5429088e-17
13.578536 5.6307535 2.5470239e-17
13.855575 5.6313858 8.9042891e-18
14.104611 5.6192279 0
14.354786 5.623158 0
14.6373 5.6232333 0
14.891814 5.6284161 0
15.136099 5.6263452 0
15.362391 5.6273179 0
15.60982 5.6247311 0
15.880183 5.6012058 0
16.112629 5.6402197 0
16.362614 5.6206074 0
16.631706 5.627387 0
16.890337 5.6258512 0
17.153879 5.6152778 0
17.402174 5.6221337 0
17.617517 5.6166544 0
17.860903 5.6192255 0.067630388
18.098114 5.6413713 0.10391637
18.389891 5.6283784 0.0024999999
18.632137 5.6629438 0.00075000001
18.848249 5.6537018 0.0015
19.14436 5.6235623 0.0012000001
19.336317 5.6478786 0.00060000003
19.592579 5.6403303 0.0022499999
19.874063 5.6228108 0.0020000001
20.164097 5.6145306 0.0023999999
20.383608 5.6338344 0.003
20.631887 5.5741773 0.0020000001
20.846134 5.6128411 0.0018
21.073418 5.5962563 0.0015
21.373297 5.5907483 0.00060000003
21.60269 5.6378155 0.00060000003
21.894518 5.5976748 0.0012000001
22.092051 5.7058916 0.0020000001
22.474527 5.620132 0.0020000001
22.62332 5.6122251 0.00060000003
22.893063 5.6200504 0.0017142857
23.078535 5.6348915 0.0012000001
23.356796 5.665678 0.0012000001
23.64196 5.6049595 0.0022499999
23.862158 5.6194067 0.003
24.096264 5.6295414 0.0024000001
24.398081 5.603857 0.00060000003
24.619333 5.6378231 0.0012000001
24.836475 5.6278329 0.0018
25.128386 5.6134238 0.0012857143
25.384212 5.6673651 0.00060000003
25.616732 5.6053224 0.00075000001
25.873678 5.6403761 0.0026
26.082039 5.6770434 0.0024999999
26.428768 5.5841656 0.0015
26.599398 5.6354952 0.0022499999
26.878595 5.6748519 0
27.117453 5.6549945 0.0015
27.358892 5.6102576 0.0018
27.572533 5.6361036 0.0012000001
27.831621 5.658886 0.001
28.053766 5.6288404 0.074461922
28.370808 5.6299424 0
-1.8726597 5.885849 0.11413081
-1.6578496 5.8945193 0.078061841
27.837526 1.6069355 1.1381248
28 1.63649 1.0992399
-0.014000325 1.8597876 1.0695602
0.13090855 1.8325 1.1165503
0.38449544 1.8376666 1.1292951
0.62588024 1.8395454 1.1350222
0.85896587 1.8333083 1.1130881
1.1148366 1.8223407 1.1276233
1.3727598 1.8397787 1.1153519
3.5708661 1.8775488 1.0444431
25.227777 1.8547615 1.0879674
25.396282 1.8619429 1.131834
25.58514 1.8757461 1.120716
25.843111 1.8892945 1.103
26.103918 1.8692756 1.103
26.376293 1.8706392 1.103
26.618229 1.8721404 1.103
26.867041 1.8662306 1.103
27.109909 1.8834363 1.103
27.395519 1.864692 1.103
27.65699 1.8750107 1.1197261
27.859741 1.8959481 1.11356
28 1.8537216 1.0797489
3.5795834 2.0921347 1.0201941
25.225239 2.1321044 1.0812548
25.381079 2.1270485 1.1258976
25.631254 2.1388087 1.1146731
25.8673 2.1391008 1.103
26.125711 2.1091046 1.103
26.381357 2.1226573 1.103
26.614964 2.1310439 1.103
26.867496 2.1221185 1.103
27.126865 2.1017668 1.103
27.371418 2.1231499 1.103
27.63847 2.1307478 1.1092904
27.846294 2.1425848 1.1264759
28 2.112447 1.0658257
25.228735 2.352787 1.0851595
25.390047 2.3505907 1.1203547
25.605556 2.3812003 1.1188697
25.909966 2.3994665 1.103
26.139587 2.3723104 1.103
26.384159 2.3855529 1.103
26.625925 2.3775215 1.103
26.887636 2.3888977 1.103
27.152672 2.3457696 1.103
27.38483 2.3959625 1.103
27.619787 2.360235 1.1113183
27.83749 2.3865769 1.1154667
28 2.37359 1.0971479
28.52177 2.2776918 1.147873
28.873283 2.2806227 1.0961218
29.616934 2.2751391 1.101561
25.225239 2.5178213 1.0789807
25.398918 2.5556233 1.093032
25.618486 2.6401477 1.090587
25.880806 2.622086 1.1031667
26.136953 2.6377144 1.1031667
26.384106 2.6012268 1.103
26.651093 2.6552396 1.103
26.90115 2.6251462 1.1031429
27.156727 2.595324 1.103
27.365406 2.6570542 1.103
27.655228 2.6236682 1.0974525
27.856606 2.5468514 1.1007808
28 2.5164678 1.0148722
25.667141 2.8285105 1.0684733
25.862267 2.8990095 1.1092379
26.12289 2.8927188 1.1095046
26.384037 2.8715413 1.1235442
26.60832 2.8668544 1.1225138
26.866196 2.8945053 1.1205624
27.134382 2.8915462 1.1194032
27.374681 2.900322 1.0886852
27.558363 2.8375735 1.0597746
25.934944 3.1304688 1.0839431
26.139561 3.1451507 1.1109549
26.387484 3.1353326 1.1213406
26.620548 3.1355517 1.1095412
26.901407 3.1420538 1.1073922
27.123198 3.1377435 1.1142745
27.305098 3.1044786 1.0887055
28.521795 3.1758969 1.1048243
28.858845 3.176635 1.1232828
29.634043 3.1730657 1.0897808
-3.713002 3.4920001 1.0005243
-2.9489384 3.4920001 1.1898103
-2.6357625 3.492197 1.1373552
-2.3526025 3.4920001 1.1064421
-2.1221814 3.4920001 1.129109
-1.9090865 3.4920001 1.0966067
-1.6542475 3.4920001 1.1320306
-1.3760531 3.4920001 1.1452554
-1.1276391 3.4920001 1.0943353
-0.85263002 3.4920001 1.1144495
-0.71147072 3.4920001 1.1268644
10.922705 3.4766202 1.113055
-3.71 3.5146227 1.1341238
-3.4666667 3.5129876 1.1369079
-3.1943028 3.5198388 1.1172867
-2.8860865 3.6047266 1.0130148
-2.73 3.656651 1.1198419
-0.69999987 3.6269009 1.1234504
11.050772 3.6287036 1.1149371
26.73576 3.7181602 1.0153527
26.85811 3.6750541 1.0966413
27.137144 3.6191249 1.1427544
27.406696 3.6374514 1.1187767
27.608006 3.6182888 1.1396508
27.852547 3.6110001 1.1184417
28 3.6875675 1.1619354
-2.8807218 3.9061055 1
-2.73 3.8902543 1.1160324
-0.69999999 3.8861105 1.122211
10.919609 3.8071673 1.1331974
26.929811 3.7684741 1.1059077
27.111055 3.8129447 1.1246345
27.485081 3.7835193 1.1350137
27.61496 3.786 1.1104453
27.894609 3.786 1.0945029
-2.8560114 4.1201935 1
-2.73 4.137455 1.1078591
-0.69999987 4.1242795 1.1333853
-2.8690391 4.3696876 1
-2.731432 4.3900323 1.1046746
-0.69999999 4.39817 1.0901526
-3.2292089 4.7419996 1.028309
-2.8964529 4.6210456 1.0112032
-2.7325087 4.6408758 1.1141735
-0.69999999 4.6319394 1.1416587
26.88829 4.7113314 1.107543
27.143658 4.655592 1.1203341
27.495428 4.6759996 1.1277674
27.664284 4.6801672 1.1209048
27.908922 4.686326 1.1258079
28 4.6978407 1.1178982
-3.73 4.7731137 1.1205337
-3.4540455 4.7728672 1.1121604
-3.23 4.7605267 1.1349163
-2.98 4.7697754 1.1866205
-2.6052716 4.7819996 1.1454722
-2.3710458 4.7819996 1.1190352
-2.0945451 4.7819996 1.1148001
-1.8849912 4.8363404 1.0704247
-1.6271327 4.820262 1.0748039
-1.3710887 4.8254318 1.0828865
-1.1126558 4.8248792 1.0692289
-0.8748408 4.82903 1.0805833
-0.70099932 4.7940574 1.053581
26.868423 4.8161321 1.1402947
27.133902 4.8364286 1.123479
27.404156 4.8287435 1.12614
27.622574 4.8319731 1.1211042
27.878847 4.8509998 1.1241776
28 4.7720881 1.0722709
-1.8582013 5.1546965 1
-1.6176964 5.1279006 1
-1.3659792 5.1624503 1
18.361809 15 1.6428571
18.643215 15 1.6428571
18.924622 15 1.6428571
19.135679 15 1.6428571
19.346733 15 1.6428571
19.628139 15 1.6428571
19.909548 15 1.6428571
20.120604 15 1.6428571
20.331657 15 1.6428571
20.613064 15 1.6428571
20.894474 15 1.6428571
21.17588 15 1.6428571
21.386934 15 1.6428571
21.59799 15 1.6428571
21.879398 15 1.6428571
22.160805 15 1.6428571
22.371859 15 1.6428571
22.582916 15 1.6428571
22.864323 15 1.6428571
23.145729 15 1.6428571
23.427135 15 1.6428571
23.638191 15 1.6428571
23.849247 15 1.6428571
24.130653 15 1.6428571
24.41206 15 1.6428571
24.623116 15 1.6428571
24.834171 15 1.6428571
25.115578 15 1.6428571
25.396984 15 1.6428571
25.678391 15 1.6428571
25.889448 15 1.6428571
26.100502 15 1.6428571
26.381908 15 1.6428571
26.6684 15 1.6160458
26.893148 15 1.5841265
27.104361 15 1.5995803
27.366833 15 1.6428571
27.652296 15 1.6183919
27.859297 15 1.6428571
28 15 1.6428571
0.070351757 0 1.8571428
0.35175878 0 1.8571428
0.63316584 0 1.8571428
0.91457283 0 1.8571428
1.1256281 0 1.8571428
1.3366835 0 1.8571428
1.6180904 0 1.8571428
1.8994975 0 1.8571428
2.1105528 0 1.8571428
2.3216081 0 1.8571428
2.6030149 0 1.8571428
2.8844223 0 1.8571428
3.1658292 0 1.8571428
3.3768845 0 1.8571428
3.5879397 0 1.8571428
3.8693466 0 1.8571428
4.150754 0 1.8571428
4.3618093 0 1.8571428
4.5728645 0 1.8571428
4.8542714 0 1.8571428
5.1356783 0 1.8571428
5.4170856 0 1.8571428
5.6281409 0 1.8571428
5.8391962 0 1.8571428
6.1206031 0 1.8571428
6.40201 0 1.8571428
6.6130652 0 1.8571428
6.8241205 0 1.8571428
7.1055279 0 1.8571428
7.3869343 0 1.8571428
7.6683416 0 1.8571428
7.8793969 0 1.8571428
8.0904522 0 1.8571428
8.3718596 0 1.8571428
8.6532669 0 1.8571428
8.8643217 0 1.8571428
9.0753765 0 1.8571428
9.3567839 0 1.8571428
9.6381912 0 1.8571428
9.9195976 0 1.8571428
10.130653 0 1.8571428
10.341709 0 1.8571428
10.623116 0 1.8571428
10.904523 0 1.8571428
11.115578 0 1.8571428
11.326633 0 1.8571428
11.60804 0 1.8571428
11.889447 0 1.8571428
12.170855 0 1.8571428
12.381909 0 1.8571428
12.592965 0 1.8571428
12.874372 0 1.8571428
13.155779 0 1.8571428
13.366835 0 1.8571428
13.577889 0 1.8571428
13.859297 0 1.8571428
14.140703 0 1.8571428
14.422111 0 1.8571428
14.633165 0 1.8571428
14.844221 0 1.8571428
15.125628 0 1.8571428
15.407035 0 1.8571428
15.618091 0 1.8571428
15.829145 0 1.8571428
16.110554 0 1.8571428
16.39196 0 1.8571428
16.673367 0 1.8571428
16.884422 0 1.8571428
17.095478 0 1.8571428
17.376884 0 1.8571428
17.658291 0 1.8571428
17.869347 0 1.8571428
18.080402 0 1.8571428
18.361809 0 1.8571428
18.643215 0 1.8571428
18.924622 0 1.8571428
19.135679 0 1.8571428
19.346733 0 1.8571428
19.628139 0 1.8571428
19.909548 0 1.8571428
20.120604 0 1.8571428
20.331657 0 1.8571428
20.613064 0 1.8571428
20.894474 0 1.8571428
21.17588 0 1.8571428
21.386934 0 1.8571428
21.59799 0 1.8571428
21.879398 0 1.8571428
22.160805 0 1.8571428
22.371859 0 1.8571428
22.582916 0 1.8571428
22.864323 0 1.8571428
23.145729 0 1.8571428
23.427135 0 1.8571428
23.638191 0 1.8571428
23.849247 0 1.8571428
24.130653 0 1.8571428
24.41206 0 1.8571428
24.623116 0 1.8571428
24.834171 0 1.8571428
25.115578 0 1.8571428
25.396984 0 1.8571428
25.678391 0 1.8571428
25.889448 0 1.8571428
26.100502 0 1.8571428
26.381908 0 1.8571428
26.663317 0 1.8571428
26.874372 0 1.8571428
27.085426 0 1.8571428
27.366833 0 1.8571428
27.648243 0 1.8571428
27.859297 0 1.8571428
28 0 1.8571428
28.515762 1.3202974 1.8910279
28.868401 1.3240085 1.8805007
29.617887 1.3258601 1.8817369
29.639231 2.2816632 1.8734603
28.52 3.1769266 1.8206296
28.884264 3.1857984 1.8965392
29.626564 3.1858623 1.8889021
-3.639082 3.4946589 1.9116633
-3.48 3.496325 1.8655391
-3.2219727 3.4920001 1.8577877
-2.9465938 3.4920001 1.8792268
-2.7080116 3.4920003 1.7661242
-2.4580235 3.4920001 1.7892679
-2.1900303 3.4920001 1.8796668
-1.8586009 3.4920001 1.8904989
-1.6505128 3.4920001 1.8824226
-1.3958079 3.4920001 1.8418111
-1.1232989 3.4920001 1.8471719
-0.85860479 3.4920001 1.8556134
-0.72190237 3.4938395 1.9136808
-3.6388321 3.5319998 1.9064994
-3.4464931 3.5220051 1.8656816
-3.1974688 3.530262 1.86079
-2.9792471 3.5196781 1.8848176
-2.7093086 3.5320001 1.8942966
-2.4611485 3.5319998 1.9215214
-2.1585798 3.5990605 1.7934642
-1.9664663 3.5962868 1.8689189
-0.69999999 3.6304312 1.8684946
10.749911 3.6728015 1.8381985
10.861816 3.612416 1.8062308
11.050159 3.6227884 1.7772992
26.973492 3.6896224 1.8264669
27.117844 3.6513593 1.8277215
27.381865 3.6569228 1.7986692
27.610283 3.6393068 1.7675626
-2.0904016 3.882802 1.75
-1.9802042 3.8737299 1.8629254
-0.69999999 3.87955 1.8687358
10.900828 3.772722 1.7649281
27.174709 3.8825355 1.8416941
27.37945 3.8954926 1.7948611
27.583183 3.8727899 1.7585829
-2.0897541 4.1028771 1.75
-1.9805635 4.1203537 1.8475991
-1.3931006 4.0426388 1.9999999
-0.69999981 4.0855079 1.8703249
27.139296 4.1443911 1.8993269
27.349314 4.1470666 1.7962974
27.537891 4.1874743 1.7616215
-2.11588 4.3689842 1.75
-1.98 4.3659368 1.8536797
-1.716166 4.3686371 1.9999999
-0.69999987 4.3527741 1.8736897
27.143082 4.3948426 1.8527247
27.362782 4.3939748 1.8003933
27.553215 4.3496051 1.755444
-3.6969628 4.7446318 1.8658679
-3.4491405 4.7419996 1.9541336
-3.1900001 4.7494011 1.8845454
-2.98 4.7455988 1.8692126
-2.6989024 4.7419996 1.781414
-2.4780548 4.7419996 1.8946311
-2.1410463 4.6261268 1.7606167
-1.9803922 4.61409 1.8589329
-0.69999981 4.6071277 1.8537601
26.959173 4.7416792 1.8196847
27.159803 4.6190844 1.8595222
27.382706 4.6083217 1.791587
27.600773 4.6288385 1.7598346
-3.6343701 4.7695127 1.8612417
-3.4408555 4.7819996 1.8240764
-3.206883 4.7772646 1.891691
-2.9400001 4.7686987 1.8682442
-2.7186642 4.770267 1.9261267
-2.4528008 4.7775297 1.8844898
-2.1527491 4.7672067 1.8435426
-1.8838383 4.8330011 1.8916969
-1.6022325 4.8415818 1.8677622
-1.3793743 4.8657041 1.883711
-1.0969299 4.851408 1.8784953
-0.86558074 4.8564997 1.8683556
-0.70049143 4.8583651 1.9151468
26.976286 4.8344851 1.773749
27.125462 4.822567 1.8364998
27.388754 4.8154731 1.7924352
27.622395 4.7851582 1.7678494
-1.9117404 5.1091051 1.9279169
-1.622738 5.1323729 1.9
-1.3765409 5.1158552 1.9
-1.123226 5.1254625 1.9
-0.87853396 5.1235027 1.9
-0.69999999 5.1805773 1.9421951
-1.9002928 5.3878493 1.9201918
-1.605794 5.3598924 1.9
-1.3501813 5.3827353 1.9
-1.1073096 5.3875251 1.9
-0.89127326 5.365087 1.9
-0.72140628 5.3620853 1.9292773
-1.915892 5.632853 1.9204019
-1.656026 5.597774 1.9
-1.3794926 5.6061554 1.935961
-1.1290022 5.6146493 1.9
-0.85376787 5.6270881 1.9
-0.70155859 5.6223912 1.9290999
-1.9008836 5.8902683 1.8721956
-1.6254543 5.8936558 1.8659489
-1.3766965 5.8962007 1.8737631
-1.1231072 5.8769999 1.8508469
-0.86947888 5.9045734 1.874264
-0.69999969 5.8743029 1.8944732
13.867171 6.9476657 1.9054875
13.955621 7.054574 1.8864838
14.056876 7.1053171 1.9482507
13.42866 7.3546309 1.9090414
13.546044 7.4274278 1.8813655
14.381059 7.4684968 1.939968
13.579945 7.5295286 1.9370039
14.485515 7.5607409 1.8938783
14.572335 7.6447296 1.90784
13.912755 7.8696885 1.9981675
14.043168 7.9238172 1.9020479
14.141372 8.0598326 1.9188949
28.718102 9.1130743 1.8720531
28.886265 9.0910473 1.8635576
29.110973 9.0954542 1.8618162
29.367247 9.0881109 1.8494602
29.613268 9.0973272 1.8614335
29.919258 9.1084948 1.8623208
28.723759 9.3825216 1.9632285
28.868233 9.4128294 1.9
29.140701 9.3671799 1.9
29.359497 9.3673801 1.924924
29.622923 9.3887405 1.9
29.906696 9.3927774 1.9163971
28.723011 9.6412277 1.9340338
28.868013 9.6566029 1.9
-1.585585 5.9139371 0.086144306
-1.3972038 5.894731 0.066878416
-1.1255918 5.9008822 0.074757107
-0.8812061 5.8917265 0.082477562
-0.70518988 5.873024 0.10816146
-0.36624399 5.8511925 0
-0.075612485 5.868093 0.071469098
0.1084353 5.8587694 0.02573118
0.38080958 5.869307 0.0018
0.61403513 5.8350887 0.0012000001
0.89007789 5.8373818 0.00075000001
1.1153524 5.8462467 0.00050000002
1.3834119 5.8995905 0.001
1.6534177 5.882658 0.0022499999
1.8988272 5.8553338 0.001
2.1058574 5.8393369 0.0015
2.4021335 5.8392563 0.0018
2.597615 5.8726244 0.001
2.8231344 5.8585157 0.0022499999
3.109982 5.8637667 0
3.3746915 5.8529177 0.0015
3.6386311 5.9185476 0.003
3.882674 5.8796535 0.0017142857
4.1773386 5.8408689 0
4.3478274 5.8430953 0.0012000001
4.6333399 5.8334742 0.0022500001
4.8847485 5.8602343 0.001
5.209486 5.8515902 0.001
5.384418 5.8651996 0.0020000001
5.5969372 5.8997951 0.0018
5.8479214 5.8933487 0
6.0946264 5.9402628 0
6.3861923 5.8866682 0.0021428573
6.6229153 5.850822 0.0020000001
6.8416805 5.855535 0.0012000001
7.1079125 5.8509226 0.0014999999
7.3892341 5.8778577 0.001
7.6370807 5.8946614 0.0018
7.8764572 5.8997574 0
8.1090574 5.8881283 0.0015
8.3507786 5.8255038 0
8.6295633 5.8932505 0.001
8.8818941 5.8962951 0.003
9.1359386 5.8906531 0.001
9.3518534 5.9012504 0.001
9.6371384 5.8908954 0.085174665
9.8647614 5.8760448 0.10214286
10.12605 5.8764873 0.082165785
10.36772 5.8764329 0
10.636059 5.9037328 0
10.889133 5.8733263 0
11.121057 5.8673038 0
11.379025 5.8809876 0
11.61727 5.8560619 4.2642246e-17
11.858219 5.8687658 1.5265395e-16
12.103927 5.8798585 7.5195489e-17
12.365124 5.8396783 7.3665589e-17
12.61869 5.8798633 6.4619369e-17
12.865688 5.8721642 4.0487775e-17
13.115021 5.8526912 6.0297483e-17
13.370076 5.8673587 3.675497e-17
13.633468 5.8732691 2.134661e-17
13.873614 5.8386264 8.3859992e-18
14.118151 5.8627486 0
14.382714 5.8674397 0
14.629782 5.8797913 0
14.897227 5.8633323 0
15.112656 5.8445311 0
15.34037 5.878829 0
15.614512 5.883779 0
15.864836 5.8823104 0
16.119411 5.88098 0
16.377178 5.8723564 0
16.63311 5.8766756 0
16.878071 5.8593931 0
17.142462 5.8698649 0
17.379217 5.8218031 0
17.630699 5.8713918 0
17.865828 5.8870173 0.064512253
18.128704 5.8577185 0.10227455
18.358511 5.9117103 0.069016919
18.592226 5.8671994 0.00099999993
18.885689 5.8661909 0.00060000003
19.141804 5.8001547 0.003
19.328924 5.8671985 0.0012000001
19.558252 5.8815327 0.0024000001
19.873314 5.8882265 0.0011250001
20.123775 5.851562 0.001
20.337669 5.8509827 0.0015
20.635836 5.8818913 0.00050000002
20.855034 5.959981 0.0015
21.121452 5.873816 0
21.350559 5.89291 0.00075000001
21.599384 5.8708878 0.001
21.866745 5.8904352 0.0021428571
22.140642 5.8840723 0.001
22.359898 5.8646789 0.0015
22.633659 5.8673978 0.001125
22.88228 5.8797331 0.001
23.111794 5.8915901 0.0012000001
23.392223 5.8819437 0.003
23.638687 5.8145981 0.001
23.879131 5.8978686 0.001
24.128132 5.914113 0.0012000001
24.338182 5.8595901 0.00050000002
24.649818 5.8631339 0.00075000001
24.866758 5.9157457 0.001
25.106308 5.859448 0.0031428572
25.364468 5.8933377 0.001
25.666656 5.92028 0.001
25.858273 5.8683472 0.001
26.145741 5.8520832 0.001
26.361458 5.87918 0.0024000001
26.592791 5.8838387 0.00075000001
26.865551 5.9251227 0
27.11631 5.873054 0.0015
27.353823 5.8313375 0.001
27.654058 5.8791146 0.0021428571
27.911495 5.8619452 0.016556825
28.076397 5.9060512 0.066695929
28.378265 5.886745 0
-0.37234691 6.1145086 0
-0.085955076 6.1475077 0.056410372
0.10816114 6.1236553 0.026129544
0.36002383 6.1128268 0.0012000001
0.58857262 6.1033487 0.0020000001
0.85637695 6.1097889 0.00075000001
1.1242766 6.1114492 0.0026
1.4135034 6.106216 0.00075000001
1.592844 6.1460032 0.00085714285
1.899573 6.1414714 0.0017142857
2.1869259 6.1216774 0.0015
2.3714097 6.1299272 0.0015
2.6642041 6.1581836 0.00075000001
2.9007151 6.1372333 0.0011999999
3.1020405 6.1296816 0.00075000001
3.3676062 6.1306543 0.0014285714
3.5928025 6.0972214 0.003
3.8298993 6.0891876 0.0022499999
4.1158509 6.095654 0.0018
4.3704863 6.1105728 0.00075000001
4.6501884 6.0979018 0.0017142857
4.8847156 6.1445346 0.0017142857
5.1446776 6.0927491 0.0012857143
5.3631773 6.1197948 0
5.6006327 6.1441879 0.00060000003
5.8352799 6.1193271 0.0022499999
6.131062 6.1085391 0.0024999999
6.3558173 6.1724148 0.0015
6.6454692 6.0585284 0.003
6.8658652 6.1207967 0.0024999999
7.0708098 6.1336346 0.0015
7.353653 6.1362948 0.0015
7.6014519 6.129365 0.0018750001
7.8819809 6.1005054 0.0017142857
8.1342602 6.115593 0.0012000001
8.3441668 6.1042576 0.0018
8.5886984 6.1117597 0.0018
8.859622 6.112617 0.001
9.127429 6.1199503 0.0012000001
9.3482676 6.0993166 0.0022500001
9.6228123 6.1434269 0.11371852
9.851449 6.1240945 0.10140687
10.115722 6.1263633 0.077414095
10.387335 6.1326013 0
10.606755 6.1388679 0
10.85857 6.1260448 0
11.129916 6.1357565 0
11.385257 6.1078725 0
28.949835 9.5847902 1.9
29.154922 9.6249056 1.9
29.382946 9.5977001 1.9
29.6238 9.6228971 1.9
29.915983 9.6097498 1.917784
28.718475 9.8811493 1.937495
28.871414 9.8722725 1.9
29.126631 9.8927937 1.9
29.370485 9.8435602 1.9
29.612467 9.8854856 1.9
29.884735 9.8976908 1.9104781
0.41230613 10.193913 1.7769682
0.63375783 10.168823 1.8037336
0.87532246 10.192815 1.8251346
1.0288033 10.203773 1.8196625
28.721806 10.171846 1.8877778
28.894903 10.147732 1.8579396
29.140236 10.163106 1.8531396
29.381067 10.152748 1.8472482
29.608713 10.154333 1.8604325
29.88558 10.155659 1.876096
30.171507 10.209629 1.8100674
30.486521 10.220721 1.9065703
30.728001 10.237406 1.9235846
30.978319 10.213333 1.8966683
31.218966 10.220028 1.8654675
31.478001 10.218669 1.8540432
31.672928 10.202023 1.9012283
0.36413607 10.312139 1.7599968
0.61715406 10.388088 1.800298
0.85383409 10.35509 1.8305011
28.718 10.395514 1.8866645
29.997999 10.36045 1.8717022
30.108559 10.390731 1.75
0.45835328 10.61737 1.7625796
0.66293907 10.623035 1.804886
0.86904633 10.630245 1.8623745
28.718 10.62323 1.8645353
29.67705 10.618972 1.9999999
29.95944 10.639998 1.8977394
30.11401 10.60717 1.75
0.46290186 10.855421 1.7637982
0.65226632 10.877469 1.798273
0.87328517 10.878536 1.8642614
28.718 10.866603 1.8757902
29.967173 10.873029 1.9115213
30.113054 10.881295 1.75
0.43797365 11.108987 1.7666484
0.65944964 11.143713 1.7934475
0.82605237 11.102638 1.860373
17.052998 11.223488 1.7632899
28.718 11.100383 1.8588967
29.979685 11.106285 1.907312
30.116011 11.125525 1.75
0.38867334 11.336228 1.7686869
0.65931934 11.34444 1.819337
0.88599497 11.331375 1.8251262
1.0272896 11.324119 1.8148679
16.965405 11.375074 1.7909769
17.113869 11.371717 1.828184
17.257242 11.348086 1.7929498
28.718273 11.374044 1.882845
28.89851 11.49 1.8587563
29.11277 11.466274 1.8743352
29.369085 11.49 1.8766878
29.643322 11.49 1.8831053
29.926077 11.418411 1.8877553
30.164627 11.424767 1.8083302
30.467161 11.472258 1.8710197
30.722534 11.464709 1.8884515
30.973946 11.476666 1.8615059
31.221584 11.46967 1.9039974
31.460022 11.47632 1.8574892
31.662426 11.476666 1.9022285
17.147125 11.504446 1.7586379
-1.6331236 11.831333 1.8594378
-0.86095965 11.843427 1.889631
-0.53388184 11.85268 1.9008188
-0.5 11.855845 1.9099767
-1.6201601 12.718281 1.8724868
-1.65 12.75631 1.8848621
-1.6233327 13.696552 1.8865393
-0.85337991 13.68807 1.8832853
-0.53297555 13.702665 1.9466048
-0.5 13.709243 1.8128699
0.070351757 15 1.8571428
0.35175878 15 1.8571428
0.63316584 15 1.8571428
0.91457283 15 1.8571428
1.1256281 15 1.8571428
1.3366835 15 1.8571428
1.6180904 15 1.8571428
1.8994975 15 1.8571428
2.1105528 15 1.8571428
2.3216081 15 1.8571428
2.6030149 15 1.8571428
2.8844223 15 1.8571428
3.1658292 15 1.8571428
3.3768845 15 1.8571428
3.5879397 15 1.8571428
3.8693466 15 1.8571428
4.150754 15 1.8571428
4.3618093 15 1.8571428
4.5728645 15 1.8571428
4.8542714 15 1.8571428
5.1356783 15 1.8571428
5.4170856 15 1.8571428
5.6281409 15 1.8571428
5.8391962 15 1.8571428
6.1206031 15 1.8571428
6.40201 15 1.8571428
6.6130652 15 1.8571428
6.8241205 15 1.8571428
7.1055279 15 1.8571428
7.3869343 15 1.8571428
7.6683416 15 1.8571428
7.8793969 15 1.8571428
8.0904522 15 1.8571428
8.3718596 15 1.8571428
8.6532669 15 1.8571428
8.8643217 15 1.8571428
9.0753765 15 1.8571428
9.3567839 15 1.8571428
9.6381912 15 1.8571428
9.9195976 15 1.8571428
10.130653 15 1.8571428
10.341709 15 1.8571428
10.623116 15 1.8571428
10.904523 15 1.8571428
11.115578 15 1.8571428
11.326633 15 1.8571428
11.60804 15 1.8571428
11.889447 15 1.8571428
12.170855 15 1.8571428
12.381909 15 1.8571428
12.592965 15 1.8571428
12.874372 15 1.8571428
13.155779 15 1.8571428
13.366835 15 1.8571428
13.577889 15 1.8571428
13.859297 15 1.8571428
14.140703 15 1.8571428
14.422111 15 1.8571428
14.633165 15 1.8571428
14.844221 15 1.8571428
15.125628 15 1.8571428
15.407035 15 1.8571428
15.618091 15 1.8571428
15.829145 15 1.8571428
16.110554 15 1.8571428
16.39196 15 1.8571428
16.673367 15 1.8571428
16.884422 15 1.8571428
17.095478 15 1.8571428
17.376884 15 1.8571428
17.658291 15 1.8571428
17.869347 15 1.8571428
18.080402 15 1.8571428
18.361809 15 1.8571428
18.643215 15 1.8571428
18.924622 15 1.8571428
19.135679 15 1.8571428
19.346733 15 1.8571428
19.628139 15 1.8571428
19.909548 15 1.8571428
20.120604 15 1.8571428
20.331657 15 1.8571428
20.613064 15 1.8571428
20.894474 15 1.8571428
21.17588 15 1.8571428
21.386934 15 1.8571428
21.59799 15 1.8571428
21.879398 15 1.8571428
22.160805 15 1.8571428
22.371859 15 1.8571428
22.582916 15 1.8571428
22.864323 15 1.8571428
23.145729 15 1.8571428
23.427135 15 1.8571428
23.638191 15 1.8571428
23.849247 15 1.8571428
24.130653 15 1.8571428
24.41206 15 1.8571428
24.623116 15 1.8571428
24.834171 15 1.8571428
25.115578 15 1.8571428
25.396984 15 1.8571428
25.678391 15 1.8571428
25.889448 15 1.8571428
26.100502 15 1.8571428
26.381908 15 1.8571428
26.663317 15 1.8571428
26.874372 15 1.8571428
27.085426 15 1.8571428
27.366833 15 1.8571428
27.648243 15 1.8571428
27.859297 15 1.8571428
28 15 1.8571428
0.070351757 0 2
0.35175878 0 2
0.63316584 0 2
0.91457283 0 2
1.1256281 0 2
1.3366835 0 2
1.6180904 0 2
1.8994975 0 2
2.1105528 0 2
2.3216081 0 2
2.6030149 0 2
2.8844223 0 2
3.1658292 0 2
3.3768845 0 2
3.5879397 0 2
3.8693466 0 2
4.150754 0 2
4.3618093 0 2
4.5728645 0 2
4.8542714 0 2
5.1356783 0 2
5.4170856 0 2
5.6281409 0 2
5.8391962 0 2
6.1206031 0 2
6.40201 0 2
6.6130652 0 2
6.8241205 0 2
7.1055279 0 2
7.3869343 0 2
7.6683416 0 2
7.8793969 0 2
8.0904522 0 2
8.3718596 0 2
8.6532669 0 2
8.8643217 0 2
9.0753765 0 2
9.3567839 0 2
9.6381912 0 2
9.9195976 0 2
10.130653 0 2
10.341709 0 2
10.623116 0 2
10.904523 0 2
11.115578 0 2
11.326633 0 2
11.60804 0 2
11.889447 0 2
12.170855 0 2
12.381909 0 2
12.592965 0 2
12.874372 0 2
13.155779 0 2
13.366835 0 2
13.577889 0 2
13.859297 0 2
14.140703 0 2
14.422111 0 2
14.633165 0 2
14.844221 0 2
15.125628 0 2
15.407035 0 2
15.618091 0 2
15.829145 0 2
16.110554 0 2
16.39196 0 2
16.673367 0 2
16.884422 0 2
17.095478 0 2
17.376884 0 2
17.658291 0 2
17.869347 0 2
18.080402 0 2
18.361809 0 2
18.643215 0 2
18.924622 0 2
19.135679 0 2
19.346733 0 2
19.628139 0 2
19.909548 0 2
20.120604 0 2
20.331657 0 2
20.613064 0 2
20.894474 0 2
21.17588 0 2
21.386934 0 2
21.59799 0 2
21.879398 0 2
22.160805 0 2
22.371859 0 2
22.582916 0 2
22.864323 0 2
23.145729 0 2
23.427135 0 2
23.638191 0 2
23.849247 0 2
24.130653 0 2
24.41206 0 2
24.623116 0 2
24.834171 0 2
25.115578 0 2
25.396984 0 2
25.678391 0 2
25.889448 0 2
26.100502 0 2
26.381908 0 2
26.663317 0 2
26.874372 0 2
27.085426 0 2
27.366833 0 2
27.648243 0 2
27.859297 0 2
28 0 2
28.519308 1.3201313 2.1350183
28.872925 1.3099825 2.1648967
29.61977 1.3172003 2.1046135
29.633327 2.2733333 2.1306238
28.528194 3.1800745 2.1153479
28.863333 3.1780062 2.1491842
29.640375 3.1774204 2.1206658
-3.4411104 3.4920001 2.1023953
-2.4406562 3.4920001 2.0707369
-1.8074492 3.4988613 2
-1.7182808 3.4920001 2.1176662
-1.4340788 3.4936526 2.0295815
-1.1446309 3.4949303 2.1066377
-0.97557229 3.4920001 2.0076878
-0.71526104 3.4920001 2.1357539
-3.5322461 3.5319998 2.0424027
-3.3546309 3.5320001 2.1715815
-3.2042434 3.522542 2.1076021
-2.9687631 3.5244923 2.1595583
-2.7092826 3.523741 2.1215165
-2.4400001 3.5032771 2.1720669
-2.2115881 3.5122609 2.1128135
-1.9224777 3.5872812 2.0684719
-1.6038975 3.6380792 2
-1.3872937 3.6297309 2.026161
-1.1417571 3.619823 2.0102167
-0.88510668 3.6260266 2.0995498
-0.69999999 3.6228995 2.1359265
-1.8608243 3.8466609 2
-1.6268153 3.8795214 2
-1.3933641 3.8946259 2
-1.1260154 3.8744986 2.096144
-0.69999999 3.8562593 2.1027448
27.203415 3.9586122 2.0333657
27.262053 3.923907 2.1586895
-1.8703971 4.1066265 2
-1.6151143 4.1078253 2
-1.3427414 4.1183281 2.1011553
-0.69999999 4.0972452 2.1228015
27.218721 4.1123567 2.1251681
27.271353 4.0992246 2.2419248
-1.8606496 4.3757205 2
-1.638666 4.3750315 2.0679104
-1.479583 4.2686858 2.1721368
-1.1039209 4.4080968 2.2499998
-0.69999999 4.3774724 2.1245935
-0.54841208 11.90531 2.5500002
-0.49243653 11.828627 2.5441279
-1.5833533 12.134635 2.55
-1.3472394 12.115009 2.55
-1.094223 12.112067 2.55
-0.85197169 12.109497 2.55
-0.6546883 12.134254 2.55
-0.49288574 12.108361 2.5394895
-1.5716208 12.379532 2.55
-1.3665626 12.358717 2.55
-1.1139163 12.365743 2.55
-0.87744695 12.36194 2.55
-0.63906515 12.374575 2.55
-0.49243653 12.409184 2.527276
-1.5769738 12.605556 2.5402288
-1.3780273 12.618806 2.55
-1.1429915 12.608303 2.55
-0.8955456 12.629845 2.55
-0.62624007 12.61793 2.55
-0.49243554 12.598599 2.5441818
-1.570009 12.860035 2.5482392
-1.3839903 12.882869 2.55
-1.147999 12.876615 2.55
-0.89409655 12.891586 2.55
-0.64424771 12.86007 2.55
-0.49243653 12.964477 2.5345809
-1.5943849 13.137333 2.5472391
-1.3711115 13.125635 2.55
-1.1109176 13.122057 2.55
-0.84767872 13.125201 2.55
-0.61711818 13.137233 2.55
-0.49243653 13.043968 2.514416
-1.5822016 13.366527 2.5435567
-1.3842992 13.3627 2.55
-1.1183648 13.374579 2.55
-0.87422287 13.379833 2.55
-0.62063462 13.374062 2.55
-0.49243653 13.330869 2.5452361
-1.5757698 13.639107 2.5448341
-1.3735644 13.606311 2.5464091
-1.1309909 13.654625 2.5494657
-0.8625865 13.619305 2.549871
-0.61064392 13.627002 2.5422034
-0.49605715 13.634255 2.5471096
-2.7668164 3.4920001 2.8110623
-2.6260264 3.492847 2.9305472
-2.213249 3.4920001 2.9992635
-1.939999 3.4941461 2.7642443
-1.7040615 3.4920001 2.8822818
-1.4490235 3.4920001 2.9338217
-0.71182615 3.4920001 2.9317698
-2.8236954 3.508893 2.756304
-2.6515422 3.5269272 2.8609772
-2.4539669 3.519398 2.8718793
-2.2136645 3.5167809 2.8774896
-1.96 3.519469 2.8817434
-1.6900001 3.5256748 2.750572
-1.4499638 3.5319998 2.8378534
-1.1993017 3.5319998 2.8565702
-0.9622339 3.5319998 2.8583312
-0.71607453 3.6739354 2.8484936
-0.72858429 4.102613 2.9006658
-0.71417254 4.3493304 2.8386703
-2.7740333 4.7419996 2.7742064
-2.6814337 4.7419996 2.8886623
-2.1927383 4.7419996 2.8299789
-1.9708506 4.7419996 2.8501267
-0.72283107 4.5319996 2.8929641
-2.636416 4.7819996 2.8874941
-2.46 4.7786722 2.9058571
-2.2197094 4.7819996 2.9041696
-1.9400001 4.7728038 2.9639547
-0.7325635 4.8468299 2.8615899
-1.9506992 5.0761962 2.8940437
-0.69999999 5.1015248 2.9098942
-1.9599996 5.3852034 2.8931613
-0.72615623 5.2703009 2.8782725
-1.9764316 5.6321621 2.8690004
-0.7196216 5.5786428 2.8641553
-1.9630771 5.9119997 2.8864391
-1.7071433 5.966433 2.8604691
-1.4800005 5.9549942 2.8965774
-1.21 5.9738111 2.8806744
-0.95721936 5.9686666 2.8608139
-0.72010523 5.9162455 2.8645244
13.15937 6.6480393 2.918581
13.280016 6.6805005 2.923562
13.655959 6.7233043 2.8450763
13.166219 6.7789168 2.8869083
13.714736 6.8005795 2.8850715
13.838584 6.927516 2.8544896
13.210403 7.1303525 2.8617361
13.296839 7.2067657 2.8746638
13.9023 7.1576405 2.8175874
14.103851 7.1732273 2.8354919
13.412313 7.3539844 2.8596241
13.610003 7.4256935 2.8561389
13.870878 7.3911796 2.7716804
14.161148 7.3577681 2.8337407
14.347549 7.4009461 2.8406296
13.649549 7.6061997 2.8603334
13.819768 7.6584797 2.8356836
14.107099 7.6055727 2.7809043
14.420474 7.596715 2.8627248
14.596975 7.6895981 2.8397889
13.889591 7.8145452 2.8506546
14.068809 7.8860641 2.8401117
14.683466 7.8028097 2.9049845
14.785742 7.8584447 2.8562951
14.183205 8.0899115 2.8755941
14.313243 8.2089682 2.8934529
14.827059 8.1931114 2.8996222
14.370149 8.2951355 2.8773987
14.727775 8.3048859 2.9350786
14.820518 8.3285103 2.8973877
28.718334 9.1248913 2.8535686
28.873234 9.0726299 2.8608806
29.215256 9.0213337 2.8830619
29.474075 9.0141277 2.8654492
29.716373 9.04 2.9014173
29.974323 9.0999002 2.8652744
28.726791 9.479248 2.855968
28.757999 9.4790745 2.978265
29.980043 9.4699993 2.8960991
28.723364 9.7227325 2.8800776
28.757999 9.7323103 2.8977549
29.973116 9.7133331 2.8438635
28.719376 9.9899998 2.8140254
28.754688 9.9899998 2.9594188
29.973373 9.9630213 2.8438509
28.722794 10.24 2.9135823
28.757999 10.201344 2.8157008
29.976572 10.218164 2.9155769
30.231495 10.207291 2.8377054
30.482264 10.226467 2.8432622
30.677988 10.22658 2.8899553
30.822224 10.235194 2.7757764
28.743118 10.469999 2.8888464
28.718 10.732397 2.8324769
28.756325 10.7 2.9383209
0.5781377 10.983858 2.7540174
28.721329 10.956783 2.8918085
28.717999 11.215045 2.8471127
28.757999 11.225358 2.8494065
28.722397 11.467329 2.8196411
28.91824 11.474548 2.8847632
29.234667 11.467886 2.9027362
29.471333 11.471819 2.8497701
29.725143 11.461158 2.8901865
29.982363 11.451974 2.8788128
30.218958 11.485548 2.8918548
30.477364 11.469999 2.8826582
30.683451 11.45 2.8540535
30.794258 11.488207 2.8037415
-2.4484062 3.4920001 3.0496638
-1.6950029 3.4920001 3.1371071
-1.4400001 3.4999669 3.0238853
-1.2073506 3.4925203 3.1435997
-2.5206914 3.5319998 3.0303698
-2.3432672 3.5194032 3.1973455
-2.2141051 3.530642 3.1283712
-1.9599996 3.5151424 3.0997853
-1.71 3.5243027 3.1244807
-1.48 3.5202241 3.1307349
-1.23 3.5286582 3.0184624
-0.96786267 3.5238252 3.1109483
-0.71391618 3.5684247 3.1127911
-0.73336655 3.8417358 3.1539614
-0.72000003 4.026123 3.1137781
-0.71623516 4.3660893 3.1250174
-2.4207559 4.7419996 3.1199815
-1.9452431 4.7419996 3.1825173
-0.71777475 4.6683412 3.111661
-2.5039823 4.7622147 3.0760181
-2.3271425 4.7556238 3.1962891
-2.2170777 4.7728581 3.1317861
-1.9602969 4.771102 3.0730672
-0.73985112 4.883471 3.1025906
-1.9736881 5.03017 3.1581211
-0.70704955 5.1330557 3.1540771
-1.9509197 5.3205233 3.1304083
-0.74000001 5.3753314 3.0522146
-1.9606129 5.6027274 3.1587079
-0.72408009 5.6354132 3.0910807
-1.9557279 5.8920341 3.1317799
-1.7033334 5.9653034 3.1266079
-1.4693698 5.9698896 3.1203158
-1.2168239 5.9654555 3.1579933
-0.96338248 5.966042 3.1179028
-0.72193772 5.847568 3.1294384
13.168644 6.6487622 3.1224728
13.279561 6.6879239 3.1308198
13.660455 6.742362 3.0085289
13.194794 6.7755494 3.1218264
13.246255 7.1871829 3.0055439
14.109843 7.1946883 3.1267986
14.192 7.2890444 3.1547878
14.314219 7.3839827 3.1324875
13.676606 7.6014032 3.1341858
13.798554 7.699748 3.1274042
13.919319 7.8129234 3.166117
14.811707 8.2221184 3.1558461
14.73103 8.334794 3.1016426
14.834147 8.3233624 3.1210222
28.729589 9.086566 3.1768332
28.869587 9.0760422 3.0803676
29.234667 9.0229979 3.1315365
29.478508 9.0288095 3.1144507
29.728001 9.0222454 3.1258645
29.973171 9.1222677 3.1327894
28.720272 9.4845419 3.1565495
28.757999 9.4612389 3.1541655
29.984667 9.4701567 3.1225576
28.718359 9.7190933 3.1310225
28.754608 9.7399998 3.1198354
29.97229 9.7308321 3.1145656
28.731434 9.9633331 3.1222668
29.984411 9.9537086 3.1035321
28.726976 10.228073 3.1379907
28.751978 10.24 3.092407
29.985636 10.24 3.126219
30.21785 10.224643 3.125875
30.419695 10.215871 3.1185679
30.558117 10.2 3.0350854
28.756107 10.483727 3.1272228
28.718 10.723217 3.1696088
28.757999 10.731009 3.0145526
28.718 10.982776 3.1934369
28.757999 10.950061 3.0864649
28.72595 11.218723 3.1166866
28.724636 11.469215 3.0953653
28.977999 11.472007 3.1294146
29.217525 11.469999 3.1629381
29.462181 11.476662 3.1084392
29.718414 11.464471 3.1274483
29.997999 11.473351 3.1632457
30.227844 11.476666 3.1378112
30.417038 11.463686 3.1193044
30.55982 11.470449 3.0345349
-2.0861564 3.4920001 3.456938
-1.9459091 3.4920001 3.35746
-1.6997827 3.4921722 3.3660834
-1.4400001 3.4995835 3.3271029
-2.1984367 3.5189648 3.3400998
-1.971355 3.5319996 3.3460026
-1.6900001 3.509367 3.371489
-1.448723 3.5229008 3.3892729
-1.1900001 3.5095482 3.3921525
-0.94344795 3.53195 3.3806169
-0.71966553 3.5797467 3.4235058
-0.71714973 3.8472238 3.4065323
-0.73647463 4.0925016 3.3230927
-0.72402298 4.3869996 3.3849306
-2.3012257 4.7419996 3.2763264
-2.1166821 4.7464981 3.3761468
-0.72569919 4.5989771 3.3892133
-2.1848269 4.7712646 3.3722823
-1.9584947 4.823451 3.3547301
-0.7031123 4.779007 3.3004928
-1.9434087 5.1369996 3.4303904
-0.71419692 5.0250778 3.3539047
-1.98 5.2812963 3.3443797
-0.72608691 5.3450232 3.3660862
-1.9511914 5.5741973 3.3638811
-0.72277391 5.5227456 3.3520985
-1.96155 5.8616996 3.3953331
-1.7231671 5.9686666 3.3778315
-1.4660466 5.9553332 3.3497581
-1.2055533 5.9619999 3.3955545
-0.96135515 5.9549842 3.3773227
-0.71681738 5.8897247 3.3692594
13.156735 6.6888194 3.3672926
13.256929 6.6927323 3.3255694
13.201147 6.7521377 3.3116269
14.123542 7.2025156 3.3971834
14.196243 7.3013945 3.3686929
14.288705 7.3301587 3.3874276
13.675305 7.6162429 3.3393612
13.784297 7.6754189 3.3999572
13.866983 7.8033886 3.3661706
14.737514 8.3196392 3.2860622
14.814579 8.3137188 3.376766
28.73625 9.1733332 3.3952775
28.873993 9.0697737 3.3320291
29.229546 9.0109129 3.3801634
29.488033 9.0267086 3.3657973
29.732325 9.0266666 3.351275
29.963844 9.1029062 3.3741879
28.724434 9.4899998 3.4925804
28.757153 9.4660902 3.3533678
29.971821 9.4899998 3.3763361
28.740391 9.7199993 3.3457155
28.750902 9.6999998 3.3543234
29.975674 9.7310743 3.3820064
28.718 9.9591608 3.2883432
28.756866 9.9812984 3.4004478
29.964045 9.9843369 3.374922
28.717999 10.232994 3.3428938
28.757999 10.227607 3.4473546
29.984667 10.220647 3.3462315
30.192177 10.238654 3.4024782
30.283728 10.200683 3.3142715
28.72364 10.46241 3.388865
28.757999 10.484005 3.3995175
28.731192 10.7 3.3933845
28.757999 10.73519 3.4030683
28.73074 10.972532 3.3746667
28.757999 10.970885 3.3720937
28.718 11.22261 3.3380375
28.757999 11.20008 3.4452474
28.718 11.467652 3.4763658
28.894585 11.477324 3.3870134
29.228001 11.463286 3.3454411
29.46262 11.474098 3.3414059
29.728065 11.486536 3.3369851
29.978001 11.457457 3.3719671
30.16408 11.45 3.4132986
30.301472 11.489891 3.2950397
-1.9961983 3.4920001 3.5795369
-0.86152053 3.4920001 3.5755792
-2.0529413 3.5251992 3.5270586
-1.8375365 3.5279613 3.5860033
-1.6102744 3.5288301 3.5866666
-1.3622735 3.5236197 3.5776026
-1.0937982 3.517329 3.5896506
-0.69999999 3.6006751 3.5914462
-0.72880077 3.8677266 3.5757947
-0.71418816 4.1705918 3.5565338
-0.72087204 4.3724456 3.5911169
-1.9411416 4.7419996 3.5803225
-0.71594954 4.6539874 3.5929635
-2.0126729 4.7819996 3.5610104
-1.9570045 4.9251761 3.5615718
-0.71333367 4.8411474 3.5547745
-1.9731107 5.1315989 3.5859845
-0.72553712 5.0791044 3.5770619
-1.9594053 5.3602948 3.5592129
-0.71081913 5.3783522 3.5554271
-1.9630765 5.6464562 3.5733333
-0.71709859 5.656148 3.5999999
-1.9183594 5.9196143 3.574491
-1.6473072 5.9419999 3.572643
-1.4233909 5.9583483 3.5645781
-1.1429243 5.9651437 3.5723937
-0.91136718 5.971312 3.5690463
-0.72428519 5.8825212 3.5610421
28.73768 9.0051603 3.5605359
28.855911 9.0774412 3.5690651
29.120262 9.0138388 3.5844035
29.410887 9.0122566 3.5698664
29.635736 9.0173826 3.5761471
29.936357 9.0909243 3.5690081
28.718 9.3312101 3.5877485
28.758001 9.4281187 3.588105
29.976959 9.3783913 3.5661626
28.725664 9.6198044 3.5675554
29.972929 9.6415024 3.5869484
28.730883 9.8697386 3.5642989
28.757973 9.8856573 3.5999999
29.966578 9.8969631 3.5763969
28.718 10.172043 3.5588462
28.757999 10.125225 3.5856483
29.979881 10.157633 3.5815263
30.084669 10.218243 3.51333
28.727108 10.426272 3.5872407
28.757999 10.306426 3.5857325
28.72039 10.577417 3.5599999
28.750317 10.708612 3.5999999
28.73723 10.892177 3.5866666
28.738785 11.108555 3.5999999
28.757999 11.221485 3.5652318
28.732304 11.302941 3.5999999
28.839502 11.455719 3.5886528
29.14299 11.47298 3.5695503
29.420525 11.46533 3.5683382
29.665541 11.460236 3.5719814
29.89591 11.46461 3.5729737
30.044529 11.466984 3.5514975
11.380654 6.1082673 0
11.613463 6.1078858 3.0762602e-17
11.858794 6.1266603 1.1702861e-16
12.119532 6.1317677 1.1436941e-16
12.376642 6.1290483 1.1577395e-16
12.648771 6.1300602 2.2215797e-17
12.894605 6.1403999 6.2603603e-17
13.107154 6.1019731 2.6973377e-17
13.370478 6.1251764 3.1201756e-17
13.62516 6.1313725 2.3510281e-17
13.891901 6.1227627 7.6277972e-18
14.120641 6.121295 0
14.359604 6.1396446 0
14.627709 6.1199598 0
14.857251 6.1378989 0
15.112766 6.1179819 0
15.37204 6.114584 0
15.632512 6.1280975 0
15.886866 6.1574106 0
16.118418 6.1493821 0
16.36842 6.138236 0
16.608097 6.1193089 0
16.856203 6.1038651 0
17.112957 6.141046 0
17.356899 6.1139655 0
17.633505 6.1093526 0
17.857712 6.1138768 0.076741986
18.134176 6.1400342 0.11351845
18.396215 6.1240954 0.10518276
18.632824 6.1115627 0.0022499999
18.900072 6.1075592 0.0022500001
19.154085 6.1304102 0.0024999999
19.366718 6.1277761 0.0012000001
19.628836 6.1202502 0.0012000001
19.881199 6.1649218 0.0015
20.145206 6.134841 0.0015
20.391106 6.0809708 0.0022499999
20.623825 6.1192675 0.0018
20.843489 6.1244507 0.0021428571
21.11544 6.1403103 0.00050000002
21.407825 6.1903205 0.001
21.619944 6.1036325 0.00075000001
21.917959 6.1770854 0.003
22.080715 6.1324329 0.0012000001
22.424145 6.0657549 0.003
22.641712 6.131392 0.0022499999
22.87505 6.1199579 0.00075000001
23.168854 6.1276407 0.0018
23.369455 6.119163 0.00060000003
23.672255 6.118001 0.00075000001
23.903141 6.1251674 0.0015
24.125866 6.1339149 0.00060000003
24.379055 6.1252799 0.0020000001
24.628464 6.1543651 0.0015
24.887377 6.1329556 0.0020000001
25.108921 6.1759977 0.0015
25.385656 6.1564293 0.001
25.632984 6.1037436 0.0015
25.873764 6.0934162 0.0020000001
26.108326 6.1558886 0.0015
26.386822 6.1012545 0.0020000001
26.650486 6.0775228 0.003
26.87509 6.1095476 0.0020000001
27.110023 6.1497846 0.0015
27.366053 6.0901136 0.003
27.677792 6.1145239 0.0015
27.906757 6.1358504 0.0018
28.060621 6.1385012 0.065307871
28.367083 6.1212254 0
-0.36391112 6.3788929 0
-0.098143063 6.3705893 0.044074349
0.048230663 6.4148397 0.05406468
0.34568149 6.3858919 0.001
0.6274761 6.3483143 0
0.861525 6.3648686 0.0022857143
1.1612307 6.3736558 0.00060000003
1.3612448 6.3422523 0.001
1.6136634 6.3817797 0.001
1.798708 6.3703723 0.0015
2.150526 6.4155569 0
2.3802049 6.3516188 0.00075000001
2.6232893 6.3380361 0.0018
2.8198004 6.3463626 0.001
3.1506321 6.3361645 0.0015
3.3609402 6.3803391 0.0017142857
3.6023021 6.3783073 0.0012000001
3.8136849 6.3847604 0.0023333335
4.1180234 6.3461742 0.00075000001
4.3847618 6.413147 0.0015
4.6259122 6.4043498 0.0024000001
4.8976016 6.4015832 0.0015
5.123385 6.4026966 0.0022499999
5.3768549 6.3975291 0.0020000001
5.6242867 6.4262857 0.003
5.866437 6.3484983 0.0015
6.1201997 6.3614802 0.0024999999
6.3731985 6.3817391 0
6.6115704 6.3953295 0.010661297
6.8126664 6.3974352 0
7.1399198 6.3536959 0.00074999995
7.4079313 6.3790674 0.0015
7.6135015 6.400064 0.0024000001
7.8691058 6.3981614 0.0018
8.0884762 6.369967 0.0020000001
8.3713474 6.4186292 0.0020000001
8.5821648 6.3630962 0.0015
8.8681669 6.3704286 0.0015
9.1149197 6.3740392 0.0018
9.3436604 6.4289341 0.003
9.6290941 6.360394 0.099067464
9.8622818 6.3761435 0.071297623
10.117163 6.3706479 0.1260042
10.373842 6.3739357 0
10.616284 6.3629522 0
10.896261 6.4039083 0
11.158276 6.3800426 0
11.395109 6.3425679 0
11.609723 6.3795538 0
11.858971 6.3711343 9.7590795e-17
12.125814 6.3779802 6.8597645e-17
12.361858 6.4117918 1.1723733e-16
12.630476 6.3628659 6.0475214e-17
12.879116 6.3629179 4.985622e-17
13.140225 6.3638105 5.4458891e-17
13.355149 6.4017262 1.601373e-17
13.619301 6.3532052 1.5824112e-17
13.896852 6.3734751 1.1089905e-17
14.140651 6.3852596 0
14.406548 6.4029703 0
14.619759 6.35533 0
14.858331 6.3980551 0
15.136271 6.3853269 0
15.387565 6.38415 0
15.628998 6.4082589 0
15.879273 6.379034 0
16.132883 6.3711243 0
16.360592 6.3609858 0
16.624657 6.3889627 0
16.891605 6.3789015 0
17.123732 6.3560686 0
17.391685 6.3808165 0
17.629946 6.3536577 0
17.86524 6.3653669 0.075785302
18.148787 6.3661923 0.11237901
18.374857 6.3578963 0.093672551
18.648954 6.3903017 0.0015
18.908266 6.3951969 0.0015
19.171902 6.3772707 0.0015
19.378567 6.3956146 0.003
19.632481 6.3722558 0.001
19.795204 6.4120302 0
20.127621 6.3821096 0.0022499999
20.330301 6.3623714 0.003
20.532265 6.3487148 0.0019999999
20.90448 6.2997475 0.003
21.118113 6.3444061 0.003
21.348225 6.3815851 0.00075000001
21.661449 6.3718281 0.0015
21.918077 6.3882599 0.00075000001
22.125107 6.3685589 0.0017142857
22.370657 6.4071102 0.0015
22.653217 6.32867 0.001
22.843351 6.3554659 0.0024000001
23.117697 6.4081964 0.0015
23.415764 6.3722219 0.0015
23.640736 6.3462172 0.003
23.893518 6.4098988 0.0024000001
24.167364 6.414711 0.0022499999
24.372374 6.3492494 0.0020000001
24.631443 6.3698206 0.00075000001
24.85733 6.3850155 0.0015
25.124052 6.3517342 0.0024000001
25.379337 6.3851748 0.0012000001
25.606373 6.3643456 0.00075000001
25.86244 6.3826141 0.001
26.076696 6.3592911 0.0012000001
26.34631 6.2730451 0
-0.69999999 4.2894607 2.1225722
27.214109 4.3733416 2.1290941
-3.5479004 4.7419996 2.0276823
-3.3116074 4.7419996 2.225127
-2.9627042 4.7445374 2.098187
-2.7026484 4.7420001 2.0720956
-2.4400001 4.7488785 2.078052
-1.8716736 4.6285286 2.1085844
-0.70000011 4.6423297 2.1063631
27.234938 4.5174036 2.1229634
27.265059 4.5449429 2.1565831
-3.4252024 4.7696519 2.1066563
-3.217845 4.7808766 2.1484208
-2.98 4.7805934 2.084331
-2.73 4.7763729 2.1529193
-2.4793711 4.7819996 2.1606951
-2.1962674 4.777308 2.1522112
-1.98 4.8730664 2.1069202
-0.70000017 4.9052849 2.1170964
-1.9799999 5.1272564 2.1506767
-0.70000011 5.1282272 2.1245246
-1.9799998 5.3485341 2.1230047
-0.69999999 5.421268 2.1371992
-1.9799999 5.5984802 2.148715
-1.3349156 5.5748277 2.1300182
-0.70000017 5.6235356 2.1326017
-1.9227479 5.9217849 2.1311569
-1.6124982 5.9819999 2.1392841
-1.4028298 5.9819999 2.1248627
-1.1311251 5.9819999 2.1233175
-0.85445362 5.9819999 2.1289604
-0.70098102 5.877821 2.1004195
13.8327 6.9280071 2.098958
13.959771 7.0525913 2.1385186
14.083667 7.1482 2.088954
13.406518 7.3281298 2.0825877
13.555565 7.4432211 2.1124172
14.197043 7.2872038 2.2085762
14.356924 7.4277134 2.0946698
13.654301 7.5943527 2.1256146
13.820392 7.7089548 2.1986079
14.449177 7.5529137 2.1063395
14.581523 7.6534328 2.102366
13.920833 7.8264909 2.0636065
14.044061 7.9468889 2.1715887
14.143456 8.0830975 2.0783789
28.720007 9.117094 2.1290865
28.881699 9 2.1388047
29.114239 9 2.1341772
29.336012 9 2.1401124
29.630234 9 2.1039798
29.921686 9.0568371 2.116091
28.718 9.3742905 2.1503696
29.349722 9.4040775 2.122175
29.997999 9.3717842 2.1306403
28.718 9.6289253 2.1151161
29.997999 9.6441278 2.1343827
28.718 9.8790865 2.1372783
29.997999 9.8756437 2.107851
28.718 10.127147 2.1301289
29.997999 10.103684 2.0893795
30.234114 10.225554 2.0985482
30.478273 10.215207 2.1539383
30.72282 10.213333 2.1293631
30.982763 10.219999 2.1538758
31.237974 10.226419 2.1262512
31.413074 10.217747 2.1202245
31.531231 10.231288 2.0667698
0.72907227 10.465859 2.2009683
0.77358985 10.465205 2.0429559
28.718 10.368543 2.1320498
29.870152 10.373568 2.1072009
0.73364061 10.554952 2.2365384
0.78536522 10.660517 2.116137
28.718 10.642433 2.1122887
29.499754 10.726567 2.1472893
29.633768 10.633438 2.067606
29.892862 10.604987 2
0.749834 10.974315 2.1739943
0.77987635 10.852702 2.1142223
28.718 10.878736 2.1257107
29.246536 10.973851 2.2044494
29.372381 10.882751 2.0698619
29.636816 10.893553 2
29.885963 10.848633 2
0.71314406 11.095287 2.1955519
0.7979694 11.030719 2.0551097
28.718 11.134314 2.1338618
28.972601 11.241402 2.0858784
29.140181 11.119664 2.0694346
29.389151 11.128607 2
29.641005 11.172839 2
29.879765 11.105623 2
28.721798 11.403768 2.1329768
28.883896 11.398698 2.0914438
29.162518 11.388822 2.0254126
29.416397 11.409102 2.0631275
29.621967 11.412595 2.0279522
29.906462 11.417884 2.0349865
30.222275 11.470901 2.1341646
30.474302 11.486261 2.1133928
30.72331 11.463416 2.1249504
30.971333 11.467892 2.1314259
31.231022 11.469999 2.1263142
31.42658 11.473846 2.1310191
31.542292 11.49 2.0091531
-1.6295328 11.842908 2.1082997
-0.87751514 11.858 2.1469951
-0.54000002 11.853376 2.1524527
-0.5 11.840741 2.083292
-1.65 12.729422 2.1237433
-1.6244146 12.756962 2.126225
-1.6366663 13.709792 2.1395516
-0.86206102 13.706325 2.1328077
-0.52230275 13.678 2.0838344
-0.5 13.685231 2.1791639
0.070351757 15 2
0.35175878 15 2
0.63316584 15 2
0.91457283 15 2
1.1256281 15 2
1.3366835 15 2
1.6180904 15 2
1.8994975 15 2
2.1105528 15 2
2.3216081 15 2
2.6030149 15 2
2.8844223 15 2
3.1658292 15 2
3.3768845 15 2
3.5879397 15 2
3.8693466 15 2
4.150754 15 2
4.3618093 15 2
4.5728645 15 2
4.8542714 15 2
5.1356783 15 2
5.4170856 15 2
5.6281409 15 2
5.8391962 15 2
6.1206031 15 2
6.40201 15 2
6.6130652 15 2
6.8241205 15 2
7.1055279 15 2
7.3869343 15 2
7.6683416 15 2
7.8793969 15 2
8.0904522 15 2
8.3718596 15 2
8.6532669 15 2
8.8643217 15 2
9.0753765 15 2
9.3567839 15 2
9.6381912 15 2
9.9195976 15 2
10.130653 15 2
10.341709 15 2
10.623116 15 2
10.904523 15 2
11.115578 15 2
11.326633 15 2
11.60804 15 2
11.889447 15 2
12.170855 15 2
12.381909 15 2
12.592965 15 2
12.874372 15 2
13.155779 15 2
13.366835 15 2
13.577889 15 2
13.859297 15 2
14.140703 15 2
14.422111 15 2
14.633165 15 2
14.844221 15 2
15.125628 15 2
15.407035 15 2
15.618091 15 2
15.829145 15 2
16.110554 15 2
16.39196 15 2
16.673367 15 2
16.884422 15 2
17.095478 15 2
17.376884 15 2
17.658291 15 2
17.869347 15 2
18.080402 15 2
18.361809 15 2
18.643215 15 2
18.924622 15 2
19.135679 15 2
19.346733 15 2
19.628139 15 2
19.909548 15 2
20.120604 15 2
20.331657 15 2
20.613064 15 2
20.894474 15 2
21.17588 15 2
21.386934 15 2
21.59799 15 2
21.879398 15 2
22.160805 15 2
22.371859 15 2
22.582916 15 2
22.864323 15 2
23.145729 15 2
23.427135 15 2
23.638191 15 2
23.849247 15 2
24.130653 15 2
24.41206 15 2
24.623116 15 2
24.834171 15 2
25.115578 15 2
25.396984 15 2
25.678391 15 2
25.889448 15 2
26.100502 15 2
26.381908 15 2
26.663317 15 2
26.874372 15 2
27.085426 15 2
27.366833 15 2
27.648243 15 2
27.859297 15 2
28 15 2
28.492437 1.4030427 2.458467
28.57933 1.3435328 2.3893099
28.856384 1.3599471 2.4138641
29.111984 1.3652785 2.4147935
29.371763 1.3627033 2.4230118
29.596277 1.3551593 2.4027541
28.492437 1.6734903 2.479862
28.590717 1.6241934 2.4000001
28.858782 1.6085439 2.4000001
29.116087 1.6245495 2.4000001
29.38468 1.6165837 2.4000001
29.616829 1.615638 2.4192643
28.492437 1.8717976 2.4456534
28.615925 1.8779546 2.4000001
28.869297 1.8597959 2.4000001
29.155636 1.8959501 2.4000001
29.377413 1.8828311 2.4000001
29.59082 1.8512198 2.4227459
28.492437 2.1260791 2.4478271
28.621954 2.1294477 2.4000001
28.876762 2.1291783 2.4000001
29.141222 2.1380513 2.4000001
29.389473 2.1497028 2.4000001
29.600384 2.1119576 2.4201951
28.493763 2.4048703 2.4070787
28.630169 2.3988109 2.4000001
28.858372 2.37872 2.4000001
29.11104 2.357353 2.4000001
29.365202 2.3692718 2.4000001
29.618263 2.351608 2.398005
28.492437 2.5829175 2.4725559
28.608931 2.638068 2.4000001
28.901197 2.6291449 2.4000001
29.126354 2.6216264 2.4000001
29.406673 2.6322854 2.4000001
29.613104 2.6081433 2.4309185
28.492435 2.8757384 2.455076
28.612679 2.8574815 2.4000001
28.874733 2.881794 2.4000001
29.138767 2.886158 2.4000001
29.388111 2.8644655 2.4000001
29.610968 2.8833704 2.4203615
28.493332 3.1688685 2.4377313
28.492435 3.0386045 2.4533834
28.639267 3.1370637 2.3970888
28.871384 3.1340644 2.3979478
29.109264 3.1477389 2.4218473
29.345236 3.1205688 2.4208314
29.605177 3.1459205 2.4041073
-3.3044415 3.4924238 2.2755592
-3.1528702 3.4941254 2.3988459
-2.7034726 3.4920001 2.3797061
-2.4504688 3.4920001 2.3257716
-1.9538326 3.4929996 2.3553493
-1.7297324 3.4920001 2.4703872
-1.1957715 3.4920001 2.3983223
-0.70479202 3.4928131 2.3841982
-3.2285724 3.5319998 2.3294237
-2.9599962 3.5319996 2.372088
-2.6990595 3.5319998 2.3718071
-2.4583116 3.5319998 2.330055
-2.2082973 3.5261233 2.361645
-1.7121181 3.5304022 2.3146744
-1.4653249 3.5184982 2.360868
-1.21 3.5112579 2.4036176
-0.89590901 3.5959728 2.309442
-0.739999 3.7444038 2.4623737
-1.0757519 3.9190824 2.25
-0.89996523 3.8844876 2.25
-0.72000051 3.7694488 2.3179603
27.329996 3.9088535 2.3629761
-1.357123 4.1713519 2.25
-1.137871 4.1109233 2.25
-0.87372053 4.1052012 2.25
-0.7222805 4.0725932 2.3171186
27.298664 4.1168036 2.3507497
-1.5870117 4.4269381 2.25
-1.3617785 4.3762379 2.25
-1.1053209 4.3573632 2.25
-0.88135338 4.3929791 2.25
-0.72691625 4.3361497 2.3613331
27.318045 4.3657618 2.3963616
-2.96 4.7451744 2.385325
-2.6921759 4.7419996 2.4448533
-2.4695566 4.7419996 2.3463972
-2.190002 4.7422051 2.4856441
-1.8603656 4.6633701 2.3268125
-1.6557615 4.6652718 2.25
-1.3779761 4.603756 2.25
-1.1133977 4.6216087 2.25
-0.87969416 4.6389875 2.25
-0.72576416 4.6370459 2.3703971
27.316004 4.5404572 2.3568046
-3.2521191 4.7683516 2.3278801
-3.1339297 4.7774754 2.4177852
-2.9436524 4.7819996 2.3688209
-2.7149043 4.7722912 2.3190627
-2.4400001 4.7611265 2.339407
-2.210001 4.7728014 2.3688893
-1.9199548 4.828752 2.370266
-1.6343071 4.7719998 2.3857796
-1.3723236 4.7719998 2.3478289
-1.1129844 4.7703967 2.3515568
-0.88101828 4.7719994 2.3859482
-0.70000017 4.8833466 2.376651
-1.9523222 5.1190238 2.4233224
-0.70000017 5.105545 2.3939624
-1.9711946 5.3741636 2.3899639
-1.3228379 5.4992428 2.3988202
-1.1915469 5.3165665 2.4999998
-0.69999999 5.3372736 2.3689477
-1.9459537 5.6482849 2.4374888
-1.3446032 5.5809765 2.3745034
-1.2238653 5.5328074 2.4999998
-0.69999999 5.6132445 2.3725889
-1.9216037 5.9132414 2.3815553
-1.6341937 5.9819999 2.3706641
-1.3597417 5.9820004 2.3657837
-1.1239616 5.9819999 2.3514709
-0.87837178 5.9806495 2.3845534
-0.70331687 5.8794823 2.367347
13.380861 6.8825245 2.4640183
13.916589 6.959269 2.2988973
13.463284 7.068007 2.4894581
13.610835 7.1064477 2.4724798
13.94374 7.0366626 2.3800828
14.102716 7.1575918 2.3949695
14.312546 7.2047191 2.4148154
13.467854 7.4135284 2.3131537
13.54651 7.4658241 2.4128311
14.20812 7.3190804 2.3747303
14.334512 7.3960032 2.376096
13.671576 7.6170716 2.3929288
13.802278 7.683569 2.3926921
14.238071 7.5454783 2.4872649
14.409168 7.5363569 2.449146
14.53896 7.5766726 2.2985394
13.653883 7.8503022 2.4677596
13.900256 7.8453431 2.3799305
14.398033 7.8967619 2.4787045
14.577966 7.9672432 2.4768777
14.07613 8.0186462 2.3247056
14.479118 8.0922556 2.4889307
14.642313 8.114563 2.4511552
28.718 9.1224241 2.4046867
28.879728 9.0359421 2.3834801
29.134033 9 2.3780286
29.366629 9 2.3401754
29.586807 9 2.383954
29.926813 9.0573282 2.3465796
28.718 9.4211855 2.3907764
29.35741 9.4072151 2.3741443
29.997999 9.3854351 2.3804045
28.718 9.6497879 2.3877316
29.487852 9.5792227 2.4999998
29.997999 9.6038818 2.3744466
28.718 9.851613 2.3897331
29.997999 9.8800602 2.3904107
28.718 10.088074 2.3798971
28.862251 10.206245 2.3808837
29.153708 10.21 2.3600543
29.393744 10.21 2.3481886
29.597826 10.211861 2.3671644
29.929296 10.172685 2.3674791
30.221333 10.219172 2.3549037
30.463066 10.20701 2.354979
30.734097 10.219612 2.346035
30.979101 10.217241 2.3783939
31.161472 10.221437 2.3909738
31.31743 10.225106 2.2805696
0.68012989 10.44994 2.3545194
28.723516 10.470297 2.3780785
28.870735 10.36595 2.25
29.131281 10.383074 2.25
29.404755 10.42141 2.25
29.620817 10.358935 2.25
29.824739 10.326406 2.25
0.68917245 10.628005 2.3893504
28.72509 10.641208 2.3033042
28.849054 10.647496 2.2739022
29.136856 10.646687 2.25
29.356531 10.627377 2.25
29.578045 10.578909 2.25
0.70887011 10.889831 2.3410001
28.733444 10.95 2.3777156
28.906763 10.878531 2.25
29.114414 10.887762 2.25
29.385248 10.801285 2.25
0.67198193 11.087033 2.3779979
28.727779 11.205828 2.3729105
28.89669 11.146106 2.25
29.090792 11.082793 2.25
28.737709 11.423063 2.3501656
28.892513 11.405553 2.3177934
29.218624 11.46011 2.3651183
29.4893 11.49 2.4141903
29.725353 11.476666 2.352854
29.997999 11.483493 2.3421412
30.226891 11.476666 2.3822367
30.467833 11.469926 2.3716722
30.709019 11.476154 2.4009392
30.984032 11.456196 2.393162
31.172884 11.47033 2.369916
31.287203 11.468306 2.3107972
-1.6005955 11.885935 2.4060285
-1.3674873 11.876261 2.424732
-1.1181819 11.85719 2.4275873
-0.87005484 11.871944 2.4018266
-0.61167556 11.871456 2.3881402
-0.49243653 11.934044 2.4580426
-1.6037798 12.132605 2.4142127
-1.3945976 12.125969 2.4000001
-1.1290447 12.101503 2.4000001
-0.8918587 12.117962 2.4000001
-0.63801676 12.150774 2.4000001
-0.49243653 12.11512 2.4515502
-1.6135966 12.367246 2.4211712
-1.3910464 12.407827 2.4000001
-1.1341423 12.362082 2.4000001
-0.86481428 12.396555 2.4000001
-0.61054611 12.367251 2.4000001
-0.49243653 12.383594 2.4606676
-1.6219121 12.628329 2.4189265
-1.3600169 12.627881 2.4000001
-1.1009735 12.602061 2.4000001
-0.88478339 12.625959 2.4000001
-0.65553766 12.62604 2.4000001
-0.49243677 12.649329 2.4428825
-1.6041645 12.858521 2.4131703
-1.3873129 12.872536 2.4000001
-1.1219877 12.87651 2.4000001
-0.86708188 12.86519 2.4000001
-0.63221806 12.886672 2.4000001
-0.49243718 12.914913 2.4329855
-1.6192189 13.113447 2.422395
-1.3704245 13.147334 2.4000001
-1.0938092 13.123339 2.4000001
-0.85370642 13.11327 2.4000001
-0.63031685 13.133808 2.4000001
-0.49243701 13.190008 2.4552221
-1.5808536 13.371888 2.4129066
-1.366532 13.409675 2.4000001
-1.1132386 13.377093 2.4000001
-0.88686872 13.367855 2.4000001
-0.65770328 13.371467 2.4000001
-0.49484766 13.395164 2.4374325
-1.6015207 13.637156 2.4183471
-1.373911 13.637486 2.4112377
-1.1235336 13.64601 2.4163773
-0.87894261 13.65597 2.3961108
-0.62037688 13.646303 2.3956213
-0.49243653 13.579667 2.4097614
-0.49243554 13.638592 2.493582
28.633675 1.3856825 2.5441403
28.891514 1.3863282 2.5494711
29.123659 1.3707945 2.5490389
29.419682 1.3880163 2.5493562
29.586817 1.4029286 2.5447459
28.492435 1.672877 2.524286
28.629343 1.603837 2.55
28.86467 1.6207492 2.55
29.135141 1.6249198 2.55
29.367149 1.6384207 2.55
29.594852 1.6517302 2.5443518
28.494051 1.8776695 2.5499997
28.616449 1.8768237 2.55
28.890488 1.8838037 2.55
29.134024 1.8841393 2.55
29.393589 1.887373 2.55
29.593225 1.9212358 2.5436347
28.492437 2.229296 2.5442898
28.636673 2.138974 2.55
28.866606 2.1336794 2.55
29.142588 2.1355052 2.55
29.388384 2.1504915 2.55
29.608942 2.1538217 2.5461357
28.492437 2.3683949 2.5062304
28.653025 2.3585873 2.55
28.890823 2.3901899 2.55
29.108263 2.3870456 2.55
29.395737 2.3977916 2.55
29.586926 2.3458893 2.5455015
28.492437 2.677582 2.5401487
28.625315 2.5909545 2.55
28.877577 2.6363888 2.55
29.131819 2.6085901 2.55
29.388617 2.6211166 2.55
29.589815 2.6104984 2.5495405
28.492437 2.8685772 2.5419598
28.653997 2.8780217 2.55
28.885258 2.8645883 2.55
29.099504 2.8711624 2.55
29.372131 2.8716185 2.55
29.602261 2.8825536 2.5477421
28.623167 3.107254 2.5450418
28.862514 3.1090446 2.55
29.137987 3.1205764 2.55
29.371241 3.1019683 2.5477655
29.581945 3.1169899 2.5410779
-2.9700859 3.4920001 2.5009604
-2.7093692 3.4927826 2.6710911
-2.2097294 3.4920001 2.644166
-1.6992109 3.4920003 2.6529191
-1.4781797 3.4919999 2.5569775
-1.2215215 3.4920001 2.7444119
-0.96897316 3.4937289 2.6607661
-0.74095994 3.4923561 2.6425288
-3.0425158 3.530499 2.5374839
-2.8896894 3.5178397 2.6620269
-2.6900001 3.5082843 2.5463545
-2.4602461 3.5219057 2.6147881
-2.23 3.5222659 2.6217833
-1.9450841 3.5229089 2.6080322
-1.7048848 3.5319996 2.5482645
-1.4622169 3.5307078 2.6724129
-1.1900001 3.5203276 2.625351
-0.94046092 3.53162 2.5871019
-0.70867223 3.6019998 2.5971234
-0.73578322 3.8369014 2.7066245
27.386927 3.9303119 2.6053996
-0.71899021 4.0745373 2.5877697
27.387791 4.1023927 2.6437185
-0.72229075 4.3846512 2.6514301
27.389217 4.3435612 2.6506763
-2.9134181 4.7441463 2.595799
-1.9736445 4.7419996 2.5678234
-0.74000001 4.5140967 2.5797079
27.397316 4.530025 2.6423221
-3.0164804 4.7690139 2.5635197
-2.8622539 4.7676849 2.7177474
-2.7140963 4.7678432 2.6301126
-2.4666667 4.7613783 2.6261787
-2.2058496 4.7777605 2.6094451
-1.8873706 4.8852224 2.5586503
-1.6129851 4.8841138 2.5
-1.3673081 4.8986177 2.5
-1.138153 4.9191561 2.5
-0.86568469 4.8898964 2.5
-0.711573 4.8281717 2.6397707
-1.9110018 5.1621084 2.5782981
-1.6436616 5.1333904 2.5
-1.4148895 5.141674 2.5
-1.1389769 5.1573024 2.5
-0.89794195 5.1295257 2.5
-0.70105004 5.1312013 2.6247017
-1.8895826 5.3774652 2.5455163
-1.6177684 5.3868985 2.5
-1.3735979 5.3850627 2.5
-1.083266 5.3734074 2.5
-0.89322013 5.3995905 2.5
-0.70885807 5.3332782 2.5685694
-1.8973633 5.5725365 2.560504
-1.6437129 5.6262703 2.5
-1.4199729 5.6592417 2.5
-1.1103017 5.6313758 2.5
-0.85852194 5.6541615 2.5
-0.73418897 5.6175184 2.5872803
-1.9218686 5.8454103 2.5854042
-1.6338184 5.9015732 2.5278809
-1.4052538 5.8914728 2.5506918
-1.1630675 5.8980336 2.5479281
-0.91614103 5.8961811 2.5467584
-0.72274745 5.893538 2.6290426
13.662416 6.7027283 2.6992764
13.396343 6.913054 2.6020091
13.584641 6.8997002 2.6157737
13.826385 6.8998852 2.6424389
13.20619 7.155406 2.7246659
13.377086 7.1495852 2.6444778
13.630724 7.1417255 2.6310248
13.862901 7.1237888 2.6133103
14.106107 7.1299543 2.6193602
14.320354 7.1518965 2.5939512
13.44355 7.3701892 2.6184402
13.635998 7.3713179 2.6377313
13.885137 7.3719978 2.6634254
14.151764 7.3880739 2.6842766
14.360637 7.3614297 2.6104643
13.649299 7.5976825 2.6364334
13.872405 7.6086631 2.6690822
14.126769 7.6549606 2.7006528
14.372362 7.6108022 2.6340835
14.597496 7.6615171 2.646848
13.674025 7.8192573 2.6033497
13.871927 7.8533802 2.6311407
14.130991 7.8687544 2.6159666
14.369671 7.8708272 2.637614
14.593452 7.9305215 2.630811
14.797346 7.8394966 2.6715736
14.156258 8.0789995 2.6531384
14.379388 8.1264887 2.6316233
14.612509 8.1096735 2.6029439
14.354883 8.3052101 2.6769516
28.726336 9.1186314 2.5939934
28.869326 9.0829515 2.5795741
29.159481 9.0985422 2.5446525
29.405704 9.09583 2.526057
29.655979 9.1043911 2.5479052
29.919935 9.1357164 2.5566216
28.728138 9.4688101 2.643939
28.86809 9.3368168 2.5
29.131023 9.3990831 2.5
29.436176 9.3448038 2.5
29.6182 9.3716707 2.5
29.903357 9.4177647 2.5490804
28.727409 9.7368431 2.5971677
28.87166 9.620533 2.5273046
29.110996 9.6397915 2.5
29.353302 9.6036434 2.5
29.630056 9.6152143 2.5
29.914581 9.6586227 2.5251856
28.718 9.9504566 2.5289841
28.854839 9.9014416 2.53931
29.110064 9.878355 2.5
29.372417 9.8999767 2.5
29.622282 9.8549757 2.5
29.88089 9.9084187 2.5325143
28.727381 10.197911 2.5710194
28.852774 10.095741 2.5607147
29.144432 10.113641 2.5
29.378281 10.116801 2.5
29.649746 10.08581 2.5
29.920523 10.159675 2.5601256
30.233915 10.200636 2.5918519
30.483875 10.2 2.612175
30.720982 10.232771 2.6490455
30.884655 10.219999 2.6860323
31.006266 10.236888 2.5917349
0.60610712 10.444412 2.6057651
28.719463 10.453774 2.6598454
28.757999 10.465086 2.6598921
0.61667991 10.631861 2.6393564
28.722124 10.739402 2.5883293
0.61761558 10.877167 2.6202428
28.723652 10.969999 2.6665523
28.752155 10.99 2.5213079
0.61102903 11.069448 2.6230357
28.753666 11.24 2.6344028
28.717999 11.487345 2.5665088
28.91824 11.479332 2.6570709
29.223936 11.481425 2.6420531
29.485592 11.469999 2.6163564
29.721333 11.465288 2.6332283
29.975317 11.470719 2.6250989
30.22661 11.483976 2.6358435
30.48163 11.459034 2.6458097
30.747673 11.468224 2.6287756
30.928572 11.47241 2.6225355
31.061453 11.477851 2.5365467
-1.5745721 11.885691 2.5387776
-1.3604629 11.891572 2.5498002
-1.1307266 11.910662 2.5499303
-0.90495527 11.890565 2.5494573
-0.66754168 11.890181 2.5463407
