# .PCD v0.7 - Point Cloud Data file format
VERSION 0.7
FIELDS x y z
SIZE 4 4 4
TYPE F F F
COUNT 1 1 1
WIDTH 6824
HEIGHT 1
VIEWPOINT 0 0 0 1 0 0 0
POINTS 6824
DATA ascii
0.97308332 0.93364215 -0.13228187
1.0657078 0.91833931 -0.15059903
5.3780789 5.4002547 0.12691818
5.5660892 5.3846397 0.13132627
6.2148213 5.3388214 0.12410714
6.3219714 5.3872399 0.1271057
8.6882496 5.3207002 0.173425
8.8045454 5.3870568 0.11105682
18.937983 5.3752141 0.14948215
3.870183 -2.7701333 -0.33800486
4.1148343 -2.7625327 -0.33780906
4.7220001 -4.3410001 -1.04
4.9145684 -4.4220381 -1.026541
10.8815 -4.2782779 -1.0237778
4.6684999 -4.1230001 -1.013
4.9344311 -4.1346235 -1.0635774
10.43576 -4.0550399 -1.04856
10.668536 -4.1473927 -1.0478214
10.869915 -4.1151471 -1.0272868
4.2127142 -3.7718928 -1.0049286
4.2965002 -3.7623889 -1.0148889
4.6365004 -3.993 -1.0985
4.9416027 -3.9389231 -1.0317435
10.163 -3.9182501 -1.0555
10.405348 -3.8804348 -1.0599999
10.624714 -3.9192286 -1.0611714
10.873556 -3.8861451 -1.0288306
4.1825557 -3.6924446 -1.0143334
1.0590713 0.91400588 -0.14771387
18.93899 5.3720984 0.13601825
4.5591292 5.6273117 0.12216398
4.9442501 5.6086073 0.12817857
5.0321145 5.6204743 0.12724571
4.1002131 -2.7643759 -0.34612045
4.3357458 -2.8233051 -0.39899153
4.6163454 -2.8251905 -0.36997619
4.1831999 -3.7132001 -1.0089333
4.3093333 -3.7265 -1.0259583
4.5535002 -3.6984999 -1.073
9.9230003 -3.6009998 -1.058
10.217 -3.7479999 -1.063
10.883302 -3.6504285 -1.0217619
3.98 -3.2709999 -1.0485001
4.1243834 -3.4236712 -1.0369041
4.2810001 -3.46 -1.1210001
8.3231249 -3.26775 -1.082625
8.5748568 -3.3389285 -1.0767857
8.8856668 -3.3188889 -1.0711666
9.1057062 -3.3312941 -1.0701176
9.3548889 -3.405 -1.0706667
10.900593 -3.4014814 -1.0144074
3.727 -3.0785 -1.0285
3.8714707 -3.1318765 -1.0613706
4.0203333 -3.2279999 -1.0513333
4.4902501 -3.0097501 -1.1025
4.64113 -3.041714 -1.0760896
7.9283381 -3.0593803 -1.0953803
8.1072092 -3.0938604 -1.0901628
8.3687191 -3.1441875 -1.0809063
8.5791426 -3.1674285 -1.0771428
1.0470479 0.91204393 -0.12970996
18.94059 5.6254935 0.14545313
3.6556106 5.9108586 0.11809983
3.8699417 5.9469905 0.12568933
4.6116691 -2.839745 -0.35901561
8.5511332 -3.1730001 -1.0760666
8.8651819 -3.2326365 -1.0705454
10.899445 -3.1875556 -1.0067778
3.4890001 -2.9043999 -1.0028
3.5256667 -2.9208333 -1.0113333
3.8620796 -2.8681529 -1.0632006
4.1097255 -2.825568 -1.0798017
4.456264 -2.881783 -1.1585472
4.6257524 -2.852921 -1.0898368
1.0697119 0.91992188 -0.16346778
3.8601801 5.945158 0.12754412
4.049068 5.9865713 0.16606803
4.2876668 5.9853811 0.1777619
4.55724 5.8823323 0.1273925
5.03125 5.7519999 0.11725
18.938461 5.830689 0.13803889
4.6124082 -2.8390756 -0.37085745
10.9478 -2.8346 -0.26730001
11.680235 -2.8711176 -0.30129412
11.940038 -2.9087238 -0.28395239
12.120288 -2.8944931 -0.2910822
12.361172 -2.8477213 -0.29782787
12.651988 -2.8505678 -0.28037038
12.915963 -2.8255556 -0.27512962
13.007 -2.8410001 -0.257
3.924159 -2.7491817 -0.33675
4.6305785 -2.8547165 -1.0843103
6.6329999 -2.7623334 -1.1186666
6.9274735 -2.8172369 -1.1154736
7.10114 -2.7905376 -1.1155914
7.3672538 -2.7985239 -1.1132698
7.6407309 -2.8523269 -1.1072692
7.9183245 -2.9468648 -1.0994865
8.0574446 -2.9601777 -1.0948222
8.2580004 -2.9990001 -1.085
11.7352 -2.7620001 -1.0252
4.2064853 -2.6713383 -1.1611764
4.3422666 -2.6119165 -1.1643167
1.065917 0.91608888 -0.1508916
18.940298 5.8372974 0.12851351
3.9846666 6.0023332 0.017333332
4.1604681 6.0249777 0.11260445
4.2778001 6.0247202 0.112856
4.5596538 6.0123844 0.10753846
5.1705613 7.134151 0.12537409
5.3442111 7.1845422 0.11047887
26.683001 8.4200706 0.10333803
5.1742001 8.67132 0.1064
26.625166 8.6114635 0.10341237
3.9262812 -2.7492499 -0.33578125
4.1806297 -2.7466524 -0.32956395
4.2657666 -2.7442417 -0.32984999
4.6198096 -2.6071482 -0.36786774
4.3253112 -2.6168444 -1.1655667
4.6328435 -2.6089597 -1.089748
6.1370001 -2.5669999 -1.074
6.4769788 -2.6298935 -1.1297872
6.601625 -2.6182153 -1.1252847
1.0659541 0.91689748 -0.14668164
26.628075 8.609025 0.097475
5.1619997 8.79175 0.13425
26.6138 8.7721195 0.12332
26.697674 9.4189615 0.089692309
7.7065001 13.4895 0.1225
7.7248635 13.553652 0.13413636
7.8487301 13.559717 0.12071053
8.0873909 13.559413 0.12871739
10.959 -4.5933523 0.37506819
11.120834 -4.5913224 0.37594312
11.376064 -4.5930099 0.37789553
11.620161 -4.5930729 0.38021168
4.6188006 -2.606205 -0.36976466
6.6009493 -2.6294303 -1.125
6.8876867 -2.6120121 -1.126747
7.1435966 -2.678524 -1.1177771
7.3658161 -2.7102449 -1.1132857
11.475 -2.5395 -1.044
11.691625 -2.647975 -1.0325625
11.8695 -2.5906191 -1.0360239
12.15266 -2.6183395 -1.0218679
12.355842 -2.5563159 -1.0177368
12.578269 -2.5604615 -1.0213077
4.375917 -2.374356 -1.1625415
4.6167455 -2.3461092 -1.0826591
11.626208 -4.5930419 0.3659375
11.87187 -4.5931826 0.37735575
12.12831 -4.5936751 0.376845
12.375503 -4.5947814 0.37728414
12.616516 -4.5939054 0.3694737
12.86558 -4.5927539 0.37382564
1.0671345 0.92185169 -0.16511035
1.2622499 0.96825004 -0.243875
15.450541 0.77637649 -0.15789412
16.979221 0.98783332 -0.1885
17.090837 0.92811799 -0.1379045
17.324579 0.86844003 -0.041620001
0.98324764 1.0547523 -0.16408572
4.6238999 -2.6052001 -0.36251667
11.721 -2.553 -0.36899999
11.952154 -2.5923076 -0.35430768
12.143026 -2.6194806 -0.35010388
12.375179 -2.625077 -0.32551283
12.64701 -2.5857501 -0.32475001
12.862357 -2.6260109 -0.28191891
13.012428 -2.5074286 -0.26842856
4.595242 -2.3265138 -0.37559333
4.6202636 -2.3385782 -1.0775524
4.8240466 -2.2595 -1.0729133
5.1430869 -2.3274913 -1.0696306
5.2928748 -2.3343251 -1.0408
5.8309999 -2.438 -1.023
6.4850001 -2.3610001 -1.128
12.8798 -4.5953331 0.38586667
13.117744 -4.5923862 0.36731163
13.368052 -4.5932379 0.36487302
13.614803 -4.5978312 0.35437641
13.871576 -4.6002035 0.33743504
14.065763 -4.5611796 0.33460194
14.295195 -4.5545835 0.43450001
2.6577499 -4.474875 0.35325
0.98180497 1.0594803 -0.15750656
1.0438279 1.0874659 -0.20641246
4.598206 -2.3318779 -0.37065527
6.476059 -2.4032941 -1.1263529
6.6037345 -2.4433539 -1.1275399
6.8070002 -2.4920001 -1.128
11.20675 -2.2757502 -1.0485001
11.39502 -2.3609231 -1.0447885
11.672463 -2.3817561 -1.0350487
11.855774 -2.368242 -1.0287741
12.057944 -2.4272778 -1.0299444
12.393238 -2.4145238 -1.0122381
12.557285 -2.4778571 -1.0192143
12.771667 -2.4636667 -1.0186666
4.4489241 -2.1312575 -1.1600076
4.6425734 -2.1370502 -1.1428201
4.9159446 -2.0983224 -1.0989968
2.6762867 -4.4745221 0.33654776
2.8962605 -4.466486 0.36184368
1.0482861 1.0900508 -0.20725
4.6012158 -2.3254001 -0.36444688
4.8206868 -2.2753766 -0.36987665
5.121151 -2.340203 -0.36563861
4.9149623 -2.0921459 -1.0962125
5.0621667 -2.1956818 -1.0902121
5.9710002 -2.158 -1.016
11.179125 -2.171875 -1.04875
11.43 -2.1182308 -1.0596461
11.62426 -2.1285715 -1.0414935
11.790785 -2.1215696 -1.0186583
4.4854002 -1.9903001 -1.1557
4.6371765 -1.8872689 -1.1603488
4.9339828 -1.8774095 -1.0812845
2.8869348 -4.4669566 0.37156522
3.1437809 -4.4638324 0.37498364
3.3647609 -4.469337 0.36486956
1.0526285 1.0926914 -0.20618285
1.415392 1.1563256 -0.22593687
1.5457116 1.1747682 -0.23254196
5.1275721 -2.3410077 -0.36493385
5.3683476 -2.3402483 -0.36280504
5.6238322 -2.3314123 -0.38812977
4.9320478 -1.8765405 -1.0834889
5.1016717 -1.7717874 -1.0587729
5.4058852 -1.801834 -1.0552639
11.4351 -1.9040999 -1.08205
3.3590491 -4.4688134 0.35716394
3.6142209 -4.4679608 0.38065368
1.5452721 1.1783576 -0.23236077
16.925787 1.1066928 -0.15672891
17.082251 1.1555834 -0.098300003
5.6241198 -2.3310223 -0.38812813
5.7918749 -2.4072084 -0.39445832
12.415667 -2.4706666 -0.34333333
12.66455 -2.4423499 -0.35387501
12.885356 -2.4488001 -0.31728888
13.015158 -2.4545 -0.27060527
16.413 -2.2870555 -0.2678889
16.649902 -2.2984192 -0.33790323
16.851625 -2.3001876 -0.35753125
17.10029 -2.312387 -0.33616129
17.375473 -2.3176053 -0.3335
17.629717 -2.3207548 -0.38839623
17.862129 -2.3228462 -0.37802565
18.114 -2.3228781 -0.34919512
18.377413 -2.3229783 -0.37915218
18.588215 -2.3235357 -0.39442858
18.900541 -2.33675 -0.382375
19.070236 -2.2985618 -0.3882809
11.438631 -1.8959473 -1.0790527
11.595 -1.8662778 -1.0756747
11.81286 -1.8947722 -1.0193671
14.96 -1.9035001 -1.0035
4.6719999 -1.6239923 -1.1545191
4.8467946 -1.6534889 -1.1429445
5.1339345 -1.6083778 -1.1091602
3.6400709 -4.4673009 0.37604347
3.8564999 -4.46804 0.40075332
17.058207 1.1755862 -0.11889655
17.328094 1.0954286 -0.03757143
17.504 1.061 -0.039999999
1.2064918 1.3004426 -0.21719672
1.3267964 1.4422754 -0.22671457
17.134371 1.3446438 -0.1520137
17.30121 1.44963 -0.1077
17.575251 1.4497499 -0.06425
1.3187273 1.5109091 -0.24209091
19.069721 -2.305372 -0.38616279
5.4631438 -2.0752239 -0.27076
5.5468674 -2.0564818 -0.28897589
11.80204 -2.0875025 -0.30413434
12.025 -2.2349999 -0.34599999
14.904885 -2.0298572 -0.44119999
15.093857 -2.0447857 -0.44035715
15.3138 -2.0796001 -0.39559999
16.113001 -2.1303334 -0.46199998
16.370998 -2.178 -0.37650001
16.689499 -2.1688333 -0.44949999
16.801466 -2.1287999 -0.46733332
19.070427 -2.122756 -0.38927743
5.4506001 -1.7646 -0.2658
5.6411648 -1.8964367 -0.30310127
3.8701429 -4.4694881 0.38661411
4.1084785 -4.4786081 0.38374433
5.1336956 -1.6097826 -1.1117392
5.3253565 -1.698766 -1.0665638
9.6894999 -1.5090001 -1.0580001
9.9071541 -1.5143846 -1.0501539
10.174889 -1.5402222 -1.049
10.362223 -1.5651112 -1.0521111
10.617778 -1.5523334 -1.0537778
10.885324 -1.5984118 -1.0590295
11.061143 -1.6401905 -1.053238
11.370539 -1.6315 -1.0543846
11.645679 -1.6596191 -1.0345
11.8725 -1.6063334 -1.0307592
12.08746 -1.58892 -1.02692
12.400764 -1.5517647 -1.0145882
12.654056 -1.5828888 -1.0096111
12.903 -1.590625 -1.00855
13.026999 -1.5866667 -1.0053333
13.514 -1.744 -1.006
14.987499 -1.5120001 -1.0105
15.065 -1.502 -1.008
15.443333 -1.6059999 -1.0090001
15.5455 -1.523 -1.0365
16.041 -1.642 -1.0089999
4.7251601 -1.47464 -1.15056
4.847466 -1.3698676 -1.1479914
5.1674647 -1.4140517 -1.0835097
1.3212917 1.5110834 -0.2375
17.400934 1.5952635 -0.14840794
17.534393 1.7192025 -0.14807595
19.0502 1.7086 -0.031000001
17.614389 1.8014444 -0.15726984
18.94425 1.9200001 -0.096749999
19.047058 1.9461143 -0.091571428
18.075001 2.0139999 -0.236
18.454666 2.1010001 -0.17833333
18.654778 2.1293333 -0.20188889
18.945721 2.1611199 -0.17464
19.053225 2.1212268 -0.14206709
18.342751 2.3977501 -0.10575
18.66 2.4472499 -0.12674999
18.930153 2.4514229 -0.13026923
19.048553 2.3687646 -0.1498
5.6461611 -1.8922275 -0.30618483
5.7851453 -1.7771612 -0.32151613
11.742091 -1.8100364 -0.45583636
11.768238 -1.8806542 -0.3527489
16.943853 -1.8202083 -0.48175001
17.034 -1.816 -0.47466668
19.06797 -1.8770148 -0.386125
4.1078267 -4.4769845 0.37031773
4.4055324 -4.4808612 0.37931508
5.1617551 -1.4158188 -1.0866917
5.3330798 -1.3206308 -1.0717138
8.3981142 -1.28 -1.0847714
8.6626472 -1.2997353 -1.0750588
8.8484917 -1.3154068 -1.0737457
9.0612087 -1.32725 -1.068125
9.4354134 -1.3695467 -1.0642934
9.6148081 -1.3579787 -1.0597447
19.047094 2.3687501 -0.15292187
18.411333 2.6706667 -0.14366667
18.9732 2.5857501 -0.115
19.046789 2.6270325 -0.15200652
18.469 2.7565 -0.171
18.514 2.7709999 -0.17399999
18.946432 2.816 -0.14823529
19.049644 2.876261 -0.14447458
19.059685 3.1284606 -0.1520337
4.404943 -4.4808817 0.38005263
4.6127143 -4.4851904 0.37485918
4.8638277 -4.4351726 0.35868967
19.068047 -1.8700173 -0.39210406
5.2442222 -1.6714444 -0.28122222
5.2875495 -1.6643132 -0.26863736
5.6753373 -1.6730508 -0.33647761
5.8152952 -1.5973384 -0.32912615
9.5383997 -1.3138 -1.0616
9.894639 -1.3958675 -1.0555421
10.103943 -1.3722159 -1.0494887
10.363116 -1.3812093 -1.0441163
10.620755 -1.3823265 -1.0442653
10.859333 -1.3671795 -1.0380256
11.112343 -1.3654 -1.0345428
11.393586 -1.3593448 -1.0337931
11.631844 -1.3590312 -1.0313437
11.870796 -1.3705932 -1.0273221
12.111804 -1.3834313 -1.023098
12.397291 -1.3471251 -1.0097916
12.615028 -1.3879429 -1.0114
12.904395 -1.393579 -1.0085527
13.047704 -1.3488148 -1.0065185
14.444 -1.3099999 -1.01
14.670773 -1.3382273 -1.0140001
14.870913 -1.3730434 -1.0126957
15.059067 -1.4194 -1.0082667
15.453 -1.4266 -1.0152
15.5215 -1.46 -1.057
4.7220001 -1.155 -1.1210001
4.8662214 -1.1290354 -1.1413186
5.4823999 -1.2304 -1.0438
5.5935693 -1.1610308 -1.0376769
6.7189999 -1.044 -1.095
6.9068613 -1.0362 -1.1105385
7.1449566 -1.0559275 -1.1123478
19.058849 3.1252916 -0.14071254
19.059214 3.373225 -0.14231306
17.730135 3.6807027 -0.19224325
17.919893 3.6568265 -0.1303843
18.125622 3.5974865 -0.14537838
18.372644 3.6116779 -0.14045763
18.587488 3.6257317 -0.13129269
18.890249 3.6651249 -0.133
19.064917 3.5967917 -0.14208333
4.8973975 -4.4155207 0.37252441
5.8170466 -1.6029044 -0.33640262
6.0827417 -1.5688516 -0.37798709
11.738 -1.7299038 -0.46407694
11.867146 -1.7076722 -0.38058507
12.078167 -1.6774048 -0.37123808
7.1058888 -1.0558889 -1.1096667
7.282228 -1.0678421 -1.1086842
7.6237197 -1.0901923 -1.0983187
7.8884153 -1.1116831 -1.092007
8.0655451 -1.1221011 -1.0898989
8.4212914 -1.1306202 -1.0832025
8.607872 -1.1242127 -1.076383
8.8672972 -1.1263924 -1.0742025
9.1149111 -1.1235111 -1.0677778
9.4492855 -1.1374694 -1.0647551
9.6003075 -1.1169231 -1.0606538
19.064051 3.5957711 -0.14307204
17.684393 3.8821065 -0.13986686
17.890366 3.783061 -0.12558536
12.197666 4.2480001 -0.10833333
17.686098 4.0290489 -0.14953658
17.88702 4.1703711 -0.14055671
11.979944 4.4813609 -0.11827778
12.128547 4.3608112 -0.13369812
4.8950539 -4.4151425 0.37399051
14.07485 -4.374855 0.30843699
14.298059 -4.3772326 0.43205813
4.9269838 -4.1149516 0.38173494
12.076829 -1.6774477 -0.38291427
15.670834 -1.5628333 -0.4955
16.978701 -1.7193999 -0.47729999
17.096323 -1.6610323 -0.48077419
17.350666 -1.5615417 -0.47391668
17.590334 -1.6356666 -0.48333332
19.067743 -1.6969339 -0.37996325
5.445509 -1.2653685 -0.27580702
5.5944624 -1.3716 -0.26462501
5.8655925 -1.421142 -0.43659258
6.0858793 -1.4779638 -0.42004821
15.67781 -1.4098096 -0.49423811
17.154051 -1.4671667 -0.41281667
17.287001 -1.4952222 -0.43722221
5.4355607 -1.2205478 -0.27808279
9.8853168 -1.1298833 -1.0583333
10.130626 -1.1268348 -1.0492088
10.409528 -1.1323888 -1.0419167
10.661628 -1.1305814 -1.0441163
10.8254 -1.1080667 -1.0398667
11.144091 -1.12075 -1.0334318
11.392906 -1.1251875 -1.0331875
11.615875 -1.1093333 -1.0310833
11.879078 -1.1222597 -1.0236753
12.110956 -1.1409782 -1.0135
12.416 -1.163 -1.0071818
12.61984 -1.16704 -1.00872
12.901615 -1.1566154 -1.0112308
13.095966 -1.1602 -1.0074333
14.62 -1.247 -1.0025001
4.6730003 -0.9795 -1.0915
4.8745813 -0.95306975 -1.1363256
5.0250001 -0.75199997 -1.132
5.3731599 -0.77664 -1.12688
5.5863719 -0.871907 -1.1324884
5.8959241 -0.82251513 -1.119606
6.1051335 -0.78306669 -1.1172
6.3725796 -0.78313041 -1.1134493
6.6069894 -0.83534044 -1.1149468
6.9345078 -0.8775714 -1.1080953
4.9281545 -4.1263776 0.37867889
14.070666 -4.1444001 0.30313334
12.135978 4.3510113 -0.12757778
12.400683 4.2908382 -0.12622058
12.615605 4.307066 -0.13183552
12.888326 4.3156743 -0.1345098
17.934124 4.255125 -0.16125
18.794001 4.4629998 -0.003
11.959 4.5040002 -0.073599994
12.101 4.507 -0.161
12.3335 4.5629997 -0.12900001
12.66825 4.6835003 -0.12725
12.822445 4.7190971 -0.123125
18.963606 4.6265526 -0.037973683
19.062334 4.6382008 -0.16117716
5.7224002 4.987 -0.0186
5.4320002 -1.194 -0.287
5.6764998 -1.2325001 -0.25299999
5.8659639 -1.115248 -0.26731199
12.606707 -1.0294068 -0.36529377
5.8309999 -0.99699998 -0.25299999
12.65769 -0.87187183 -0.36575887
6.9161439 -0.87466013 -1.1080523
7.1804872 -0.87824351 -1.1107875
7.2834401 -0.87573999 -1.09948
7.6527181 -0.87545633 -1.0955595
7.9186077 -0.87477851 -1.0887026
8.1065369 -0.87513888 -1.0859352
8.4286337 -0.88581669 -1.0816833
14.07156 -4.1238928 0.30848512
14.292693 -4.1234913 0.44219297
4.9234514 -3.8621447 0.37559232
5.7399998 4.9875002 -0.016000001
5.7887502 4.9875002 -0.03125
6.1149998 4.9965 -0.075000003
7.2050705 4.9871655 -0.13281639
7.3639174 4.9607577 -0.1306925
12.651472 -0.88569564 -0.36812422
12.723663 -0.67426723 -0.36493987
12.766501 -0.55104405 -0.36549491
12.823824 -0.36855462 -0.36686555
8.42906 -0.86985999 -1.08086
8.5727816 -0.873954 -1.0768851
8.9199924 -0.88228887 -1.0730815
9.1236305 -0.87836921 -1.0688924
9.4235792 -0.8623684 -1.064579
9.6242113 -0.87814444 -1.0602555
9.8786612 -0.86541933 -1.0569516
10.163459 -0.87460548 -1.0464036
10.368566 -0.87482607 -1.0421305
10.606297 -0.87900001 -1.0411621
10.813581 -0.86445457 -1.0404181
11.177596 -0.87523407 -1.031617
11.373806 -0.86206454 -1.0319678
11.587385 -0.86711538 -1.0296538
11.866279 -0.87689692 -1.0157938
12.063 -0.97766668 -1.0073333
12.551001 -0.89649999 -1.003
4.9538507 -0.6226418 -1.1325223
4.9243321 -3.8738704 0.36671627
14.071589 -3.9243889 0.31195557
7.365726 4.9607573 -0.1305746
7.5317779 4.9705 -0.11811111
12.969334 4.7575555 -0.17266667
13.076 4.7761998 -0.1056
12.82128 -0.37700835 -0.36246991
12.898822 -0.13463381 -0.36381689
4.9531775 -0.63008064 -1.1324517
5.0972939 -0.62784922 -1.1316667
5.3924227 -0.62567699 -1.1266769
5.6415939 -0.63938612 -1.1243862
5.8726077 -0.62254572 -1.1208879
6.0923381 -0.64097059 -1.1168971
6.359108 -0.64556754 -1.1142703
14.073448 -3.923856 0.31039199
14.295531 -3.915633 0.44969621
4.9324856 -3.6176646 0.35735366
13.116278 4.7775779 -0.13368888
13.394661 4.8199196 -0.13694355
13.522448 4.813581 -0.13140953
18.960028 4.8749189 -0.013891892
19.06826 4.8757434 -0.16671062
4.5788913 5.2006631 -0.12355435
5.7189999 5.0039997 -0.011
5.9643731 5.0248532 -0.056266665
6.1302657 5.0149326 -0.11927027
12.898423 -0.13471179 -0.36295196
13.018942 -0.0096730767 -0.36532691
1.119 0.249 -0.264
1.4660232 0.23890698 -0.30746511
1.5092353 0.24664706 -0.31217647
13.140809 0.043918699 -0.36821544
13.371896 0.14596875 -0.36866668
13.55022 0.22455084 -0.37209323
1.0805833 0.42466667 -0.26308334
6.3433723 -0.6244632 -1.1133246
6.5947208 -0.62152702 -1.1121352
6.9301796 -0.6302036 -1.1053174
7.1494875 -0.6243875 -1.1027708
7.3281837 -0.62929595 -1.0944694
7.6459093 -0.62359089 -1.0915303
4.9317255 -3.6178925 0.36455861
6.1315408 5.0139952 -0.11778025
6.3633327 5.0154538 -0.11346688
7.6634111 -0.6307466 -1.0915411
7.9041805 -0.62236065 -1.0856503
8.1224251 -0.6210708 -1.0811946
8.4145432 -0.62670654 -1.0780326
8.5804176 -0.62508738 -1.0738156
8.9377527 -0.62862384 -1.0693669
9.0739002 -0.6307143 -1.0681572
9.383852 -0.62596297 -1.0613704
9.6229439 -0.6270141 -1.0578169
9.8579321 -0.61922973 -1.0556622
10.199555 -0.64633334 -1.0443333
1.0730271 0.37252656 -0.25899458
1.4331089 0.29430693 -0.31828713
4.9310207 -3.629622 0.36673519
14.052231 -3.6013846 0.27969232
4.9314804 -3.3884006 0.35278261
6.3530002 5.0139999 -0.089999996
6.5899291 5.0279069 -0.12398053
6.9076624 5.0587296 -0.11964865
1.4487848 0.29303798 -0.32807595
1.5376391 0.29400423 -0.29586983
10.184815 -0.62336844 -1.0449474
10.314405 -0.61989188 -1.0414325
10.6192 -0.62291431 -1.0382571
10.837942 -0.62656522 -1.0400724
11.196517 -0.61858618 -1.0309656
11.352467 -0.61308891 -1.0304222
11.593693 -0.63265383 -1.0277692
11.823957 -0.61966318 -1.0105158
12.478 -0.50800002 -1.001
12.653117 -0.56011766 -1.0025294
4.9845972 -0.38328359 -1.1317612
5.0956197 -0.37199455 -1.1303424
5.4057708 -0.3797749 -1.1248745
5.580893 -0.37137499 -1.1232232
4.9320526 -3.3781552 0.35030273
6.8982158 5.0629268 -0.12021582
4.9321513 -3.3906276 0.34875679
12.724909 -3.2574546 0.27054545
13.060833 -3.342 0.29216665
13.64475 -3.299 0.34600002
13.933111 -3.2932222 0.28744444
14.102051 -3.3115642 0.31943589
14.298846 -3.3949487 0.44364104
4.9343567 -3.1255975 0.35470733
1.5427266 0.29479498 -0.29005277
13.613 0.25619999 -0.37573335
15.174372 0.38145143 -0.36842287
5.5675998 -0.35393333 -1.1239333
5.8753939 -0.37854376 -1.1188563
6.0623231 -0.36814141 -1.1159394
6.3491235 -0.37341154 -1.1123375
6.6106834 -0.38104585 -1.1095083
6.9252057 -0.36604673 -1.1032243
6.8971496 5.0629349 -0.12296104
7.0809393 5.0212564 -0.12409195
4.9343262 -3.1267285 0.35767674
15.176661 0.38574162 -0.37039712
15.257728 0.48881817 -0.38481817
1.108055 0.61756396 -0.27190027
6.9137735 -0.38675472 -1.1036227
7.1336255 -0.37943819 -1.0969813
7.3561954 -0.37531522 -1.0906739
7.6671338 -0.37377989 -1.088823
7.900568 -0.37931818 -1.0826988
8.1228428 -0.37695867 -1.0767273
8.3955259 -0.3706421 -1.0734421
8.5761814 -0.36045453 -1.069
7.0815477 5.0215812 -0.12394043
4.9344335 -3.1227725 0.36971673
11.19996 -3.02404 0.27572
11.408485 -3.0211525 0.36694285
11.619285 -3.014266 0.38474312
11.875773 -3.0203774 0.40623584
12.065225 -3.0192714 0.3621783
12.376167 -3.0458333 0.38049999
12.672132 -3.1228948 0.3055
12.933633 -3.0883038 0.3820844
13.043972 -3.060111 0.41850001
1.1093857 0.6170283 -0.27311718
8.5824442 -0.38487777 -1.0696778
8.9406214 -0.38195145 -1.0654078
9.0606947 -0.37247223 -1.0650556
9.3711424 -0.37955555 -1.0589842
9.6257286 -0.37712857 -1.0557142
9.8542595 -0.37498701 -1.053013
10.181559 -0.38189706 -1.0429559
10.309037 -0.36435184 -1.039963
10.651613 -0.36540911 -1.0350455
10.841879 -0.38110346 -1.0367241
11.199451 -0.36199999 -1.027871
11.356378 -0.38067925 -1.0263963
11.57377 -0.38515386 -1.0246923
11.87379 -0.37554738 -1.0124421
12.668715 -0.35647619 -1.0052381
12.7905 -0.30683333 -1.0055001
4.9904613 -0.1043077 -1.1281731
5.0995831 -0.12304167 -1.1270208
7.080204 5.0215511 -0.12435714
7.6741924 5.0593848 -0.11742308
7.9123144 5.1494212 -0.12104678
8.1355972 5.1211991 -0.1204676
13.029788 -3.0618334 0.41789395
13.3526 -3.0710001 0.3714
13.540251 -3.174 0.40574998
13.893857 -3.1868572 0.33442858
14.08372 -3.1914001 0.33186001
14.30325 -3.2395 0.44725001
4.9379425 -2.8808043 0.35705882
1.1136011 0.61351484 -0.27147979
15.347449 0.62404257 -0.37209573
0.99099344 0.93792158 -0.26335949
1.1107666 0.90969998 -0.28303334
5.0950341 -0.13214286 -1.1272789
5.4081492 -0.12227193 -1.1206009
5.596993 -0.12011189 -1.1187203
5.8748398 -0.12998667 -1.1138
6.0807858 -0.1211875 -1.1125089
6.3412023 -0.12800001 -1.109117
8.1330862 5.1221309 -0.11772957
8.3451223 5.1081548 -0.089938968
8.5351763 5.1529412 -0.040117647
18.964846 5.129128 -0.011615384
19.072168 5.1277232 -0.17043076
4.938272 -2.8765216 0.35916001
11.211416 -2.9901667 0.26008335
11.3808 -2.989711 0.34526667
11.562946 -2.9906073 0.41876787
12.090992 -2.9882267 0.37848437
12.251 -2.9960001 0.40799999
12.7245 -2.9971666 0.26383334
12.978718 -2.8701196 0.38231623
13.012853 -2.8699412 0.36405882
1.1518233 0.9033711 -0.28404689
6.348773 -0.12736879 -1.1087588
6.5940561 -0.13823469 -1.1070714
6.8981681 -0.16094118 -1.1075211
7.1380396 -0.12420158 -1.1134901
7.3612995 -0.10561582 -1.1092598
7.6073914 -0.10331159 -1.0624638
19.071148 5.1226602 -0.16480862
4.5688272 5.3640289 -0.13240135
4.8197141 5.4188571 -0.12871429
5.1134143 5.4199696 -0.12351105
13.011279 -2.8672817 0.37248036
13.306 -2.9979999 0.375
4.9337087 -2.6251457 0.36998814
1.1409688 0.91587108 -0.28399903
7.6057682 -0.099669531 -1.0616825
7.891705 -0.20547436 -1.0810256
8.1270409 -0.20563266 -1.072
8.3847246 -0.2088 -1.068725
8.5720873 -0.21247827 -1.0652174
8.9329996 -0.21212122 -1.0629697
9.0691738 -0.21108696 -1.0626087
9.3809681 -0.19696774 -1.057
9.6382332 -0.13596667 -1.0519667
9.8473415 -0.12275949 -1.050962
10.168611 -0.13294916 -1.0403559
10.304529 -0.12745097 -1.0379608
10.656436 -0.12512727 -1.0321817
10.855528 -0.12509434 -1.033849
11.174583 -0.12286111 -1.0239723
11.344966 -0.13022034 -1.0216441
11.6696 -0.11205 -1.01405
11.867785 -0.11995238 -1.0096905
5.1259265 5.4177966 -0.12079661
5.3300915 5.4042606 -0.070478871
5.526 5.380857 -0.012
6.2234001 5.3374 -0.023800001
6.3232174 5.3875217 -0.046927538
8.6667995 5.3014002 -0.11984
8.7929478 5.3755264 -0.094184212
18.959791 5.3772292 -0.0077291667
19.072157 5.3742738 -0.16812044
4.5677991 5.6265063 -0.11692469
4.9343553 -2.6245883 0.37038797
12.996808 -2.631351 0.39540425
13.011106 -2.6309543 0.36466411
1.1429101 0.90343946 -0.28622559
11.861882 -0.13541177 -1.0099705
12.0105 -0.021 -1.0079999
12.41075 -0.021 -1.01
12.6105 -0.05525 -1.006875
12.840882 -0.094941176 -1.0091176
4.9833174 0.13049206 -1.1271111
5.0950909 0.12201069 -1.1249679
5.3951983 0.12800735 -1.1153786
5.6513157 0.12325731 -1.1111579
5.8827105 0.12237699 -1.107246
6.1277857 0.12978572 -1.1068572
13.012651 -2.6248686 0.37689021
4.9381108 -2.4069157 0.36822975
4.5684261 5.6238518 -0.12635185
4.9540939 5.5972185 -0.12096875
5.0367141 5.6190372 -0.12554571
18.964811 5.6383018 -0.032981131
19.063643 5.626327 -0.16542965
3.6613946 5.9257984 -0.12069725
1.1519307 0.90644556 -0.28596041
1.3034507 0.94987327 -0.30409858
15.453545 0.7787143 -0.38480356
15.503 0.80900002 -0.375
16.988142 0.98932141 -0.38728571
17.052588 0.93834639 -0.39631373
0.98459864 1.1118996 -0.26742476
1.0378925 1.0696518 -0.27721518
6.119679 0.12978359 -1.1067612
6.3547754 0.12663436 -1.1035639
6.6064239 0.12839791 -1.1007591
6.8854012 0.13921511 -1.0989941
7.1513877 0.12407327 -1.1017543
7.3620734 0.095911764 -1.0975147
4.9381146 -2.4050186 0.37023333
5.1220288 -2.3425331 0.36893803
3.6595638 5.9266748 -0.11234444
3.8379545 5.9568915 -0.11767832
4.1211514 5.9135756 -0.13078788
4.3386278 5.8076744 -0.23611628
4.5673375 5.8813577 -0.13142052
1.0365522 1.06357 -0.27622646
1.4434677 1.090844 -0.29092473
1.538782 1.1459528 -0.28272134
7.3729396 0.10187878 -1.0976515
7.6216798 0.09712667 -1.06961
7.8890224 0.1665597 -1.0782984
8.1471806 0.16878724 -1.0696915
8.3774786 0.16734782 -1.0643189
8.5802336 0.1693617 -1.0622978
8.915143 0.17197403 -1.0583767
9.0585346 0.16451162 -1.0552093
9.3707418 0.16166128 -1.0530968
9.65172 0.1275 -1.04918
9.843297 0.12651351 -1.050946
10.132875 0.104875 -1.0428751
5.1230111 -2.3423743 0.36492738
5.3701625 -2.3458242 0.36297679
5.5384917 -2.3490055 0.36305586
12.985057 -2.3692453 0.40862265
13.0165 -2.3737001 0.4377
4.567183 5.8717098 -0.12973118
5.0429997 5.7522001 -0.1078
18.95583 5.8313017 -0.08045283
19.057455 5.839705 -0.1603141
3.9597867 6.0092535 -0.17450666
4.1415243 6.0473399 -0.13327733
4.274508 6.0473871 -0.12357258
4.5613332 6.0132499 -0.13429166
1.5375772 1.1415186 -0.2857666
10.165286 0.11690477 -1.0424286
10.325429 0.12512857 -1.0395571
10.665807 0.12235088 -1.0325614
10.851617 0.11834043 -1.0335107
11.162421 0.11681579 -1.025
11.357295 0.12811476 -1.0226229
11.653786 0.12025 -1.01275
11.893687 0.12507813 -1.0120468
12.045714 0.13885714 -1.0072857
12.422786 0.12978572 -1.0045
12.599794 0.11923529 -1.0078236
12.8978 0.096466668 -1.0137666
13.048834 0.14708333 -1.0124167
13.330937 0.2086875 -1.003875
4.9553804 0.3857522 -1.1224779
5.1069131 0.37478882 -1.1196024
5.3714485 0.3724305 -1.110278
13.017737 -2.415319 0.38527551
14.6903 -2.2997 0.41550002
14.866938 -2.2997189 0.44515625
15.159137 -2.3014545 0.42522728
15.395714 -2.3021429 0.37852857
15.621533 -2.3051555 0.35600001
15.8725 -2.3140001 0.34502274
16.141178 -2.3336072 0.37535715
16.398375 -2.3533125 0.38185418
16.662085 -2.335814 0.36668992
16.894768 -2.3081071 0.39014286
17.096348 -2.2940869 0.35653043
11.872364 -2.0554848 0.36712122
4.5630002 6.0149999 -0.14033334
4.4970002 6.3309999 -0.198
4.5949998 6.48 -0.226
4.6469998 6.539 -0.07
4.8720002 6.8559999 -0.083999999
5.1622581 7.1512837 -0.13401291
5.3539295 7.2042565 -0.11316667
5.4555001 7.2613335 -0.16816667
21.979 7.7290001 -0.25
21.96575 7.7605 -0.2405
22.047001 7.7620001 -0.237
26.690142 8.4049177 -0.12482353
5.1576667 8.6692781 -0.1295
26.628317 8.6109209 -0.12063492
5.1373334 8.7650003 -0.065666668
26.619791 8.770792 -0.104625
26.700027 9.3918915 -0.12702703
26.65 9.8570004 -0.043000001
7.6950002 13.492 -0.035999998
7.7277017 13.554015 -0.12607463
7.8530755 13.563014 -0.12886986
8.0918245 13.562772 -0.12350877
10.957945 -4.5928473 0.1452361
11.120911 -4.5933752 0.12639286
1.5387368 1.1644386 -0.27587718
13.888616 1.1183846 -0.48861539
14.059906 1.0799687 -0.48487499
16.926081 1.1054339 -0.40085444
17.014585 1.2340976 -0.37660974
1.191 1.3815 -0.25850001
1.3119491 1.4839152 -0.25691524
17.13517 1.3524921 -0.40036592
17.276846 1.4803692 -0.41101539
1.31582 1.51454 -0.2577
12.2325 1.705 -0.49599999
12.262 1.71 -0.49900001
17.396999 1.5911429 -0.41185716
5.3541837 0.35608163 -1.1106938
5.6428246 0.37990049 -1.1049384
5.8787446 0.37130964 -1.1011715
6.1416965 0.3843146 -1.099264
6.3653207 0.37563679 -1.0968161
6.6310816 0.37497777 -1.0951482
11.8695 -2.0556347 0.36811349
12.060214 -2.1357858 0.40728572
12.3445 -2.2175 0.34833333
12.596 -2.198 0.38600001
16.944401 -2.2119999 0.44615999
17.08906 -2.2041471 0.34457844
17.384861 -2.1943054 0.37219444
17.638088 -2.2003529 0.36041176
17.876816 -2.2066939 0.37814286
18.085915 -2.2077143 0.37482858
18.396166 -2.2085209 0.37089583
18.627144 -2.2091999 0.39445713
18.925678 -2.1188362 0.37128428
11.875182 -1.9316666 0.37078789
11.121241 -4.5934448 0.13418324
11.374496 -4.5938201 0.13280264
11.619541 -4.5921931 0.13680193
11.86836 -4.5928373 0.12861577
12.126479 -4.5931082 0.12491752
12.479 -4.5960002 0.0089999996
17.398777 1.5965623 -0.4004415
17.528107 1.7185476 -0.41005951
17.621185 1.7993333 -0.40882221
17.882376 1.875 -0.42812499
18.05147 1.9486555 -0.43779832
18.31675 1.953375 -0.36987501
17.993656 2.199625 -0.44582814
18.035112 2.0956056 -0.42078087
18.418142 2.1292858 -0.32314286
18.603001 2.1630001 -0.2921111
18.91725 2.1689999 -0.29075
19.046272 2.0957727 -0.28609091
15.463889 2.4886668 -0.47233334
15.5175 2.4822502 -0.47075
17.98625 2.36975 -0.465
6.6069808 0.37026924 -1.0953462
6.8753428 0.37227142 -1.0909095
7.1276584 0.3752704 -1.0874031
7.3827167 0.38131857 -1.0843805
7.6300683 0.37328205 -1.0802094
7.8951058 0.37377483 -1.074
8.1561623 0.38408825 -1.0691323
11.884825 -1.9312159 0.37240875
12.041717 -1.8772075 0.38937736
18.93462 -1.8729029 0.37533715
18.933928 -1.62175 0.37906036
12.379559 -4.5947351 0.126
12.619966 -4.5760384 0.098331913
12.840968 -4.5581007 0.14755027
13.10116 -4.5685201 0.2272
13.360937 -4.5843124 0.2393125
13.647667 -4.5881667 0.24183333
13.915667 -4.5610666 0.22253333
14.0294 -4.5440998 0.2167
2.6755083 -4.4723268 0.10735475
17.97788 2.3804731 -0.44274688
18.065649 2.3450701 -0.38668421
19.056684 2.3686666 -0.29478946
15.39446 2.6278939 -0.46745133
15.528334 2.631 -0.44400001
17.954222 2.6249311 -0.4358587
18.0238 2.5934 -0.35926667
18.9575 2.6834998 -0.3035
19.047153 2.6120129 -0.29148719
15.409 2.7992609 -0.4687174
15.588785 2.8655715 -0.45185715
15.86625 2.9312501 -0.46724999
16.174 2.973 -0.42899999
16.278 2.9879999 -0.43200001
17.927753 2.8710701 -0.44203508
8.1321821 0.37272727 -1.0684242
8.3603907 0.37604877 -1.0619756
8.5948982 0.39059323 -1.0577966
8.8895473 0.37273437 -1.0536329
9.1289015 0.38719672 -1.0503935
9.3422403 0.36722785 -1.0482152
9.6536884 0.38003278 -1.045164
9.8073921 0.3577843 -1.047196
10.134937 0.38717186 -1.0379219
10.327653 0.36734694 -1.0369388
10.677403 0.37511939 -1.0343881
10.859893 0.37582144 -1.0260535
11.153717 0.39467925 -1.0175661
11.327927 0.3565366 -1.0186342
11.652487 0.39130768 -1.0105128
11.802519 0.35633335 -1.0072963
18.93615 -1.627954 0.3591724
18.933977 -1.3778315 0.37641144
18.933094 -1.1226156 0.38161004
16.074413 -0.80789655 0.27589655
18.931231 -0.86044222 0.40885428
2.6970208 -4.4713449 0.11742988
2.8739915 -4.4652395 0.11690322
17.927195 2.8738766 -0.43653247
18.131124 2.8853126 -0.35675001
18.271999 2.822 -0.352
18.698 2.826 -0.301
18.8354 2.8376 -0.3098
19.054693 2.8855765 -0.2870706
16.134981 3.1393049 -0.47220001
16.304001 3.1724615 -0.42884615
17.899286 3.1238472 -0.43699619
18.158571 3.0337143 -0.35514286
18.371584 3.115375 -0.32962501
18.6106 3.1004999 -0.2895
18.9293 3.1364 -0.26894999
19.060366 3.0782194 -0.28129268
12.285227 3.4654546 -0.48168182
16.18325 3.286 -0.46850002
17.881952 3.3652525 -0.43969417
18.0634 3.3881001 -0.3935
18.3685 3.3187499 -0.35425001
18.958 3.4045 -0.36449999
19.065144 3.3774285 -0.29871428
18.934481 -0.87036538 0.41965383
18.937405 -0.66535485 0.41473731
19.046597 -0.57607383 0.3355906
19.056326 -0.38063553 0.39543071
14.937 -0.106 0.28099999
15.060868 -0.12733962 0.26084906
15.2745 -0.076499999 0.287
19.04878 -0.11866973 0.42275229
11.800583 0.33283332 -1.0090001
12.247 0.29300001 -1.002
12.404572 0.31514287 -1.0018572
12.624 0.25400001 -1.003
13.1975 0.35374999 -1.00225
13.3375 0.25800002 -1.0015
4.9324999 0.62676924 -1.1221263
5.1528387 0.6255973 -1.1150537
5.3594589 0.62408608 -1.1071721
5.6308384 0.62495744 -1.101766
5.884449 0.6248877 -1.0982834
2.8943095 -4.4635792 0.11619841
3.1196599 -4.4608984 0.12987056
19.046572 -0.092714287 0.42414287
19.04784 0.11904214 0.39027527
19.046089 0.37608984 0.3898145
19.048096 0.62197751 0.39104822
17.642599 0.97839999 0.33399999
19.062546 3.3758051 -0.28876624
12.282572 3.5208571 -0.48285714
17.715263 3.6814444 -0.40602019
17.832661 3.5883691 -0.38699999
18.136984 3.5718 -0.37778333
18.32045 3.5892999 -0.32635
18.719 3.6255002 -0.30649999
18.955418 3.6028333 -0.34158334
19.056787 3.6043468 -0.29644001
2.8434999 3.9039998 -0.491
17.667021 3.8666048 -0.39693817
2.494 4.1269999 -0.47
2.6655736 4.1742206 -0.47475001
5.8783407 0.6174773 -1.0981818
6.1399083 0.62844956 -1.0944403
6.3799672 0.62637156 -1.0907978
6.6412582 0.62958372 -1.0902536
6.8711705 0.62726831 -1.084883
7.1087584 0.61209399 -1.0833423
7.3868127 0.64893752 -1.0806875
3.1084468 -4.4608464 0.12832284
3.3602345 -4.4669962 0.12650581
17.600723 0.97666669 0.34655556
17.785999 0.96700001 0.26249999
18.062 0.97399998 0.26800001
19.049421 0.8707248 0.39410704
17.249001 1.229 0.38999999
17.435677 1.1351539 0.37684616
17.56279 1.0872631 0.38363159
17.889999 1.001 0.29899999
19.052206 1.1221142 0.40594977
17.436974 1.2878684 0.32613158
17.538 1.3164999 0.273
19.05455 1.3723565 0.42249075
19.055017 1.6196957 0.40417391
7.3873749 0.62372369 -1.0811841
7.6187978 0.6255855 -1.0767046
7.861886 0.6173473 -1.0702035
8.1414776 0.62611765 -1.0652418
8.3658257 0.6242826 -1.0609456
8.6214199 0.63517392 -1.0554638
8.8889999 0.62488371 -1.0496899
9.1601744 0.63089854 -1.0427536
2.6700525 4.1693683 -0.47868422
2.8367071 4.1206565 -0.48104042
17.686302 4.1143813 -0.40166464
17.776142 4.222857 -0.28728572
11.980538 4.4899998 -0.34349999
12.125589 4.3652945 -0.35961607
12.395411 4.2936239 -0.36785108
12.624141 4.3104744 -0.38056409
12.89311 4.3208308 -0.38800001
3.3508344 -4.466188 0.12937808
3.6310797 -4.4678144 0.12468977
19.054699 1.6242906 0.40017733
19.054049 1.8758123 0.40551779
19.049129 2.1206534 0.40630692
19.046986 2.3735359 0.40703827
12.896955 4.3195224 -0.37502223
13 4.3140001 -0.373
17.739876 4.2546248 -0.46675
17.765358 4.2670712 -0.41421428
18.664001 4.4520001 -0.30650002
18.821499 4.4879999 -0.30625001
11.986333 4.5048332 -0.40166667
12.0438 4.5113997 -0.34400001
12.362333 4.5690002 -0.27333334
12.705833 4.6964998 -0.31283334
12.810619 4.7264524 -0.35678571
18.927 4.5244999 -0.3125
19.07229 4.6685872 -0.37482581
6.0594997 4.9905 -0.38
7.194417 4.9841108 -0.37092435
7.3655281 4.9536481 -0.37173238
9.1469288 0.63521427 -1.0427856
9.3395205 0.61585999 -1.0426
9.6459999 0.62180001 -1.0431125
9.8493729 0.61125487 -1.0402942
10.149855 0.63424999 -1.0350208
10.326555 0.62108886 -1.0348889
10.660579 0.62911844 -1.0340263
10.844 0.62905174 -1.0190172
11.134943 0.63238573 -1.0103142
11.39285 0.63660002 -1.0062
11.626395 0.61869764 -1.0065814
11.782637 0.56454545 -1.0068182
12.443 0.65750003 -1.001
4.908607 0.76442856 -1.1231428
5.1623387 0.78712904 -1.114758
5.3786445 0.81032228 -1.1072397
5.6282992 0.83391839 -1.1004422
5.8765001 0.85429591 -1.0972245
3.6434586 -4.4681654 0.13821429
3.8740509 -4.4632945 0.11961713
4.0834546 -4.4084544 0.1289091
19.046982 2.3751857 0.39967257
19.048672 2.6271393 0.40489548
19.052017 2.8748796 0.40680602
19.05304 3.1282458 0.40015826
19.052143 3.3685715 0.43575001
7.3601451 4.9551249 -0.37157264
7.5413041 4.9686956 -0.37726086
12.958273 4.7625909 -0.40245456
13.113532 4.7796202 -0.35531646
13.373642 4.8208508 -0.38756716
5.8901396 0.8628602 -1.0973763
6.1151028 0.87045091 -1.0922589
6.3757024 0.87413925 -1.0888355
6.6253967 0.87583619 -1.0892457
6.8790779 0.87282383 -1.0862746
7.1339355 0.87205642 -1.0819758
4.1103382 -4.453136 0.1595051
4.3692155 -4.4383211 0.20792201
4.6288714 -4.4787707 0.19657339
19.055496 3.3750398 0.3989203
17.7472 3.7254 0.41960001
17.802704 3.6986136 0.37661365
18.070938 3.6864376 0.25518751
18.369499 3.7474999 0.29449999
18.652 3.6784999 0.25650001
18.875084 3.698 0.26324999
19.056543 3.6209321 0.39918122
17.728567 3.9028842 0.33005488
17.778576 3.8690271 0.42548648
18.0835 3.7890832 0.25800002
18.422874 3.793875 0.298875
18.641499 3.9829998 0.43650001
18.944063 3.9021876 0.37856251
19.053911 3.8507779 0.43142223
13.36844 4.8134799 -0.39372
13.530733 4.8196764 -0.38330477
19.076271 4.8731198 -0.37821659
4.5857825 5.2075219 -0.37584057
6.1730094 5.0234332 -0.340774
6.3777089 5.0236139 -0.3672035
7.1026192 0.88476193 -1.0819048
7.3807182 0.87913811 -1.0786299
7.6346273 0.87373114 -1.074283
7.873054 0.87225223 -1.0669099
8.1174583 0.87855864 -1.064486
8.3391685 0.86302817 -1.0587465
8.6029224 0.87888312 -1.0543896
8.8729076 0.87346923 -1.0478538
9.1429043 0.87883335 -1.0402381
4.6343513 -4.4780746 0.19743617
4.8900981 -4.4051948 0.19797818
12.682609 -4.372673 0.025608974
12.844607 -4.3851252 0.11595089
19.049112 3.8564658 0.42411801
12.188601 4.2463999 0.36289999
12.846334 4.2386665 0.373
17.728416 4.0430279 0.34797221
17.837662 4.1125646 0.34320968
18.036533 4.1563334 0.3062
18.326334 4.1929998 0.375
18.6285 4.0869999 0.4885
18.896709 4.1395807 0.46767741
19.038406 4.0409689 0.42506251
11.233 4.4460001 0.38499999
11.409159 4.4858866 0.4169091
11.627453 4.4860649 0.36684117
11.913322 4.4804516 0.37235886
12.150537 4.315927 0.3550244
12.38542 4.2828064 0.37833065
6.3685632 5.0229816 -0.37986153
6.5837812 5.0322733 -0.3699013
9.144207 0.86808622 -1.0409483
9.381897 0.87048715 -1.0374615
9.6337738 0.86846429 -1.0405476
9.8845787 0.87478948 -1.0345263
10.170857 0.88714284 -1.0327348
10.343546 0.87860608 -1.0332425
10.622334 0.87710148 -1.0323044
10.832403 0.87277609 -1.0187314
11.098015 0.8700909 -1.008803
11.3815 0.88504165 -1.002625
11.573584 0.86012501 -1.003
6.1727142 1.0121429 -1.0902857
6.4048295 1.0307317 -1.0904634
6.6338229 1.0509479 -1.0904167
6.8642945 1.0721158 -1.0885053
7.1171703 1.1090592 -1.0817186
7.3552928 1.1252222 -1.079091
12.849482 -4.3827777 0.1227963
13.155 -4.4193158 0.18626316
13.3819 -4.4605002 0.19215
13.562727 -4.4364548 0.19427273
13.9546 -4.3745332 0.19893333
14.028905 -4.3780236 0.21911904
3.9292557 -4.2221684 0.039348837
4.1300464 -4.1591315 0.073040523
12.392931 4.2852068 0.37541381
12.617963 4.2997689 0.38523126
12.881636 4.3071923 0.38314226
18.187 4.2735 0.26583335
18.344666 4.3216667 0.28100002
18.535999 4.3189998 0.31900001
18.894211 4.4088321 0.42623529
11.363667 4.5035553 0.42072222
11.579333 4.5016665 0.45766667
11.8545 4.5029163 0.32824999
12.6762 4.6812 0.31760001
12.809978 4.7061248 0.39382955
18.930769 4.62291 0.38094872
4.9868202 4.7789598 0.37592
5.140614 4.8361402 0.38478947
6.5885653 5.0315943 -0.3673768
6.8988376 5.0519967 -0.38115916
7.3431301 1.1112601 -1.0791
7.5916424 1.1274093 -1.0725751
7.8828049 1.1322781 -1.0646272
8.1185694 1.1194431 -1.0595822
8.4277172 1.1473478 -1.0552826
8.5994005 1.11924 -1.05216
8.8793554 1.1235145 -1.0476521
9.1168156 1.1220435 -1.0404022
9.3778868 1.1304717 -1.039434
4.1210318 -4.1676984 0.066301584
4.3313808 -4.1653333 0.13133334
4.6098461 -4.0984616 0.13392308
4.9274588 -4.1240888 0.20289537
12.686599 -4.1286645 0.02688024
12.829371 -4.1274796 0.11254545
5.1417069 4.8398991 0.37201303
5.3715801 4.893959 0.37098294
5.6409063 4.9893513 0.3790653
5.8285089 4.993382 0.36812729
6.1304917 4.9941773 0.38956451
6.8883781 5.0545745 -0.38167661
7.0762539 5.0162539 -0.35740194
9.3843336 1.1271666 -1.0403333
9.6247377 1.1291125 -1.0367125
9.8246088 1.0928261 -1.0330869
10.126781 1.1339455 -1.0292182
10.342875 1.1266072 -1.0312858
10.649447 1.1311842 -1.0268027
10.852677 1.1135 -1.0154517
11.119877 1.124772 -1.0065264
11.3854 1.12325 -1.003925
11.540334 1.1095556 -1.0028889
7.4215999 1.2776 -1.0806
7.6078515 1.3033649 -1.0725
7.8663616 1.3655964 -1.0628735
8.0671072 1.368009 -1.0587322
8.4273796 1.3791034 -1.0546552
8.6701727 1.3798461 -1.04875
8.8474216 1.382375 -1.0467969
12.836804 -4.1214633 0.11512195
13.958313 -4.1541877 0.19831249
14.03078 -4.1177001 0.22878
4.1606412 -3.8716538 0.059822649
4.3426957 -3.8756957 0.12226087
4.5869999 -3.8765714 0.13885714
4.9212122 -3.8658497 0.19650596
6.1337075 4.9940567 0.3881382
6.3194771 4.9964485 0.39166093
6.6100001 4.9980001 0.47933334
7.2252879 4.995048 0.32805601
7.3718386 4.9758444 0.36222947
7.0745153 5.0161133 -0.35821277
7.6768694 5.0546088 -0.37530434
7.9136109 5.1405988 -0.36377507
8.8714933 1.3810704 -1.0457464
9.1144638 1.3677804 -1.0402561
9.3622332 1.36885 -1.0403
9.5991859 1.3753572 -1.0315571
9.9314995 1.36825 -1.0279167
10.139583 1.383934 -1.0262747
10.389865 1.379946 -1.0237838
10.645471 1.3235 -1.0244706
10.840897 1.3028965 -1.0171379
11.119833 1.3065417 -1.0063334
11.398387 1.348871 -1.0156775
11.603637 1.4340454 -1.0351363
11.926875 1.44025 -1.005625
12.0514 1.4692 -1.0036
7.96875 1.54905 -1.06365
8.0642776 1.60375 -1.060111
8.3389616 1.6123974 -1.0525513
8.6628551 1.6320598 -1.0464188
8.8607807 1.6098902 -1.048378
9.1293879 1.5992836 -1.0464627
9.3619165 1.6764166 -1.0550833
4.9236898 -3.8583851 0.19549732
12.676205 -3.8789065 0.025216375
12.829111 -3.8735695 0.11422569
13.98 -3.9190001 0.20300001
14.031936 -3.9330969 0.23483871
4.1485505 -3.6174784 0.056295652
7.3676391 4.9770274 0.36199263
7.5233331 4.9813333 0.35566667
13.120094 4.7730117 0.39064705
13.407347 4.8232312 0.38475206
13.516747 4.8183379 0.40294367
18.927706 4.8691792 0.3708607
7.9031315 5.1407104 -0.37960526
8.1203871 5.1157804 -0.36471614
8.2666225 5.0914669 -0.3962
8.5569992 5.2145 -0.49650002
19.078381 5.1248865 -0.36153609
9.3907385 1.6515077 -1.0471846
9.5695658 1.6124529 -1.0346037
9.9340754 1.6496 -1.0204
10.098765 1.6244198 -1.0265433
10.413192 1.653234 -1.0212979
10.626961 1.6432894 -1.0189079
10.852307 1.655077 -1.0152308
11.11965 1.68005 -1.0152251
11.354042 1.6644583 -1.0361251
11.682875 1.6466875 -1.0461251
11.885759 1.6120723 -1.0643253
12.035619 1.6253095 -1.0678333
8.1756001 1.872025 -1.058725
8.3397322 1.8769286 -1.0529107
8.616065 1.8800647 -1.0475612
8.8663092 1.8893571 -1.0512619
9.1256866 1.8944699 -1.0451325
4.1559019 -3.6192255 0.061945453
4.3636208 -3.6017587 0.12996551
4.6557598 -3.61956 0.13496
4.926816 -3.6111856 0.19656116
18.926449 4.8773103 0.36913794
4.5523906 5.2108479 0.38620952
5.2286668 5.0243335 0.43566668
5.3603911 5.1282611 0.4157826
5.6854391 5.0094166 0.38319829
5.915554 5.014473 0.37872973
6.1114597 5.007957 0.34826151
6.4570665 5.0141997 0.3994
19.080145 5.1204515 -0.3778871
4.5751109 5.3587584 -0.38264462
4.8204002 5.4053001 -0.36590001
5.0893893 5.4204559 -0.35381404
9.1266384 1.8904166 -1.050139
9.3921175 1.8411078 -1.0432647
10.466 1.755 -1.006
10.599363 1.7590909 -1.0130908
10.923667 1.771 -1.0133333
11.129 1.7913846 -1.0117693
11.293 1.7982 -1.012
11.66525 1.81775 -1.0015
11.889334 1.8106667 -1.0039999
12.087 1.762 -1.0046667
8.1872501 2.0267501 -1.0682501
8.3941269 2.0776582 -1.0486456
8.6194572 2.1137786 -1.0422357
8.8637314 2.1204536 -1.0381666
9.1413746 2.1282749 -1.034875
9.341466 2.1320863 -1.0232931
11.6756 2.1098001 -1.003
11.759 2.0420001 -1.001
8.6474113 2.2792354 -1.0467058
8.8412094 2.3180232 -1.0376512
9.1039314 2.3515861 -1.032793
9.3670492 2.3741236 -1.0178272
11.36225 2.45925 -1.00225
11.56175 2.4124999 -1.00375
9.159111 2.5337777 -1.0398889
9.3668098 2.5780001 -1.019119
11.441125 2.635 -1.00175
11.596 2.6254375 -1.0039999
4.1341934 2.9379678 -1.1324517
9.4350004 2.8099999 -1.001
11.434222 2.879889 -1.0024445
11.630304 2.8724782 -1.0043043
4.1960001 3.0039999 -1.133
4.3921318 3.0933552 -1.1270658
4.5650001 3.2190001 -1.122
4.9288707 -3.6059892 0.19510593
12.661764 -3.6642265 0.022669811
12.830995 -3.6737225 0.12141361
14.037272 -3.5890908 0.22872727
4.1548176 -3.3758678 0.064761005
6.4134398 5.0106173 0.36218452
6.577848 5.016819 0.36612308
5.0956163 5.4195118 -0.35047674
8.6370001 5.2719998 -0.49250001
18.986454 5.4303637 -0.32572728
19.060499 5.364079 -0.36675262
4.1643333 5.7344999 -0.48633334
4.4118748 5.7458749 -0.47587502
4.5787506 5.6294656 -0.38884261
4.9562778 5.6061668 -0.373
5.0377884 5.6142716 -0.37140605
17.944334 5.6799998 -0.48893332
18.0616 5.6662502 -0.43520001
18.444 5.7410002 -0.414
18.932804 5.6483335 -0.36705881
4.5574679 3.1850851 -1.1232979
4.7588573 3.2422857 -1.1212857
11.476 3.016 -1.003
11.599818 3.0455453 -1.0032728
11.841001 3.0818748 -1.002
4.7247448 3.3187659 -1.1221914
4.88448 3.3683956 -1.1190453
5.1328573 3.4552143 -1.1131786
5.2723331 3.4753335 -1.1105
11.454333 3.388 -1.001
11.518 3.4176667 -1.002
4.9636364 3.5202727 -1.1139091
5.1747398 3.5831466 -1.1098933
5.3840246 3.6330194 -1.1049219
5.6782646 3.7053823 -1.1010001
5.7837367 3.7325263 -1.0998948
5.427413 3.7998695 -1.0998261
5.6852765 3.8807766 -1.0976756
5.8804002 3.8841999 -1.096
6.5646086 5.0166631 0.36651087
6.9067974 5.0780792 0.37995601
4.1499357 -3.3689466 0.060596708
4.3431816 -3.3705001 0.12404545
4.6316099 -3.3857074 0.13526829
4.9247713 -3.4292953 0.2038238
18.93181 5.6457839 -0.36700001
19.043837 5.5739546 -0.34592727
3.646143 5.9378633 -0.35891184
3.8171766 5.9644966 -0.34580392
4.0933061 5.8801737 -0.36918369
4.3841481 5.7911019 -0.34517592
4.5656118 5.8806906 -0.38130921
6.902843 5.0783501 0.37982142
7.0993166 5.0315666 0.36699322
5.8911166 3.87695 -1.0961666
6.0798945 3.9349475 -1.0927544
6.2583332 3.9676666 -1.0953333
5.7041364 4.0247726 -1.0949091
5.8839908 4.081882 -1.0930272
6.0899048 4.1199841 -1.0913016
6.3770614 4.1405582 -1.0861595
6.5879579 4.1843615 -1.0790251
6.7963333 4.2416668 -1.069
6.1167407 4.2969632 -1.089963
6.3706732 4.3624001 -1.0883
6.6239376 4.3674688 -1.0782657
4.9243975 -3.4322505 0.20447546
12.6906 -3.2748001 0.1417
12.824871 -3.3232582 0.068838708
13.01925 -3.3527501 0.1275
13.906 -3.2674999 0.21950001
14.023 -3.2677693 0.23207693
4.1450992 -3.1169221 0.059675604
4.5650425 5.8892536 -0.37674624
5.04 5.7519999 -0.273
17.922571 5.834857 -0.48509523
18.106285 5.8250713 -0.41092858
18.698 5.8221431 -0.34728572
18.886465 5.8161073 -0.32800001
19.054001 5.8441186 -0.36117822
3.9474385 6.021728 -0.36762279
4.1236043 6.0567961 -0.36802456
7.1053991 5.0300674 0.36523032
7.2861905 5.0034666 0.41924763
7.6352944 5.0548234 0.373
7.9163499 5.1702461 0.3656601
6.6028557 4.3598108 -1.0790901
6.8717499 4.3889689 -1.0697969
7.2022777 4.4685001 -1.0626111
7.28725 4.4863749 -1.0623749
3.95625 4.7132502 -1.015
6.4403076 4.5365386 -1.0942308
6.6243048 4.6030855 -1.0842285
6.8559856 4.6339927 -1.0815507
7.1490488 4.6307888 -1.0633496
7.3476081 4.63236 -1.0597039
7.6640263 4.6832366 -1.0567895
7.8067498 4.7220001 -1.05725
8.0783329 4.7363334 -1.052
3.9618182 4.7923636 -1.0185455
4.0831251 4.9312501 -1.1296667
6.7360001 4.75 -1.077
6.8981175 4.7952647 -1.0674412
7.1185002 4.9047141 -1.0520511
4.1447225 -3.1186469 0.059286185
4.3505225 -3.1506591 0.13129546
4.6529999 -3.0862 0.18596667
4.9299474 -3.1271579 0.15071052
4.1235852 6.0574756 -0.37162197
4.2749767 6.0855002 -0.39359999
4.5673809 6.0110793 -0.38592064
4.6630001 6.5910001 -0.39300001
5.1609931 7.1842537 -0.39288029
5.3423533 7.2258792 -0.42391381
5.4310002 7.2607098 -0.45238709
5.5056667 7.2756667 -0.47466666
21.974751 7.7308927 -0.40935713
22.0186 7.7412 -0.3348
21.972826 7.7666955 -0.34426087
22.014856 7.7709999 -0.34785715
26.686773 8.4041309 -0.36450365
5.178 8.6873999 -0.36899999
26.629055 8.6191654 -0.36792001
5.1669998 8.7795 -0.396
26.62241 8.7830515 -0.36125642
7.9192166 5.1693974 0.36613736
8.128706 5.1385665 0.36535469
4.9356279 -3.0974903 0.12749511
7.1453848 4.897923 -1.0496154
7.3817172 4.8848152 -1.0394783
7.6993999 4.8464751 -1.048625
7.8227019 4.8783331 -1.0489473
8.1549664 4.8786669 -1.0435333
8.3306484 4.9254446 -1.0262222
4.1196766 5.0782351 -1.1279706
7.105 5.0064545 -1.0437273
7.7213335 5.0366669 -1.0363333
7.9006481 5.0914507 -1.0322816
8.1345825 5.0720778 -1.0220388
8.3866034 5.065321 -1.0213397
8.5195713 5.0751429 -1.0110714
3.9919999 5.3442001 -1.0031999
4.0362 5.4298 -1.0186
4.3587499 5.382 -1.0575
4.126111 5.6199999 -1.0445555
4.2214999 5.7694998 -1.1105001
4.881 6.6863999 -1.0622001
5.1847143 7.1272144 -1.0718571
5.2042727 8.7249088 -1.0256363
5.2469997 8.8600006 -1.0044999
5.3889999 9.1064997 -1.018
5.4759998 9.2589998 -1.017
5.5325003 9.3529997 -1.0335
5.7156 9.7018003 -1.0350001
5.7354999 9.7574997 -1.0335
5.7986002 9.8392 -1.0388
5.9429998 10.203 -1.05
5.9949999 10.305 -1.051
6.0895624 10.435062 -1.046375
6.1188459 10.515538 -1.0210769
7.257 12.242 -1.021
7.2969999 12.3078 -1.007
7.5019999 12.587 -1.001
3.4191999 -4.4478331 -0.76090002
3.6600115 -4.4298954 -0.76403487
3.8671718 -4.4493837 -0.77280807
8.1280842 5.1386042 0.35838592
8.3951607 5.1303334 0.36324853
8.6146975 5.1341119 0.36466926
26.624001 8.757 -0.42899999
26.7052 9.4558001 -0.2606
26.644333 9.8656664 -0.31200001
7.7820001 12.961 -0.49900001
7.8010001 13.026 -0.49700001
7.7480001 13.29 -0.5
7.7114301 13.56175 -0.37792
7.8621311 13.567465 -0.359101
8.0696287 13.563 -0.40348572
10.939128 -4.5791168 -0.13735107
11.126086 -4.593914 -0.12237069
11.373169 -4.5961027 -0.11839918
11.618411 -4.5949855 -0.11584689
4.9365997 -3.0973721 0.12828125
3.8521249 -4.4472499 -0.77768749
4.1158562 -4.4578786 -0.77144694
4.352488 -4.4502487 -0.78891212
4.6143265 -4.4715853 -0.81294298
4.8977818 -4.4208131 -0.85125214
8.614912 5.1342473 0.36513186
8.848217 5.1355801 0.39241001
9.0625048 5.1354437 0.45506087
18.932096 5.1230001 0.36372817
4.5521655 5.3454876 0.37814051
11.6305 -4.5960002 -0.11016667
11.864243 -4.5954432 -0.11502577
12.119267 -4.5991178 -0.12769519
12.32867 -4.5713396 -0.13573854
12.565728 -4.5575366 -0.054705881
2.6828127 -4.469636 -0.1190424
4.9366145 -3.0951307 0.12623857
10.733539 -3.0351539 0.02823077
10.858932 -3.0202436 0.069857143
11.102045 -3.0182946 0.17666964
11.372833 -3.0107954 0.17281818
11.604381 -3.0235436 0.16277175
11.831388 -3.0400555 0.16283333
12.065196 -3.0225949 0.14594303
12.404711 -3.060158 0.065052629
4.8944426 -4.420105 -0.84781367
10.7012 -4.2745333 -0.79500002
10.902109 -4.3077536 -0.90720546
11.173718 -4.338881 -0.81806874
3.6634998 -4.1777501 -0.76174998
3.8881667 -4.1419168 -0.77216667
4.1399999 -4.1610999 -0.77410001
4.3520002 -4.1257501 -0.88150001
4.5609999 -4.1085 -0.986
4.9485316 -4.1116991 -0.85367131
4.5438519 5.3532853 0.37917078
4.8270907 5.4579091 0.36545455
5.1129417 5.4125209 0.37225705
2.684778 -4.4693546 -0.11650664
2.886318 -4.4621167 -0.1207163
12.38825 -3.0869999 0.067000002
12.645635 -3.0982924 0.1096484
12.820415 -3.0697556 0.14457777
13.071 -3.0239999 0.249
13.636499 -3.1259999 0.2265
13.932333 -3.2033334 0.23999999
14.030572 -3.1775715 0.24085714
3.7389286 -2.7749286 0.0017857143
3.9058905 -2.7645555 0.050619718
4.9476404 -4.1067519 -0.85764557
10.465625 -4.2132502 -0.77674997
10.589941 -4.2285295 -0.7849412
10.896571 -4.1211176 -0.94652098
11.186674 -4.1208463 -0.82319778
11.299833 -4.0758333 -0.755
5.1206493 5.4094911 0.3775965
5.367558 5.3960524 0.37063184
5.5739269 5.3778634 0.38321906
6.2156248 5.3457084 0.38350001
6.3173532 5.38662 0.37447333
2.884269 -4.4622393 -0.11642163
3.1118064 -4.4581833 -0.12794015
3.9029365 -2.7670088 0.050726563
11.289125 -4.0992498 -0.75650001
3.6523333 -3.9336667 -0.76200002
3.8670001 -3.9879999 -0.75699997
4.2090588 -3.8061275 -0.98423529
4.2998247 -3.842772 -0.96219301
4.5320001 -3.928 -0.96799999
4.9446645 -3.9306912 -0.86101341
10.898913 -3.8702414 -0.95678163
11.177494 -3.8799505 -0.82797533
6.316535 5.3853955 0.3687093
8.6261473 5.2910542 0.36644188
9.4435005 5.2880001 0.48550001
9.5719995 5.342 0.479
18.9345 5.371676 0.36416191
4.5484824 5.6296902 0.39250585
4.9520998 5.6156998 0.36790001
5.0299911 5.6215582 0.37438393
3.1131992 -4.4585743 -0.1317189
3.3626454 -4.4668398 -0.12428147
3.9000764 -2.7671115 0.049393538
4.1098719 -2.7704635 0.085256562
11.193209 -3.874599 -0.81895834
11.303 -3.8932223 -0.75416666
3.9176922 -3.5938718 -0.85443592
4.107697 -3.6724243 -0.95172727
4.3150835 -3.6678333 -0.94308335
4.6316442 -3.5501194 -0.82424355
4.7728333 -3.7266667 -0.85699999
10.898392 -3.6310878 -0.9549883
11.187715 -3.6464207 -0.81865871
5.0299392 5.6103487 0.36362121
18.936407 5.6252985 0.35949752
3.6341085 5.8919258 0.35533142
3.880579 5.9301753 0.37123099
4.0772767 5.9729691 0.37419999
3.3530483 -4.466331 -0.12725836
3.6331029 -4.4608107 -0.13182305
4.1050186 -2.7701035 0.087253906
11.192384 -3.642 -0.81160468
11.328625 -3.666625 -0.75199997
2.704 -3.2539999 -0.755
3.0625 -3.299 -0.87600005
3.6705239 -3.2924285 -0.80136508
3.9019775 -3.3204253 -0.85659701
4.0385227 -3.3227046 -0.88429546
4.4187727 -3.3445001 -0.85545456
4.6343312 -3.355262 -0.80681777
4.0957599 5.9761581 0.38305086
4.2876096 5.9817429 0.41029525
4.5486283 5.9020762 0.3730053
3.6372902 -4.4587097 -0.1330338
3.8015764 -4.4495516 -0.11404434
4.4073334 -4.2909999 -0.097666666
4.6611428 -4.4502349 -0.07196939
4.8519149 -4.433291 -0.077702127
10.764 -4.5 -0.25
12.339857 -4.3710713 -0.17414285
4.1094813 -2.7697716 0.086742103
4.328465 -2.8150697 0.11502326
4.6301646 -3.3581519 -0.80407596
10.901119 -3.3912201 -0.94920129
11.187647 -3.3905115 -0.80773491
11.317 -3.4365001 -0.75150001
2.7306428 -3.1970716 -0.76147622
2.8525708 -3.0953298 -0.79972774
3.1575034 -3.1792252 -0.76545036
3.3494866 -3.1766379 -0.78465945
4.5560002 5.9008889 0.329
18.936001 5.8357983 0.35483721
4.1927824 6.0109925 0.31722465
4.2708335 6.008646 0.35122916
4.5508251 6.0132251 0.36774999
5.1846666 7.1418777 0.38386667
5.342979 7.1933279 0.37935978
26.684134 8.4089241 0.35493279
5.1620002 8.6932001 0.30880001
26.627785 8.6110001 0.36140686
5.1849999 8.7690001 0.287
26.61874 8.7729998 0.3698889
26.697081 9.4079599 0.38832
12.320762 -4.3722897 -0.19222414
12.572547 -4.3750749 -0.052857678
3.7043164 -4.1741567 -0.15586901
3.8625715 -4.1977272 -0.098012984
4.321672 -2.8290308 0.12667692
4.5665293 -2.9587648 0.099588238
4.9408879 -2.8758521 0.12323153
26.697296 9.4029541 0.37304544
26.63625 9.8345003 0.40875
8.1569996 13.496 0.458
7.6965795 13.556747 0.38128972
7.8637242 13.559469 0.35746938
8.0874166 13.548639 0.39399999
10.959104 -4.5941896 0.59636205
11.124915 -4.5934787 0.60038733
11.368961 -4.5941973 0.6036433
11.616436 -4.5943623 0.61448324
11.859985 -4.5940809 0.62325001
12.112761 -4.5964565 0.62373912
3.3513024 -3.1789303 -0.78739536
3.6543818 -3.2079697 -0.82532728
3.8510344 -3.1453733 -0.88313794
4.0991511 -3.1478963 -0.84606606
4.3605065 -3.0983467 -0.83770669
4.6314368 -3.0924296 -0.85572535
3.867588 -4.1913919 -0.11172027
4.0788689 -4.15483 -0.065548547
4.2860003 -4.1306667 -0.1012
4.9409647 -2.8734326 0.12121777
12.121675 -4.596838 0.62891895
12.365223 -4.5969257 0.6273967
12.605851 -4.5954843 0.62754691
12.869713 -4.5967817 0.61983335
13.131497 -4.5965199 0.63263428
13.383181 -4.5966063 0.62565804
13.628716 -4.5966024 0.61299336
13.874482 -4.5973978 0.59612048
4.629909 -3.0869482 -0.85447752
4.3157191 -4.1510701 -0.096789472
4.6810002 -4.191 -0.048999999
4.9045625 -4.112771 -0.079760417
12.316791 -4.1261287 -0.19282934
12.568638 -4.1289582 -0.053752612
3.6574011 -3.8521836 -0.17018841
3.9225714 -3.8541906 -0.11488095
4.9409518 -2.8735795 0.12119348
10.7435 -2.9949999 0.0095000006
10.952444 -2.9178889 0.019111112
13.876338 -4.5976472 0.6062941
14.122335 -4.6003222 0.5953092
14.358234 -4.5729475 0.56413394
14.583371 -4.5582256 0.64463711
14.805 -4.5359998 0.71700001
2.7413335 -4.4796667 0.50733334
2.9053562 -4.4741464 0.56855708
3.1406407 -4.4707346 0.6064449
4.6235881 -3.0840001 -0.82011765
10.904167 -3.1397784 -0.94085717
11.173238 -3.1455429 -0.80019045
2.9258502 -2.9307771 -0.79829967
3.1115701 -2.8884463 -0.83571988
3.8879001 -3.8539572 -0.12652142
4.0587387 -3.877589 -0.036677778
4.3429213 -3.8384473 -0.081500001
4.586 -3.881 -0.086000003
4.9093108 -3.8822386 -0.071869366
12.313604 -3.8754985 -0.19200854
12.563337 -3.8766847 -0.055282608
10.924065 -2.9432013 0.039084416
11.094098 -2.9742942 0.11318954
11.374434 -2.991174 0.15026087
11.537001 -2.9889998 0.24250001
12.099438 -2.98665 0.13199376
12.283751 -2.9962502 0.087750003
12.653813 -2.9391766 0.044696078
12.866502 -2.9168746 0.12789199
13.015021 -2.8253453 0.12908633
3.1503727 -4.4716382 0.60853404
3.3722844 -4.4708643 0.61446375
3.629457 -4.4673982 0.61735749
3.1147108 -2.8872938 -0.84255922
3.3602681 -2.8896015 -0.91011339
3.5382729 -2.9410908 -0.95063639
3.8507161 -2.8803561 -0.871768
12.562788 -3.8766892 -0.05046114
3.4389715 -3.6509142 -0.17862858
3.6553137 -3.6173015 -0.16726461
3.8747175 -3.6216183 -0.11959542
4.055954 -3.6048334 -0.039350573
13.01229 -2.8212488 0.11814286
3.9724615 -2.7494617 0.075000003
4.194675 -2.7468917 0.064476781
4.2553 -2.7479 0.052749999
4.9362617 -2.6259844 0.11740133
3.6086152 -4.4680572 0.60934687
3.9081643 -4.4733496 0.63003498
3.8527372 -2.8802812 -0.86951393
4.0922499 -2.852011 -0.89567393
4.0553269 -3.6097169 -0.041062891
4.3512068 -3.6095517 -0.083517238
4.5294118 -3.5557647 -0.18894118
4.8945999 -3.74 -0.063000001
12.314064 -3.6197751 -0.17834643
12.560707 -3.6473682 -0.052000001
3.4017475 -3.3787999 -0.21762106
3.6514328 -3.3556256 -0.18165497
4.936079 -2.6271191 0.12631249
3.8998833 -4.4730082 0.62716097
4.1077304 -4.4764271 0.60964894
4.0916557 -2.8452883 -0.89823025
4.3178802 -2.96228 -0.86592001
4.6354651 -2.8508954 -0.86870468
3.6459758 -3.3488283 -0.18227108
3.8919144 -3.3610747 -0.11543646
4.0454092 -3.3762667 -0.034172729
4.9359903 -2.6261153 0.12897168
4.1126518 -4.4764805 0.61040604
4.3944974 -4.4808822 0.62864083
4.6344066 -2.8525162 -0.86659247
10.958591 -2.9691818 -0.77818179
11.166512 -2.9817555 -0.78408891
4.0527692 -3.3931346 -0.034192309
4.3442273 -3.3963408 -0.079795457
4.5159998 -3.471 -0.249
12.239667 -3.3473334 -0.20966667
12.306846 -3.4332616 -0.18597315
12.598857 -3.4271429 -0.080428571
3.6673257 -3.110368 -0.17465912
3.8844182 -3.0907142 -0.1099898
4.3897133 -4.4806724 0.62815231
4.6140237 -4.4838967 0.62650633
4.936563 -2.6182287 0.12263715
12.99825 -2.7405 0.17925
13.018785 -2.6235986 0.12531792
11.166965 -2.9772856 -0.79374999
11.393021 -2.8873124 -0.79602087
11.63576 -2.8737464 -0.80966198
11.860056 -2.8251686 -0.81408989
12.029353 -2.8461177 -0.80176473
4.640471 -2.6056654 -0.86954343
3.8869607 -3.1032186 -0.11644538
4.0285978 -3.1328957 -0.032819338
4.7214999 -3.0138333 -0.13933334
4.9341602 -3.0838625 -0.074267179
4.6227627 -4.4841938 0.62905002
4.8783808 -4.4294143 0.62512732
13.016178 -2.6180716 0.13964286
4.9400291 -2.4074841 0.12280622
4.6391916 -2.6023643 -0.86674875
11.732147 -2.6976526 -0.89338946
11.822788 -2.66027 -0.82950366
12.20525 -2.6300001 -0.87599999
4.9370852 -3.0844779 -0.072006024
10.735948 -3.0213685 -0.039842106
10.879556 -3.0184445 -0.096333332
4.8823814 -4.4217672 0.62293607
14.398905 -4.371635 0.52533501
14.614115 -4.3759761 0.63466668
14.78325 -4.3852501 0.71275002
4.9241438 -4.1299438 0.62588
4.9404931 -2.4050968 0.12466504
12.177599 -2.6237826 -0.8557198
12.290318 -2.5599513 -0.87446344
12.701908 -2.5843368 -0.87037754
12.84213 -2.5417962 -0.87044442
13.030463 -2.5559444 -0.93301851
4.6155577 -2.3230526 -0.86469471
10.8858 -3.01741 -0.078529999
11.082245 -3.0086939 -0.1570204
11.339167 -3.0251112 -0.12719445
11.690572 -3.0314286 -0.11685714
11.87697 -3.0253367 -0.16885148
12.068936 -3.0365365 -0.10165454
12.3725 -3.1410277 -0.12230556
12.565776 -3.0793178 -0.043102805
3.689862 -2.7965648 -0.13931172
4.9228449 -4.1468477 0.62441015
4.9394746 -2.411015 0.12478788
5.1216464 -2.3391392 0.12028087
4.6137919 -2.3289003 -0.86474413
3.6891317 -2.7990565 -0.1363252
4.9241304 -4.1450434 0.64569563
14.388164 -4.123342 0.52518421
14.599191 -4.1289396 0.63077384
14.816334 -4.082778 0.73500001
4.9198489 -3.8840845 0.61032009
5.1213989 -2.3389292 0.11987782
5.3687515 -2.3426311 0.12386255
4.6073709 -2.3342247 -0.86501122
4.8228903 -2.2654669 -0.86521977
5.1429524 -2.3406222 -0.8719489
5.363348 -2.3413043 -0.87543482
4.9200211 -3.8811865 0.6175279
14.385612 -3.9120698 0.52651161
14.59693 -3.9174929 0.63238734
14.811867 -3.9079332 0.73746669
4.926384 -3.6162195 0.61038417
3.6831889 -2.8013124 -0.13091375
3.8812437 -2.7685647 -0.10785546
5.367043 -2.3428771 0.11670764
5.5385928 -2.3463774 0.12551324
12.973091 -2.3680909 0.13145454
13.022479 -2.4380119 0.12779289
15.4814 -2.3032 0.228
15.639406 -2.3046563 0.18290626
15.866143 -2.3071144 0.13662857
5.3681569 -2.3407247 -0.86881709
5.6083312 -2.3290865 -0.85701776
4.9236689 -3.6376278 0.61389554
3.8755097 -2.768127 -0.1192959
15.8175 -2.306 0.098416664
16.134233 -2.312 0.088720933
16.379532 -2.323113 0.11306451
16.648457 -2.3249428 0.14404286
16.886328 -2.3142657 0.11814062
17.164059 -2.3049264 0.15811765
17.345488 -2.2940977 0.077621952
11.836214 -2.0793662 0.1254649
12.084499 -2.19875 0.18575001
12.335 -2.2435 0.1925
17.175241 -2.2139516 0.17640322
17.33075 -2.2019999 0.077321433
5.5969114 -2.3295102 -0.86280274
5.8288836 -2.330405 -0.83179754
6.0417085 -2.4110832 -0.81462502
11.863667 -2.3373334 -0.9173333
12.120687 -2.2874374 -0.98737502
12.334888 -2.3411112 -0.99511111
12.659375 -2.43225 -0.81650001
12.915175 -2.4541249 -0.860075
13.020813 -2.4559374 -0.92120832
17.634928 -2.2737856 -0.84792858
17.826719 -2.2874801 -0.85592002
18.08625 -2.2937498 -0.83924997
18.360001 -2.3204286 -0.81671429
18.6105 -2.3340001 -0.85800004
18.987 -2.3410001 -0.75899994
19.07143 -2.2905834 -0.80670834
4.9545956 -2.0851307 -0.96326751
5.1521597 -2.0897765 -0.94204253
4.9246812 -3.6352971 0.61720288
14.602 -3.53 0.65999997
4.9265375 -3.3724377 0.62448305
3.8731093 -2.7690089 -0.11586328
17.344435 -2.2000566 0.08766038
17.607607 -2.1931515 0.13875757
17.888527 -2.1986053 0.12002631
18.11676 -2.2009399 0.12518001
18.366383 -2.2051764 0.13
18.630913 -2.209826 0.10513043
18.934505 -2.1162043 0.12499391
11.833508 -1.8931118 0.11748602
4.9259315 -3.376982 0.62690449
14.347462 -3.3053463 0.52261537
14.599833 -3.355 0.63996667
14.784 -3.3639998 0.73500001
4.9295406 -3.127569 0.62346596
5.1442103 -2.0988026 -0.94052631
5.3157163 -2.0659528 -0.94956082
5.6512294 -2.047755 -0.87058103
5.7795 -2.2214 -0.86874998
11.745 -2.029 -0.80900002
11.776589 -2.0981922 -0.85522115
12.03175 -2.21575 -0.87024999
15.9004 -2.0084 -0.97619998
16.087334 -2.0264168 -0.90074998
16.431999 -2.0462501 -0.87199998
16.642857 -2.0511429 -0.80442858
16.943846 -2.064718 -0.87333333
17.055363 -2.0596364 -0.85320455
17.3524 -2.1884 -0.90280002
17.5944 -2.2258 -0.88560003
17.927 -2.0969999 -0.87800002
18.080999 -2.115 -0.88599998
18.452499 -2.141 -0.90499997
18.588223 -2.095 -0.90233332
18.928846 -2.1519232 -0.90023077
19.075001 -2.1471906 -0.80307937
3.8771622 -2.7674961 -0.1204502
11.833007 -1.8944863 0.12205822
12.049966 -1.7986034 0.11614655
18.939707 -1.8762782 0.12320625
18.938744 -1.6276587 0.12194595
4.929616 -3.127538 0.62071913
11.68 -3.02108 0.53619999
11.880172 -3.0188572 0.61575717
12.111625 -3.02475 0.59543753
12.344749 -3.0425501 0.66525
12.5984 -3.0701334 0.67186666
12.959196 -3.0912147 0.61713701
13.00825 -3.0457501 0.61150002
3.8775468 -2.7648408 -0.1132832
19.071789 -2.1544473 -0.80686843
4.944047 -1.9187855 -0.95686698
5.15554 -1.8468258 -0.97548431
5.3988876 -1.8372056 -0.89849532
18.938263 -1.6252787 0.13042623
18.934372 -1.3890917 0.15008734
13.914843 -1.0262105 0.021
18.935318 -1.1170734 0.13425174
12.688481 -0.85025924 0.047037035
12.881 -0.90070373 0.032037038
13.067572 -0.92414284 0.032857142
13.405001 -0.95000005 0.0425
13.664875 -0.97522503 0.070299998
13.848978 -0.86526668 0.020177778
16.088703 -0.8008436 0.1329162
18.934999 -0.98561114 0.078666665
13.451 -0.50450003 0.015
15.447794 -0.56102943 0.094411768
15.612143 -0.57914287 0.078428574
15.9012 -0.61489999 0.096050002
16.091999 -0.67842859 0.082071431
13.015686 -3.0551744 0.6363256
13.697 -3.1210001 0.505
14.333 -3.2455556 0.51233333
4.932776 -2.8780236 0.61875105
3.8783252 -2.7651598 -0.11518959
4.0997634 -2.7561276 -0.12295885
5.4097729 -1.8359388 -0.88593012
5.5580783 -1.9413171 -0.86350954
11.737717 -1.8419951 -0.85790247
11.766821 -1.9137522 -0.86651284
4.9329123 -2.876297 0.61657274
11.700916 -2.9934168 0.52733332
11.87087 -2.9952173 0.61634785
12.120216 -2.99085 0.58141667
12.995148 -2.863672 0.66370493
13.012149 -2.8729191 0.61357963
4.9290257 -2.6262517 0.61371613
16.087332 -0.69327074 0.12019651
18.029499 -0.54624999 0.0185
18.297001 -0.58099997 0.052000001
18.7155 -0.59149998 0.057500001
18.864571 -0.58071429 0.042428572
19.05237 -0.61901909 0.15696815
13.442151 -0.45063636 0.020787878
13.506 -0.396 0.0099999998
14.925867 -0.29980469 0.11525
15.122868 -0.37244827 0.084609196
15.273 -0.396 0.176
19.059454 -0.38972726 0.22172727
13.177462 -0.087653846 0.027307693
13.2915 -0.1055 0.064000003
14.95602 -0.087010309 0.10777319
15.066176 -0.14542399 0.134544
4.0993514 -2.7560546 -0.11716016
11.768886 -1.912377 -0.8612951
13.676333 -1.7646667 -0.99199998
13.918222 -1.7897778 -0.98644441
14.0746 -1.799 -0.9874
14.347917 -1.80875 -0.98774999
14.663333 -1.8293333 -0.99191666
14.883445 -1.8462778 -0.98505557
15.153098 -1.913745 -0.91821569
15.38108 -1.88824 -0.93396002
15.646282 -1.8612307 -0.96261537
15.846 -1.87275 -0.96525002
16.099066 -1.7867333 -0.95920002
16.370735 -1.8282059 -0.87585294
16.664635 -1.8700953 -0.88488889
16.834999 -1.899375 -0.861875
17.016251 -1.9632499 -0.87950003
5.1886139 -1.563239 -0.86555976
5.3164997 -1.6934286 -0.86578572
4.9293799 -2.6225917 0.62379593
15.071333 -0.14748971 0.12968725
15.300555 -0.038333334 0.043333333
19.060001 -0.0495 0.1665
14.964182 0.0043636365 0.13699999
15.15625 0.0065000001 0.056000002
15.37914 0.0594 0.03418
15.6384 0.23246667 0.025533333
19.056124 0.14114815 0.14146465
0.95131516 0.43610603 0.030292263
1.0298409 0.43902272 0.046500001
4.0986409 -2.7559042 -0.11803128
4.3095756 -2.7746363 -0.1149697
5.3054905 -1.6826485 -0.87275922
11.725054 -1.6983846 -0.86976153
11.857369 -1.6425384 -0.85685384
12.1059 -1.6056 -0.85877502
12.381001 -1.6133333 -0.97666663
13.463278 -1.6174999 -0.99638891
13.639428 -1.6302381 -0.99142855
13.924479 -1.6511304 -0.9856087
14.087633 -1.6012666 -0.98723334
14.32085 -1.63875 -0.98680001
4.9291821 -2.6274965 0.61728674
12.996203 -2.6537778 0.62466669
13.010784 -2.6185999 0.61594945
4.9333239 -2.4029872 0.62842345
1.0314645 0.44583896 0.049677901
15.7115 0.30242857 0.025571428
15.76225 0.30825001 0.0275
19.052307 0.37674922 0.13940126
0.95421952 0.52862602 0.037292682
1.0200392 0.52474511 0.062058825
15.592937 0.5797292 0.033020832
17.408485 0.68039393 0.080636367
17.5292 0.53619999 0.036800001
18.902 0.62049997 0.064500004
19.053646 0.60648102 0.1521962
4.298099 -2.7700989 -0.12268132
4.6116686 -2.8442175 -0.19000429
14.347222 -1.6233333 -0.98555553
14.646217 -1.6208261 -0.98699999
14.846642 -1.6534286 -0.98264283
15.1277 -1.6599 -0.97775
15.370786 -1.6394286 -0.97821426
15.612545 -1.5676727 -0.88988179
15.875882 -1.6570588 -0.91864705
16.125122 -1.6700606 -0.86865151
16.3367 -1.7377 -0.79519999
16.582001 -1.7495 -0.88300002
5.1713314 -1.4300596 -0.85838836
4.9315486 -2.4097764 0.62089694
5.1224747 -2.3443851 0.62777311
19.053883 0.60430253 0.15677311
0.96875513 0.90334696 0.0024693878
1.034973 0.95305407 0.001945946
17.212999 0.84799999 0.19599999
17.381186 0.87891781 0.076095894
17.548346 0.9661091 0.17807272
18.875999 0.99400002 0.199
19.054646 0.8808639 0.18642011
1.0455 1.003 0.0015
17.425442 1.1379614 0.1281614
17.528372 1.0795 0.12437209
4.6138048 -2.8471725 -0.19109885
4.9385533 -2.8741579 -0.069505945
5.1643634 -1.4351184 -0.86059231
5.3489304 -1.3123691 -0.86880028
5.1197309 -2.3439832 0.63628149
5.3646731 -2.3468719 0.62424475
5.533308 -2.3509727 0.62332875
12.984834 -2.3616667 0.5681389
13.024976 -2.3759999 0.6265679
4.9366355 -2.8769395 -0.072693363
17.537548 1.0815238 0.12121429
18.999001 1.007 0.207
19.045933 1.0678 0.19466667
17.412821 1.3218563 0.10783833
17.5422 1.312 0.097999997
18.767 1.277 0.071000002
19.058056 1.4651648 0.15132967
19.056664 1.6344365 0.14891206
19.053251 1.8707467 0.13854569
19.047857 2.0929999 0.13385715
5.350347 -1.3116276 -0.86702377
12.971 -1.4133333 -0.99966669
13.038876 -1.36375 -0.99774998
13.4685 -1.3633 -0.99510002
13.581312 -1.391125 -0.99524999
13.889 -1.3821875 -0.98756248
14.100928 -1.3968929 -0.98803574
14.356667 -1.4703333 -0.98783332
14.634666 -1.4926666 -0.986
14.752 -1.492 -0.99800003
15.1025 -1.336 -0.99549997
15.465722 -1.387 -0.99188888
15.570616 -1.4025356 -0.87498105
5.4766088 -1.2346232 -0.87389857
13.023614 -2.3829153 0.62451464
13.353026 -2.2841053 0.68023682
13.658334 -2.2879524 0.69247621
13.87 -2.29425 0.70891666
14.164546 -2.2970455 0.71431816
14.349533 -2.3013334 0.72053331
14.672345 -2.3029656 0.6746552
14.869613 -2.3021874 0.61061251
15.136985 -2.3035522 0.60210449
15.380984 -2.3028412 0.61238098
15.610575 -2.3097 0.60092503
15.893473 -2.329639 0.63772225
16.125387 -2.3394194 0.64080644
16.375204 -2.354125 0.61803126
16.656153 -2.3405523 0.62267619
16.851511 -2.2983406 0.62806386
4.9353747 -2.8714821 -0.069107145
10.736834 -2.9898334 -0.043166667
10.941078 -2.903311 -0.070328623
11.05597 -2.9586401 -0.10701
11.338333 -2.914 -0.081333332
11.676 -2.9171817 -0.17618182
11.897408 -2.926923 -0.20095384
12.102647 -2.9681323 -0.11448529
12.334954 -2.9139261 -0.17907387
12.610959 -2.9090407 -0.092609756
19.049711 2.1270213 0.13979144
19.046915 2.3724062 0.13930114
19.048477 2.6256108 0.13628523
5.4751596 -1.2360094 -0.87419719
5.6197782 -1.1447904 -0.8483243
16.859983 -2.2978437 0.61026561
11.913647 -2.0387354 0.53226471
12.06275 -2.0645001 0.54025
12.444 -2.2090001 0.50199997
12.523 -2.1429999 0.57300001
12.766 -2.2279999 0.55900002
16.721415 -2.2125366 0.69114631
16.836802 -2.2098372 0.60094184
17.131756 -2.1933415 0.62009758
17.385 -2.1972885 0.65240383
17.629168 -2.1984668 0.61216664
17.899372 -2.2042572 0.63985717
18.086407 -2.2112188 0.63037503
18.371708 -2.2118461 0.64219999
18.571699 -2.2047999 0.61970001
18.921516 -2.1176646 0.63577741
11.915301 -1.9452329 0.53617805
12.045125 -1.896625 0.51725
18.927359 -1.8808632 0.62800854
12.600248 -2.9117463 -0.087268658
12.916487 -2.8376701 -0.15401021
13.012056 -2.8134277 -0.052874215
3.7088332 -2.7490001 -0.065499999
3.9126954 -2.7486207 -0.11147127
4.1801052 -2.7460001 -0.10820527
19.048433 2.6134999 0.14843333
19.051687 2.877563 0.14114566
19.054092 3.1231561 0.13870752
19.055079 3.3697019 0.13711467
5.6273575 -1.1393213 -0.8459928
5.8005147 -1.0297368 -0.8492319
12.1825 -1.025 -0.99950004
12.418467 -1.0276667 -0.99266666
12.617373 -1.0216 -0.84025335
13.12575 -1.12925 -0.99812502
13.409819 -1.1840909 -0.98745453
13.5796 -1.2096 -0.986
13.802 -1.1796666 -0.98399997
14.098 -1.2081667 -0.98624998
14.349333 -1.2146666 -0.9885
3.6825154 -0.82874489 -0.80705613
18.928379 -1.8760946 0.63200498
18.927872 -1.62827 0.63475966
18.926619 -1.3740523 0.63096613
18.926535 -1.1289566 0.62904972
4.1688657 -2.7456615 -0.10444429
4.2600131 -2.7459936 -0.13540259
4.6192412 -2.6004176 -0.18877059
19.055727 3.3823047 0.13810156
17.932289 3.6640513 0.13043873
18.1164 3.6005399 0.12982
18.362974 3.6126666 0.14546154
18.607082 3.6268368 0.13365306
18.859715 3.6611428 0.12485714
19.059668 3.5967824 0.13456106
17.71286 3.8889618 0.12863983
3.6778271 -0.83338916 -0.80747569
3.8115034 -0.8318792 -0.77218795
5.9084263 -0.96406978 -0.8624
6.033 -0.94050002 -0.921
11.980833 -0.78183329 -0.98483336
12.099191 -0.88023812 -0.99109524
12.398913 -0.88269567 -0.99004346
12.664398 -0.87501854 -0.87692595
18.925392 -1.1220473 0.63887161
18.925266 -0.87620807 0.63879812
18.923119 -0.62690395 0.63265562
18.932909 -0.42671612 0.68103874
19.045031 -0.3396804 0.58778352
4.6173234 -2.6028829 -0.19005567
17.71298 3.8930707 0.12420202
17.908039 3.7823529 0.12808824
18.099333 3.812 0.23833333
12.194368 4.2456841 0.089105263
12.8465 4.2490001 0.123
17.705492 4.0208921 0.12133846
17.891788 4.1660089 0.12842731
18.014999 4.2080002 0.248
11.6756 4.4888 0.19319999
11.938405 4.4810915 0.14947328
12.128357 4.3477859 0.11996032
12.394852 4.2866669 0.12357037
12.603734 4.3020277 0.11822936
12.65726 -0.87529844 -0.86126351
3.6418533 -0.63605499 -0.78845835
3.8105385 -0.68634617 -0.84096152
11.923467 -0.64726669 -0.98316669
12.096637 -0.61681819 -0.97772729
12.398705 -0.65211767 -0.98911762
12.71144 -0.68164003 -0.85916001
19.044107 -0.33544615 0.59603077
19.045351 -0.1250807 0.62569124
19.041674 0.12309559 0.62369484
19.04167 0.37232393 0.62531692
19.045492 0.63033897 0.62604237
4.6224236 -2.6017966 -0.19065678
4.931726 -2.6283693 -0.072228424
19.045252 0.6281696 0.6208421
17.347 0.99299997 0.56699997
19.04649 0.87466538 0.61515969
17.422812 1.0355625 0.52762496
17.521999 1.1619999 0.52999997
19.047266 1.117123 0.63453686
19.050718 1.3763357 0.62060219
19.045481 1.6336297 0.64337039
12.71056 -0.68504345 -0.8748098
12.773438 -0.57016039 -0.85204715
11.961214 -0.34878573 -0.97978574
12.067421 -0.3876316 -0.97757894
12.376 -0.389 -0.98788887
12.634809 -0.41952381 -0.9963333
12.832537 -0.3761335 -0.86016756
7.608634 -0.068431698 -0.9264918
12.632081 4.3034353 0.12709677
12.887808 4.3085814 0.12058149
13 4.2969999 0.23
17.929399 4.2565999 0.1104
18.094999 4.2912498 0.051000003
18.328499 4.3494997 0.1025
18.601 4.4095001 0.24250001
18.895445 4.4917779 0.16922222
11.894438 4.5031252 0.1443125
12.241 4.5339999 0.0089999996
12.399333 4.5916667 0.041666668
12.658999 4.6812501 0.087499999
12.825261 4.7125978 0.13906522
18.932085 4.628593 0.1348612
4.9866538 4.7886152 0.13326924
5.166255 4.8571601 0.15375499
4.9314923 -2.6283555 -0.073550485
12.738 -2.5935001 -0.24325
12.927927 -2.599751 -0.20619313
13.015469 -2.631875 -0.080843747
19.04842 1.6210679 0.6209774
19.047993 1.8739384 0.63235867
19.046692 2.1259654 0.629309
19.042356 2.3748913 0.62794143
7.6142616 -0.070187919 -0.93043625
7.7656665 -0.064666666 -0.88266665
11.900077 -0.19169231 -0.99276924
12.114421 -0.13984211 -0.97255266
12.3835 -0.14064285 -0.97471428
12.60275 -0.1785 -0.98549998
12.906959 -0.13360445 -0.86323678
13.0174 -0.01005 -0.90679997
7.6246934 0.035233129 -0.93102455
7.8466001 0.071999997 -0.93519998
8.0489998 0.079999998 -0.95099998
12.187 0.131 -0.99650002
12.289 0.139 -0.99699998
13.136596 0.047423076 -0.8611154
13.362989 0.15274194 -0.89074194
5.1584597 4.8569427 0.14205748
5.3665719 4.9029365 0.13759392
5.6524887 4.9879355 0.1203447
5.7643404 4.9891338 0.12572165
6.1307626 4.9957376 0.13933749
6.3210669 4.9976668 0.17346667
7.2162099 4.9911008 0.10693277
13.017352 -2.6338325 -0.086500004
4.5996008 -2.335048 -0.18794294
19.042631 2.3726842 0.64878947
19.041851 2.6220989 0.62739927
19.044853 2.8734212 0.6299414
19.048635 3.1209469 0.62581062
19.052666 3.3780487 0.61855137
7.2168798 4.9912477 0.11579598
7.3636122 4.9692302 0.12963034
13.37427 0.15306757 -0.87368917
13.542872 0.22621818 -0.85387272
11.91812 0.39284 -0.99796003
12.219 0.4305 -0.9975
12.406067 0.38471112 -0.99633336
12.643774 0.37154838 -0.99322581
12.7741 0.34619999 -0.9928
13.188455 0.38818181 -0.99372727
13.324534 0.37353423 -0.98884934
13.633783 0.31245947 -0.91456759
13.890617 0.38876471 -0.96341175
14.142913 0.3895652 -0.95730436
14.335862 0.39303449 -0.96496552
14.554333 0.39466667 -0.96666664
14.9645 0.39483333 -0.96216667
15.174368 0.38190812 -0.86059457
15.259818 0.47636363 -0.84990907
11.683286 0.70042855 -0.99871427
11.886172 0.63293105 -0.99593103
12.18875 0.649625 -0.99425
12.355787 0.63021278 -0.99448937
12.64075 0.61741668 -0.98905557
12.8745 0.61199999 -0.98800004
13.166066 0.62856668 -0.98996669
13.308156 0.60881251 -0.9885
13.6332 0.64635003 -0.97060001
13.856256 0.61276925 -0.96266669
14.168034 0.61390001 -0.95910001
14.324391 0.625 -0.96295655
14.688833 0.7015 -0.9501667
14.865399 0.58559996 -0.9576
4.6055908 -2.3359215 -0.1897283
4.9142857 -2.3783929 -0.093000002
19.053349 3.3677101 0.62730438
19.055321 3.6267343 0.62474686
17.730999 3.8976667 0.57099998
17.80715 3.90695 0.57819998
18.944244 3.9400001 0.71551108
19.054279 3.8658154 0.60725749
12.173154 4.2445383 0.57146156
18.200001 4.0145001 0.64999998
18.399 4.0409999 0.71733332
18.620615 4.0914617 0.61738461
18.90617 4.1191578 0.63393569
19.041733 4.0326333 0.5359
9.6385002 4.4861059 0.66224241
9.8776627 4.4614544 0.67948055
10.050955 4.4339089 0.6603182
7.3642569 4.969296 0.12890483
7.5310001 4.9801426 0.12957142
12.987 4.7579999 0.046999998
13.105812 4.7740989 0.12190099
13.408785 4.8222146 0.12999329
13.519966 4.81391 0.13826966
18.9326 4.8564 0.11186667
14.8468 0.61180001 -0.95590001
15.172539 0.60907692 -0.9556154
15.342113 0.60995877 -0.8677938
11.399353 0.88629413 -0.99870586
11.632286 0.88014287 -0.99535716
11.846148 0.88107407 -0.99222219
12.150536 0.89264286 -0.98925
12.360147 0.86244118 -0.99155879
12.637875 0.86634374 -0.98712498
12.993 0.76700002 -0.98699999
13.148418 0.87872094 -0.98976743
13.324323 0.86912906 -0.98730648
13.635 0.88389999 -0.96455002
13.908283 0.86255223 -0.89501494
14.111137 0.88486272 -0.92005885
14.395666 0.84516668 -0.94466668
14.606533 0.87873334 -0.94739997
14.889444 0.87777776 -0.94211107
15.165941 0.88217646 -0.94047058
15.436844 0.78859377 -0.91131252
15.670348 0.87891304 -0.92308694
15.850154 0.89446151 -0.91946155
16.077499 0.90799999 -0.91824996
16.85 0.95200002 -0.91100001
11.362857 1.0985714 -0.99914289
11.674539 1.1243846 -0.99400002
11.860032 1.1438065 -0.99019355
12.121051 1.127077 -0.98707694
12.34204 1.0952801 -0.98724002
12.612429 1.1265357 -0.98492861
12.947579 1.1445789 -0.98405266
13.133943 1.1389424 -0.9859423
13.343558 1.109279 -0.98118603
13.717 1.194 -0.75300002
4.9154768 -2.3849521 -0.092103519
10.050348 4.4346523 0.6774348
11.246 4.4806666 0.64166665
11.394394 4.4918303 0.61755759
11.623173 4.4855061 0.61554164
11.909189 4.4778247 0.61718482
12.122372 4.3420696 0.6068837
12.38367 4.2783113 0.60896224
12.62255 4.29392 0.61096001
12.882234 4.3042407 0.61252552
18.926323 4.3782792 0.60867649
18.932634 4.8737965 0.13537425
4.5607009 5.2009277 0.12724742
5.2480001 5.0264997 0.052499998
5.3968749 5.1506252 0.115125
5.6726365 5.0054846 0.13941212
5.9552393 5.0198803 0.13859281
6.1230559 5.0132194 0.12212749
13.6658 1.1301059 -0.87471765
13.885057 1.1386522 -0.86394203
14.104633 1.1252 -0.95073336
14.435445 1.1785556 -0.94866669
14.592667 1.1024667 -0.94819999
14.9078 1.1069 -0.93529999
15.150478 1.1192609 -0.93769562
15.265 1.103 -0.93800002
15.680139 1.1177692 -0.9232769
15.825103 1.1276923 -0.91789746
16.018 1.0369999 -0.921
11.3435 1.258 -1
11.683666 1.3095 -0.99533331
11.8765 1.3307692 -0.99065387
12.137093 1.4421428 -0.89585
12.39 1.3739285 -0.97407144
12.587368 1.3687369 -0.98036844
12.880342 1.3924571 -0.98159999
13.121982 1.3766296 -0.98353702
13.3815 1.36225 -0.97402501
13.590714 1.3717142 -0.96224999
13.885376 1.3300322 -0.87944084
14.088826 1.3738695 -0.94356519
14.369941 1.377647 -0.92811763
14.614375 1.338125 -0.92449999
14.889167 1.3303334 -0.926
15.121895 1.3690526 -0.93463159
15.35425 1.4575 -0.93124998
15.595133 1.416 -0.92166668
15.8425 1.3605001 -0.91700006
9.5939474 1.7275 -0.97439474
9.8546114 1.7372777 -0.96394444
10.142043 1.7414782 -0.98360866
10.32 1.7443334 -0.98933333
12.071867 1.6096333 -0.90023333
4.9205661 -2.3883705 -0.091631815
5.1200085 -2.3381217 -0.12605137
18.929586 4.37778 0.60600001
8.8981705 4.6628108 0.67042071
9.1191769 4.6268411 0.6812765
9.396389 4.5768104 0.6800853
9.5714703 4.5096469 0.66338235
10.459286 4.5577145 0.70235711
10.629069 4.5754023 0.68247128
10.88706 4.6004181 0.6870746
11.11457 4.6109304 0.65279073
6.1166911 5.0124788 0.12083003
6.3637996 5.0111084 0.1088126
6.5924425 5.0206156 0.10101923
12.070522 1.622203 -0.88634032
12.938 1.511 -0.98100001
13.184167 1.5178334 -0.97899997
13.412923 1.5336924 -0.97053844
13.598143 1.5415714 -0.96100003
13.857105 1.5632632 -0.95789474
14.102942 1.5884118 -0.94641179
14.352555 1.5528889 -0.94677776
14.528 1.5 -0.94400001
14.884833 1.5558333 -0.93666667
15.0936 1.63395 -0.93674999
15.393581 1.6806047 -0.9070465
15.627117 1.6093922 -0.92337257
15.853714 1.6298572 -0.92166668
16.4505 1.666 -0.90824997
16.640131 1.6620435 -0.90891302
16.831501 1.63775 -0.91149998
17.436001 1.6395 -0.75349998
17.506668 1.7 -0.75466669
9.4689999 1.9613847 -0.9916923
9.5757751 1.8725439 -0.96919233
9.8607473 1.8641566 -0.95148194
10.156303 1.8661785 -0.94550002
10.343555 1.8565416 -0.94595832
10.559333 1.762 -0.96266669
11.2295 1.9449999 -0.96749997
11.2725 1.971 -0.97249997
11.679643 1.8857857 -0.99592859
5.1236391 -2.3375633 -0.12358123
5.3687339 -2.3399532 -0.12383617
11.112036 4.6110001 0.63778573
11.348706 4.5015292 0.62441176
12.809426 4.7020741 0.62090743
18.925016 4.6262412 0.60081267
4.9823704 4.7694817 0.60851854
5.1264243 4.8203101 0.6210078
5.3865027 4.8982363 0.6228593
6.5840249 5.0218987 0.12099122
6.9029822 5.0695515 0.11888563
11.669222 1.9387778 -0.99666667
11.819216 1.8614595 -0.99759459
12.143313 1.8243433 -0.91998506
12.394334 1.9015714 -0.97795236
12.591556 1.924 -0.98355556
12.887211 1.9536315 -0.97668421
13.102 1.9699091 -0.97990906
13.372084 1.9813334 -0.97100002
16.455999 1.7722499 -0.91149998
16.604401 1.758 -0.91040003
9.4654579 2.12075 -0.98587501
9.5959845 2.1147652 -0.95527273
9.8587217 2.126672 -0.94952458
10.151219 2.1299391 -0.94374388
10.294778 2.0722778 -0.94599998
10.624001 2.1306667 -0.92800003
10.908 2.145 -0.95099998
11.3895 2.09325 -0.98441666
11.643725 2.145575 -0.99580002
11.877531 2.1794374 -0.96265626
12.116 2.1296897 -0.99189657
12.423436 2.1180768 -0.98779488
12.584576 2.1354849 -0.9878788
12.888955 2.1296568 -0.97792536
13.097511 2.1173024 -0.97181398
13.330417 2.1059167 -0.96908331
13.605162 2.1256452 -0.96412903
13.887077 2.1522691 -0.95188463
14.057589 2.1803529 -0.9517647
14.255 2.128 -0.95300001
18.026501 2.1129999 -0.764
9.4726562 2.390125 -0.98250002
5.3689685 -2.3397989 -0.12398697
5.5673218 -2.3335488 -0.13767241
5.828723 -2.2722278 -0.20985149
12.329 -2.2620001 -0.155
12.725 -2.349 -0.233
12.977944 -2.4402778 -0.17122222
5.3598299 4.8874679 0.61904258
5.5949178 4.9755569 0.63
5.9575171 4.9906983 0.63268101
6.0984397 4.9906125 0.62681323
6.9024081 5.0694532 0.11550098
9.4728031 2.3700492 -0.98304915
9.5940685 2.3713419 -0.95840168
9.8494921 2.3857539 -0.95167691
10.10548 2.3694932 -0.9458133
10.364667 2.3963335 -0.93933332
11.142 2.4979999 -0.991
11.40652 2.36448 -0.99480003
11.659141 2.3652112 -0.9713521
11.871824 2.3240383 -0.92125189
12.097643 2.3251071 -0.89603573
12.386408 2.3381112 -0.96188891
12.659333 2.3412223 -0.97811109
12.884417 2.3325167 -0.97651666
13.1062 2.3390801 -0.96715999
13.40175 2.3605001 -0.96662498
13.629286 2.3278573 -0.97014284
13.884594 2.3782814 -0.95850003
14.064 2.3901904 -0.95671427
14.715294 2.4214706 -0.9280588
14.83997 2.3790605 -0.92518181
15.142653 2.3706155 -0.92150003
15.378829 2.4024634 -0.91826832
15.619071 2.4001429 -0.91842854
15.8701 2.4465001 -0.91540003
16.079979 2.4647143 -0.84426528
17.988333 2.3840001 -0.75166667
9.4589796 2.6323061 -0.98291838
12.984868 -2.4312308 -0.14406593
13.014049 -2.4491892 -0.10835135
15.9655 -2.3065 -0.011
16.120317 -2.3081365 -0.067500003
16.403223 -2.3071296 -0.11633334
16.628 -2.3105714 -0.12093651
16.863939 -2.3114848 -0.11451515
17.136456 -2.3140182 -0.11923636
17.391329 -2.3086712 -0.11406849
17.582972 -2.3008001 -0.1082
17.878162 -2.3149354 -0.1827742
18.099199 -2.3102801 -0.20228
18.301779 -2.3001111 -0.17988889
18.61219 -2.3158572 -0.19995238
18.922443 -2.317889 -0.15458333
19.058256 -2.2867565 -0.18271795
5.4701667 -2.0793471 -0.23056944
5.6214962 -2.1061151 -0.22578417
6.1061015 4.9897208 0.62548572
6.3219585 4.9928427 0.6230787
6.6101537 4.995923 0.61774361
7.2384996 4.9984999 0.57050002
7.3873534 4.9781241 0.61140633
8.9729996 4.7670002 0.66550004
9.2178917 4.9364128 0.6785652
9.266696 4.949739 0.66600001
12.997 4.75 0.65799999
6.8812943 5.0730591 0.10388235
7.0957408 5.0268459 0.12930189
5.6041837 -2.0829287 -0.22853062
5.8502359 -2.1073995 -0.21742566
6.1136804 -2.103014 -0.20791666
6.331337 -2.0803263 -0.1913579
6.5113335 -2.1896667 -0.18866667
11.815681 -2.0835738 -0.132569
13.112903 4.7711387 0.62154168
13.413894 4.8266702 0.62974471
13.518232 4.8254886 0.63174421
18.926016 4.874259 0.59707308
4.5405807 5.2124891 0.62081182
5.2215004 5.0065002 0.70200002
5.3628259 5.1172609 0.62956524
5.7034011 5.0126538 0.61823076
5.8567142 5.0399909 0.61611605
6.1215553 5.0017776 0.59744447
9.4630852 2.6170001 -0.97992682
9.6133919 2.6187844 -0.9562549
9.8582153 2.627723 -0.95216924
10.087297 2.6141622 -0.94332433
10.345815 2.6390371 -0.9359259
11.133875 2.6018126 -0.99143749
11.318143 2.5972857 -0.99742854
11.642158 2.6007895 -0.99742109
11.889463 2.6045854 -0.98202437
12.123296 2.6545925 -0.98477775
12.326238 2.6432381 -0.97757143
12.660038 2.6701922 -0.98011535
12.874143 2.6772654 -0.97971427
13.13115 2.66465 -0.96880001
13.367143 2.6642857 -0.95614284
13.638 2.6357143 -0.95671427
13.890429 2.6366668 -0.95680952
14.049167 2.5836668 -0.95733333
14.4635 2.6415 -0.92699999
14.670511 2.6165779 -0.92444444
14.855434 2.6104348 -0.89417392
15.144285 2.5985715 -0.89742857
15.353954 2.6051364 -0.84453899
15.5588 2.5116 -0.87599999
15.917857 2.5504286 -0.8775714
16.06678 2.5499001 -0.84504002
9.4504089 2.784409 -0.9811818
9.6484146 2.8085093 -0.95666039
9.8646669 2.9206667 -0.95366669
7.0873699 5.0275011 0.12360742
6.1156125 5.033175 0.59198749
6.4269018 5.0077929 0.62090164
6.5717826 5.0116525 0.60404778
6.887671 5.0906076 0.62800002
11.818911 -2.0898283 -0.14187314
12.0906 -2.2216001 -0.16060001
16.238001 -2.2409999 -0.242
17.390596 -2.2156923 -0.055711538
17.597654 -2.2046206 -0.068344824
17.856071 -2.1991429 -0.04892857
18.163889 -2.2093334 -0.049777776
18.396889 -2.2090001 -0.028666668
18.615572 -2.2184286 -0.026714286
18.961227 -2.1246102 -0.054647058
19.058207 -2.1267617 -0.18102072
5.4797502 -1.757 -0.228
5.6550045 -1.9072803 -0.233743
5.8536129 -1.8687189 -0.21743779
9.8876524 2.8323479 -0.94995654
10.117435 2.8785 -0.9421739
10.314539 2.8371539 -0.93769228
10.670622 2.952378 -0.88184148
10.87548 2.9464266 -0.87449336
11.056095 2.9354763 -0.87852383
11.389 2.924 -0.99800003
11.674429 2.8578572 -0.99599999
11.880859 2.8823438 -0.98798436
12.130634 2.8809268 -0.98085368
12.366724 2.8516552 -0.98458618
12.660244 2.8750896 -0.98006409
12.850454 2.8728864 -0.97420454
13.101807 2.8692582 -0.96780646
13.385952 2.8832381 -0.95895237
13.635724 2.874069 -0.95089656
13.827933 2.8522666 -0.94673336
14.700539 2.8970385 -0.93892306
14.835051 2.8625546 -0.86123109
15.168083 2.7694166 -0.90116668
15.33651 2.7875686 -0.84380394
15.697 2.9072499 -0.82249999
15.84 2.9289999 -0.76800001
16.104401 2.9893999 -0.76880002
10.11675 3.0105 -0.94362497
10.697254 3.0778983 -0.88622034
7.0963206 5.0273204 0.1263932
7.2834997 5 0.21450001
7.6678638 5.068409 0.13604546
7.9086738 5.1581569 0.12047613
8.123229 5.1308031 0.12096721
6.8995881 5.0885186 0.61163449
7.104907 5.0361981 0.61084616
5.8497176 -1.8647685 -0.21493055
6.1177754 -1.9737245 -0.21115306
11.798883 -1.8681761 -0.13446057
10.727 3.0533333 -0.85633332
10.805648 3.1367531 -0.85376543
11.089666 3.1326666 -0.884
11.402833 3.0923333 -0.96533334
11.69105 3.1522999 -0.90289998
11.895452 3.0827212 -0.9153173
12.107127 3.1501384 -0.93535107
12.404 3.1083889 -0.96016669
12.63561 3.0975001 -0.97782815
12.873905 3.115762 -0.97204763
13.100708 3.1257083 -0.95720834
13.388616 3.1201539 -0.95161539
13.6735 3.1466668 -0.94566667
13.75775 3.065125 -0.94524997
14.428684 3.1371052 -0.93752629
14.6415 3.1306922 -0.93530768
14.886892 3.0462568 -0.87813514
15.139579 3.1760526 -0.90247369
15.352765 3.1935883 -0.91711766
15.569 3.2316668 -0.90100002
15.895 3.223 -0.76099998
16.119102 3.1179852 -0.76883823
10.678313 3.3090894 -0.85911942
10.86911 3.3189025 -0.86110973
11.1515 3.3443334 -0.96350002
11.4368 3.3446333 -0.99360001
11.612562 3.3951876 -0.97993749
8.131875 5.1287308 0.11413526
8.3787613 5.1213646 0.12092452
7.1079693 5.035275 0.597736
7.2852025 5.0060062 0.61639261
7.5992856 5.0433574 0.59114283
7.9125342 5.1782823 0.61655784
11.801772 -1.8644111 -0.12259445
12.057974 -1.7594615 -0.042256411
18.971075 -1.8765298 -0.054671641
19.060555 -1.878987 -0.18160263
5.3368487 -1.6760349 -0.23132558
5.7078462 -1.6783681 -0.18901159
5.8035455 -1.6370909 -0.19181818
11.591333 3.3962858 -0.98914284
11.837 3.28 -0.76099998
12.205566 3.4402771 -0.80315661
12.308804 3.3900492 -0.83760655
12.9395 3.2610002 -0.96749997
13.0768 3.3116 -0.95700002
13.401501 3.3628333 -0.94483334
13.66332 3.3682401 -0.94559997
13.956 3.3280001 -0.92400002
14.158882 3.3991177 -0.93747061
14.38379 3.3612106 -0.93678945
14.627783 3.383261 -0.93504345
14.935088 3.4210882 -0.92067647
15.1166 3.4123368 -0.90227365
15.356837 3.3752558 -0.89769769
15.608474 3.3657105 -0.9179737
15.84784 3.3982401 -0.90855998
16.077429 3.3421428 -0.84285712
16.356833 3.4308333 -0.90033334
16.612999 3.4646666 -0.89166665
11.955 3.661 -0.921
12.162584 3.620723 -0.79964101
12.816 3.5539999 -0.88499999
13.292 3.6819999 -0.92199999
13.665 3.5005 -0.9465
13.9415 3.5585001 -0.93800002
14.100416 3.56675 -0.93808335
14.379847 3.6191537 -0.93469232
14.611261 3.6190434 -0.9317826
14.927167 3.6638 -0.91113335
15.071721 3.6340697 -0.87437207
15.3593 3.65115 -0.89130002
15.6285 3.67275 -0.88749999
15.897091 3.6140001 -0.88281816
16.063999 3.5509999 -0.8678
16.362667 3.5425 -0.89700001
16.662409 3.6644545 -0.83445454
16.911167 3.6196666 -0.86549997
17.040571 3.6194286 -0.88942856
8.3765392 5.1192331 0.11788835
8.5782652 5.1288071 0.14393489
8.7650003 5.1338573 0.20171429
18.936306 5.1237421 0.13816258
4.5561285 5.3512774 0.14447525
7.9063334 5.1797776 0.6392222
8.1328516 5.1462178 0.61853075
8.3982182 5.135313 0.61416757
8.6169577 5.1396265 0.61865127
8.8713131 5.1421494 0.6282109
5.816967 -1.6226718 -0.18047266
17.033001 3.6645999 -0.88880002
17.601334 3.7116666 -0.87533331
17.883499 3.744 -0.86250001
2.9708333 3.921 -0.77336669
3.1095231 3.9592462 -0.8392154
12.20923 3.7693076 -0.77703846
12.253333 3.7943332 -0.7883333
14.455999 3.7595 -0.93199998
14.5726 3.7967999 -0.93019998
14.932622 3.8335407 -0.9194324
15.118296 3.8507841 -0.86465907
15.381111 3.9566667 -0.91055554
15.620251 3.8815 -0.90275002
15.866333 3.7876668 -0.889
16.201 3.9219999 -0.89899999
16.435667 3.9393334 -0.89933336
16.653214 3.8111475 -0.82250822
16.920727 3.9531817 -0.87109089
17.133501 3.8270001 -0.86124998
17.352501 3.8395 -0.85699999
17.628834 3.8431666 -0.87027776
17.914499 3.8239706 -0.85776472
18.095667 3.8712223 -0.84119445
18.406822 3.9108222 -0.78586668
18.576 3.9480588 -0.80735296
18.927999 3.9630001 -0.83399999
2.93448 4.0588799 -0.76899999
3.1096578 4.0544739 -0.81449997
12.5295 4.0100002 -0.986
13.249 4.191 -0.94499999
13.408563 4.1885624 -0.94268751
13.532714 4.2020001 -0.94128573
15.196 4.0173335 -0.92616665
15.380563 4.0426874 -0.92081249
15.62875 4.1023331 -0.91058332
15.8623 4.1378999 -0.903
16.525999 4.2399998 -0.89600003
16.927999 4.0689998 -0.89099997
17.021999 4.0836668 -0.89200002
17.4167 4.1242499 -0.86865002
17.61216 4.1678801 -0.86243999
17.860703 4.2125616 -0.79422808
18.13785 4.1820502 -0.79334998
18.413519 4.073741 -0.79348147
18.661646 4.0992579 -0.81067741
18.816359 4.1385384 -0.82223076
3.599 4.46 -0.91900003
12.9195 4.3330002 -0.79449999
13.428534 4.3045335 -0.94639999
13.600266 4.388 -0.94739997
14.1855 4.4435 -0.93274999
14.316833 4.4794998 -0.93366665
16.458 4.3234997 -0.89100003
16.61075 4.3562498 -0.88837498
16.877333 4.3985 -0.88991666
17.181555 4.4496665 -0.87255555
17.366428 4.4570003 -0.87342858
17.643478 4.3692608 -0.87530434
17.834946 4.3414326 -0.83454055
18.129002 4.4064999 -0.85099995
4.5599236 5.3683558 0.12363492
4.801857 5.4114285 0.10642857
5.1131988 5.4184718 0.11815341
5.365201 5.4016781 0.12214368
8.8755569 5.141367 0.62474686
9.068964 5.1401582 0.62718707
9.3527269 5.1501818 0.64172727
9.6222 5.1814003 0.70499998
18.929611 5.1223474 0.60132337
4.5364518 5.3704362 0.62240571
5.8176308 -1.6200328 -0.18113691
6.0369658 -1.5810441 -0.12892157
6.4496684 -1.5841105 -0.19666861
6.514442 -1.5688372 -0.1921628
11.916372 -1.7416279 -0.21132559
12.065783 -1.7290696 -0.16517392
12.253 -1.73 -0.17399999
18.970219 -1.6332909 -0.055763636
4.9277787 -2.4056315 0.86748224
5.1163483 -2.3463333 0.87069696
18.131332 4.3787498 -0.83616668
18.3006 4.3526001 -0.824
18.674999 4.4886665 -0.82133335
18.923834 4.2711668 -0.79783332
3.608 4.5948 -0.92000002
3.9428518 4.7059631 -0.98766667
14.212667 4.5728889 -0.93699998
14.387576 4.6295452 -0.93030304
14.643027 4.6785674 -0.93045944
14.837055 4.6845555 -0.92533332
15.084583 4.7274165 -0.91799998
16.900801 4.5109997 -0.8854
17.184601 4.5728002 -0.87639999
17.399771 4.6155715 -0.87488574
17.586124 4.6061873 -0.87268752
17.833 4.6103334 -0.85977781
18.136929 4.6240001 -0.85142857
18.280001 4.5510001 -0.84850001
18.689884 4.642077 -0.84092307
18.897064 4.6474156 -0.83096105
19.061262 4.6569524 -0.78466666
3.9678857 4.8621812 -0.95655239
4.0935564 4.8825755 -0.93391508
4.2529998 4.9723334 -0.92400002
7.1566091 4.9795823 -0.86573315
7.3814616 4.9406157 -0.89830768
4.5368176 5.3775563 0.62766957
4.8018751 5.4376249 0.64749998
5.0987568 5.4109349 0.63189566
18.958799 -1.6348 -0.042199999
19.05822 -1.6455384 -0.17477472
5.4722729 -1.263 -0.24236363
5.6656647 -1.3858044 -0.23892179
5.9124603 -1.3900545 -0.22576733
6.1397491 -1.3416708 -0.21181069
5.1178823 -2.3460634 0.87140846
5.3678355 -2.3474803 0.86889035
7.3606491 4.9435201 -0.87547016
7.5507002 4.9574499 -0.95319998
14.665286 4.8250952 -0.92547619
14.894628 4.8522091 -0.92013955
15.107306 4.8640833 -0.91480553
15.2945 4.8164997 -0.91149998
15.639125 4.9666247 -0.83450001
17.588501 4.7690001 -0.86500001
17.9016 4.8257999 -0.85119998
18.165428 4.8515 -0.85057139
18.463001 4.98525 -0.84574997
18.63681 4.8808331 -0.84092855
18.855564 4.8755107 -0.83306384
19.058924 4.8674998 -0.77959615
3.9353685 5.1091318 -0.94257897
4.1293621 5.1374059 -0.93285507
4.3010907 5.1421514 -0.92513639
4.5927224 5.2228889 -0.76555556
6.4036021 5.0380225 -0.80779546
5.1081047 5.4062834 0.6232388
5.3695307 5.3939185 0.62676686
5.5566258 5.3779364 0.62741566
6.2091174 5.3620586 0.6030196
6.3042836 5.381752 0.61839718
6.1170759 -1.3341519 -0.21489874
6.3589015 -1.4150983 -0.19944263
6.5039997 -1.4860001 -0.19150001
18.942364 -1.4766364 -0.023727272
5.4476666 -1.2211052 -0.23975438
5.5746112 -1.2320555 -0.23119445
5.8865652 -1.1140252 -0.23166601
6.1362343 -1.1497518 -0.2158
6.3466187 -1.1639322 -0.1999322
5.3615513 -2.3480442 0.86644852
5.5314641 -2.35079 0.87744749
12.996765 -2.3748825 0.83764708
13.013583 -2.3744197 0.87033117
13.4482 -2.2869999 0.75620002
13.5958 -2.2907 0.76840001
13.8992 -2.2982001 0.77600002
14.095846 -2.300154 0.79023075
14.426571 -2.3034999 0.77999997
14.63515 -2.30335 0.79470003
14.916421 -2.3001578 0.79926318
15.142143 -2.3027143 0.79614288
15.377371 -2.2994075 0.79822224
15.624136 -2.2985001 0.82440907
15.88275 -2.3104167 0.79762501
16.114422 -2.3045263 0.8373158
16.380541 -2.3136251 0.81529164
16.653032 -2.2986722 0.81883609
16.756001 -2.3031001 0.7586
12.99475 -2.18925 0.86199999
13.039475 -2.19175 0.87457502
6.3079467 5.3771734 0.61030668
8.616931 5.2947221 0.62129164
9.4537125 5.2858028 0.65586364
9.6064997 5.2922239 0.66352874
9.785531 5.2910314 0.68590623
13.184859 5.386797 0.6461094
13.381142 5.3801818 0.64345455
13.513 5.3839998 0.59600002
18.931736 5.3748398 0.59887385
4.5418277 5.6365347 0.6185776
6.4058247 5.0379953 -0.80347925
6.6098466 5.0429487 -0.82115811
6.8775744 5.0425668 -0.85811728
7.0403371 5.0087752 -0.87251687
6.358674 -1.1555185 -0.19885926
12.625135 -1.036 -0.21321622
12.887922 -1.0197968 -0.12190625
13.1575 -1.0407 -0.1186
13.380875 -1.074875 -0.1515
13.659 -1.0089999 -0.015
13.885333 -1.016 -0.015333333
14.081 -1.0319999 -0.048
18.941839 -1.06648 -0.033519998
5.7249999 -0.86400002 -0.191
5.8598804 -0.92186415 -0.20905977
6.0040002 -0.99599999 -0.207
12.683376 -0.8795734 -0.1806422
12.901435 -0.87452912 -0.1319686
13.099105 -0.88716191 -0.091990478
4.5408969 5.6174951 0.62835783
4.9545002 5.6280475 0.61309522
5.0266428 5.6080523 0.63752133
18.931171 5.6261096 0.60410357
3.4979999 5.8099999 0.72299999
3.6464851 5.876955 0.60832834
13.054816 -2.1947501 0.87741667
13.387341 -2.1654546 0.89363635
13.6013 -2.17344 0.89480001
13.880349 -2.1731396 0.90160465
14.119866 -2.1726334 0.92159998
14.377571 -2.1732857 0.92185712
14.603765 -2.1767647 0.94326472
14.87065 -2.1775 0.93669999
15.117541 -2.1812916 0.94129169
15.392353 -2.1875293 0.93199998
15.595 -2.1896875 0.94168752
15.86145 -2.1947 0.94894999
16.126059 -2.1917646 0.94635296
16.3365 -2.2031667 0.90033334
16.627361 -2.2127242 0.82193106
16.867947 -2.1937027 0.85297298
17.1182 -2.1944401 0.83380002
17.359138 -2.1965172 0.86144829
17.628656 -2.1998286 0.88302857
17.852177 -2.2011764 0.88517648
18.111067 -2.2098668 0.85743332
18.374619 -2.208647 0.86391175
18.582062 -2.2077501 0.88387501
18.918573 -2.1181951 0.87061411
18.923388 -1.8833978 0.87424731
7.0447693 5.0082116 -0.86965382
7.6849999 5.0432224 -0.89233333
7.9058404 5.1238437 -0.8684721
8.1231432 5.097549 -0.86860222
8.3574944 5.0925331 -0.88482225
8.5783567 5.1304283 -0.79710716
15.147 5.0203333 -0.91400003
15.26875 5.0322499 -0.917
15.619053 5.0160527 -0.82721055
16.191 5.1426001 -0.87040001
16.331499 5.1631665 -0.86666667
16.606251 5.2140002 -0.88450003
16.759001 5.224 -0.89300001
18.6796 5.0635333 -0.84086668
18.85281 5.0803967 -0.83412069
19.058214 5.1176429 -0.7794286
13.102561 -0.86945122 -0.092878051
13.362917 -0.87516665 -0.060583334
13.619948 -0.9105128 -0.039769232
13.828236 -0.87199998 -0.027176471
15.969 -0.7705 -0.039999999
16.086666 -0.78946668 -0.050866667
18.953667 -0.98825002 -0.033833332
19.060667 -0.90426666 -0.038400002
12.726202 -0.67478573 -0.21529762
12.859687 -0.6042757 -0.17036757
13.083407 -0.65092033 -0.1099823
13.405356 -0.56153911 -0.076573916
13.519695 -0.5423913 -0.079130433
15.946333 -0.70316666 -0.035500001
16.085833 -0.72616667 -0.050666668
12.856081 -0.38471097 -0.19763006
3.6316562 5.8729377 0.61028123
3.8951824 5.9160829 0.61733615
4.1152306 5.9559932 0.61950171
4.2810307 5.9659538 0.62230772
4.5435767 5.8819537 0.61380428
18.923174 -1.8733473 0.86920357
18.925066 -1.6268423 0.86511153
18.924112 -1.3755356 0.86825466
18.919863 -1.1252509 0.8653574
18.918896 -0.8770597 0.85114926
19.07375 5.1233125 -0.76731253
3.9359334 5.303 -0.96653336
4.1694999 5.3708391 -0.92883927
4.3746858 5.3536716 -0.92078573
4.584116 5.4011502 -0.83269101
4.7779999 5.4195004 -0.78649998
5.0820003 5.4366813 -0.77005798
8.6900005 5.3008332 -0.76950002
8.8050003 5.3740001 -0.75400001
16.215 5.3123331 -0.88566667
16.326668 5.3578334 -0.88683331
16.5945 5.4331665 -0.89416665
16.847918 5.454917 -0.88666666
17.133104 5.3975792 -0.88526314
17.284 5.4623332 -0.88066667
19.072714 5.314857 -0.75357145
4.2262001 5.5226002 -0.92820001
4.4412127 5.6476598 -0.8983404
4.5876956 5.5966954 -0.83900285
4.9299998 5.5566669 -0.78833336
5.0427618 5.5919523 -0.79766667
16.6485 5.5304999 -0.87950003
16.891737 5.5688419 -0.88689476
17.118055 5.5783334 -0.88055557
17.283001 5.5440001 -0.88
17.743 5.5957999 -0.85780001
17.834429 5.6458569 -0.81485713
12.853543 -0.37684783 -0.19741304
13.135457 -0.38429287 -0.13027857
13.37709 -0.36547524 -0.076072611
13.5334 -0.2834 -0.069200002
14.879133 -0.26326665 -0.037533335
15.096727 -0.31818181 -0.025
12.913249 -0.13043655 -0.20037057
13.105231 -0.09927687 -0.099928342
4.5433984 5.8794928 0.6151377
18.930561 5.8340278 0.60462499
19.031 5.9359999 0.64499998
4.5477142 6.0112858 0.57207143
5.2007561 7.1700487 0.61541462
5.3824182 7.2066426 0.6366654
5.4530001 7.2550001 0.66400003
26.67688 8.4179831 0.63965517
5.2036667 8.6960001 0.63099998
26.617323 8.6166878 0.62681252
26.620937 8.7724371 0.63887501
26.693275 9.4173107 0.63017243
26.629 9.8500004 0.616
7.6240001 13.492001 0.71566665
8.1215 13.493999 0.60600001
7.6498847 13.561741 0.62485576
7.8668919 13.552919 0.59894598
18.917847 -0.87798506 0.86975121
18.9137 -0.62517422 0.87011153
18.916048 -0.37438291 0.86575836
19.023001 -0.26466668 0.76433337
18.926525 -0.20467213 0.92781967
19.04208 -0.105095 0.83802003
17.820879 5.6407757 -0.82012069
19.078999 5.5144997 -0.75150001
4.4775715 5.7854285 -0.88857144
4.5714259 5.8234072 -0.85407406
17.449142 5.7765355 -0.80553573
17.635069 5.7933793 -0.82782757
17.846741 5.7944026 -0.81823379
19.067444 5.835 -0.75277776
4.5853333 6.0186667 -0.76933336
5.3520002 7.2389998 -0.850375
5.4247456 7.2866273 -0.87873727
5.5479999 7.354353 -0.90747058
21.1805 7.4580002 -0.78549999
5.6160002 7.5404997 -0.95899999
21.359001 7.5450001 -0.77700001
21.643 7.6553998 -0.76719999
5.2199998 8.776 -0.99033332
5.2589998 8.8610001 -0.99900001
5.4699998 9.2489996 -0.99400002
5.4644442 9.8123894 -0.78405553
5.9819999 10.488 -0.995
6.1110001 10.495501 -0.99699998
6.1616669 10.569667 -0.995
6.9965 12.327499 -0.75300002
7.1419482 12.342604 -0.8447414
7.2957778 12.351222 -0.92966664
7.5938334 12.716 -0.93849999
7.6745758 12.807848 -0.91533333
11.6745 -4.5727501 -0.56700003
11.754 -4.599 -0.54299998
2.7241111 -4.468111 -0.51805556
2.9004655 -4.4583578 -0.5774923
3.1571219 -4.4535608 -0.59557319
13.1006 -0.094563633 -0.10347272
13.350282 -0.22546154 -0.1045641
13.57 -0.24600001 -0.145
14.959 -0.24616666 -0.063833334
15.089652 -0.21221739 -0.048086956
15.397693 -0.19053847 -0.049615383
15.619333 -0.18216667 -0.056333333
0.9975 0.24700001 -0.16599999
1.1016667 0.23199999 -0.19266666
1.4246 0.2396 -0.2262
13.163433 0.047085714 -0.12774694
13.375479 0.14016667 -0.15623958
13.553097 0.22288889 -0.16468056
15.4059 0.08145 -0.03115
15.67896 0.19554667 -0.074639998
15.836333 0.19641666 -0.043166667
16.035999 0.185 -0.023
19.059 0.142 -0.033
0.72249997 0.3775 -0.024
0.95496815 0.4466773 -0.091171317
7.8735456 13.560969 0.60154545
8.1062145 13.539071 0.64485717
4.6094999 -4.5009999 0.88150001
10.942582 -4.5933819 0.84389091
11.118671 -4.592607 0.85832858
11.371303 -4.5949612 0.86972094
11.618443 -4.5948763 0.86126804
11.866422 -4.5967941 0.86629409
12.115436 -4.5963335 0.87236112
12.370194 -4.5967474 0.88036895
12.624053 -4.5952449 0.88839364
12.87904 -4.5968218 0.89556438
13.099375 -4.5960312 0.89906251
19.041115 -0.10911538 0.84065384
19.041544 0.12611334 0.85957998
19.040609 0.37392107 0.86049342
19.040186 0.62692809 0.8552745
19.039082 0.86996776 0.8586129
3.1370692 -4.4537134 -0.60171598
3.3804629 -4.4627147 -0.62281668
3.612323 -4.4650459 -0.60369229
0.95890719 0.44776994 -0.098714434
1.1647273 0.32939395 -0.1739697
13.135211 -4.5971971 0.88980281
13.370569 -4.5977616 0.89364219
13.63356 -4.5989914 0.88727587
13.883075 -4.6001868 0.87810278
14.127689 -4.6006117 0.87190288
14.368233 -4.5998373 0.83911628
14.62352 -4.6069479 0.83406496
14.859945 -4.5745311 0.82633793
15.11225 -4.5646877 0.95481253
3.1929512 -4.4738293 0.77424389
3.3916643 -4.4707298 0.82042336
19.041256 0.87952989 0.85703421
19.044806 1.121941 0.85186112
19.045933 1.3732765 0.852
19.042805 1.6303205 0.84077513
3.609468 -4.4642415 -0.61131823
3.902184 -4.4595032 -0.61367482
1.1001885 0.37962207 -0.1730918
3.3908443 -4.4719558 0.82200003
3.626538 -4.4683518 0.85833102
3.8924129 -4.4749918 0.85531062
19.040571 1.6091429 0.86901784
19.043356 1.8741837 0.84889454
19.040615 2.1253412 0.85294509
19.037045 2.3778346 0.84837592
19.038843 2.6244187 0.84554452
3.8994443 -4.4575291 -0.62436205
4.1296039 -4.4773259 -0.62682593
1.0987676 0.37152052 -0.1846621
3.8713253 -4.4734578 0.86784339
4.1225743 -4.4764705 0.86728448
4.3782353 -4.4825015 0.85671192
19.03945 2.6279185 0.85110205
19.042517 2.8726492 0.84839922
19.04571 3.1239283 0.84537452
19.049231 3.3737807 0.84119332
18.949684 3.7259474 0.94478947
19.050808 3.6232021 0.83558512
4.123095 -4.4765348 -0.6120519
4.3796172 -4.4664645 -0.62885159
1.1050498 0.37589648 -0.15993066
4.3729086 -4.4806285 0.8614071
4.6277037 -4.4830065 0.87514424
19.052753 3.6185737 0.85319674
18.931126 3.8854744 0.85686976
19.034939 3.7906735 0.79491836
12.16 4.2449999 0.75300002
18.924965 4.125896 0.84761387
9.493 4.4990001 0.921
9.6443129 4.4873867 0.87531286
9.8717613 4.4617901 0.8643707
10.038043 4.4357858 0.85581428
4.3853173 -4.4649782 -0.62906522
4.6104722 -4.4743543 -0.63948774
4.8963737 -4.4187393 -0.62452173
1.0957735 0.37865332 -0.17515625
4.6140876 -4.4859648 0.87070173
4.8745718 -4.4164777 0.86066496
10.04376 4.4334798 0.87099999
11.2362 4.4948001 0.97960001
11.395297 4.4942374 0.8902871
11.633194 4.486403 0.87795162
11.900299 4.4794307 0.86813194
12.192325 4.2855749 0.91317499
12.384974 4.2760801 0.84837502
12.631566 4.2915554 0.84870708
12.876455 4.3016238 0.83646536
18.926489 4.375052 0.84908658
8.8914595 4.6532164 0.88708109
4.8999596 -4.4035659 -0.62459093
10.365714 -4.2825713 -0.57914287
10.6616 -4.2732 -0.71700001
10.8492 -4.2947998 -0.61000001
11.177 -4.4190588 -0.67470586
1.0924648 0.35564062 -0.18694434
4.8691554 -4.4189095 0.85726315
14.886374 -4.3787661 0.80258709
15.122984 -4.3787618 0.94550794
4.9166565 -4.1319199 0.87224102
8.8885727 4.6564183 0.87988639
9.1159906 4.6236 0.88049048
9.3906279 4.5693316 0.87420106
9.5550222 4.5038042 0.85158694
10.462162 4.5695405 0.88151354
10.620239 4.5863023 0.88168752
10.859064 4.6089149 0.88823402
11.1336 -4.4221997 -0.68540001
11.438945 -4.3655372 -0.66836572
11.523714 -4.3072858 -0.60857141
2.8835001 -4.1989999 -0.69400001
3.1700001 -4.1009998 -0.71600002
3.4565001 -4.0450001 -0.72249997
3.6343999 -4.0713 -0.63115001
3.8505332 -4.1343331 -0.59180003
4.0808573 -4.1114764 -0.66095239
4.3319998 -4.2329998 -0.62900001
4.9459605 -4.1529536 -0.61532289
1.1038525 0.3749795 -0.16629004
4.9163504 -4.1377239 0.86734629
14.879436 -4.1321783 0.79646039
15.116647 -4.1159019 0.93809801
10.877824 4.6100979 0.87572551
11.094942 4.624207 0.88111496
11.3293 4.5222998 0.92075002
12.724334 4.6836667 0.82966667
12.820375 4.7047501 0.85502499
13.008 4.7480001 0.91000003
18.923401 4.6234169 0.85805404
4.9920001 4.7652855 0.76142859
5.1202464 4.8442607 0.77434784
5.3864412 4.9174705 0.76811767
5.5338421 4.961 0.76689476
5.9574447 4.9803505 0.86415911
6.1054287 4.9803967 0.85424602
4.9468608 -4.1463323 -0.62524712
9.7410002 -4.0359998 -0.67299998
9.950839 -4.1513224 -0.55690324
10.124535 -4.1486359 -0.56265891
10.350277 -4.1230459 -0.58423078
10.572001 -4.1950002 -0.61962497
10.8682 -4.2104001 -0.63020003
11.466424 -4.1169629 -0.66359776
11.544243 -4.1238184 -0.6068182
2.596 -3.786 -0.63099998
2.9444001 -3.7656 -0.67079997
3.181 -3.8241765 -0.68982351
3.3621521 -3.8491638 -0.70508188
3.6294 -3.8296001 -0.66420001
1.0920557 0.38031152 -0.17246191
15.137375 -4.1231251 0.95362502
4.9150639 -3.874321 0.86187893
6.1061239 4.980545 0.85126626
6.3413968 4.9926686 0.87016875
6.5761251 4.9962969 0.84946877
7.3970046 4.9848137 0.86007726
8.9300003 4.75 0.85900003
9.2016325 4.9377699 0.88355172
9.2632217 4.9406667 0.84955555
3.6442499 -3.84495 -0.61385
3.8619807 -3.8427184 -0.64196116
4.0202503 -3.9499998 -0.66074997
4.939806 -3.9338939 -0.62082505
11.450763 -3.8696141 -0.66335088
1.1080498 0.36714941 -0.17803614
4.9151292 -3.8669932 0.85656464
14.875766 -3.9100966 0.79600692
15.121073 -3.904 0.94285369
4.919126 -3.6253777 0.86256731
13.148133 4.77665 0.84953332
13.431698 4.8266416 0.86328304
13.515 4.8306112 0.84933335
18.923483 4.8729076 0.86309648
4.5533848 5.180923 0.77638459
5.2329998 5.0170002 0.78399998
5.3778667 5.1012001 0.83759999
5.663981 5.0744038 0.79213464
5.8519039 5.0825343 0.81663013
6.0773106 5.096724 0.91862071
6.4263973 5.0057683 0.85356331
6.5805626 5.0111632 0.8679471
6.9060001 5.092711 0.85951114
11.460006 -3.8665421 -0.66313857
11.536037 -3.8733704 -0.60814816
2.4751875 -3.536375 -0.60987502
2.5476944 -3.5545557 -0.59302777
2.8640001 -3.6423845 -0.65430766
3.1432858 -3.6334286 -0.69057143
3.4043653 -3.6418564 -0.69417828
3.6011622 -3.6502702 -0.64221621
3.7748749 -3.7259374 -0.66250002
4.6242003 -3.5439084 -0.6199531
1.0999453 0.35589844 -0.18373731
4.9190178 -3.6246009 0.86467195
15.09 -3.539 0.90700001
4.9191723 -3.3766615 0.86898452
6.9055691 5.0925961 0.8638128
7.1184225 5.0424323 0.86816466
7.2946138 5.011456 0.87708771
4.6240635 -3.5437233 -0.62254
4.7675714 -3.7304287 -0.67514282
11.446646 -3.6627293 -0.67821527
2.4739659 -3.396034 -0.62279546
2.6392887 -3.3214352 -0.65791297
2.8805714 -3.2762856 -0.67828572
1.1027461 0.3861787 -0.16782618
4.9194918 -3.3757443 0.86940414
14.853333 -3.3759999 0.77333331
15.075666 -3.4289999 0.92466664
4.9244061 -3.1259563 0.86540604
4.9241552 -3.1228955 0.86154687
1.1069522 0.35531738 -0.18714648
7.2987847 5.0125694 0.8858
7.6427221 5.0870557 0.87099999
7.9119964 5.1890483 0.87185502
8.129303 5.1560259 0.86853367
8.4014196 5.143652 0.879884
8.6086378 5.1405048 0.86419046
2.8538797 -3.27121 -0.67813581
3.1339836 -3.3165574 -0.66368854
3.3994322 -3.3695371 -0.64869756
3.678874 -3.2982941 -0.58192855
3.7792423 -3.276125 -0.66483593
4.4780002 -3.279 -0.50999999
4.6284819 -3.3664 -0.64673638
4.92524 -3.131 0.84740001
12.185243 -3.0154243 0.81039393
12.363935 -3.0187392 0.87558699
12.659727 -3.0387273 0.86110604
12.896221 -3.0377018 0.87823075
13.01575 -3.0275624 0.86134374
4.9294262 -2.8746309 0.85809052
1.0988506 0.36834863 -0.1787959
8.6172762 5.1425519 0.86966205
8.8663578 5.1462016 0.86672938
9.0640421 5.1474066 0.85622036
9.3307495 5.1989999 0.87399995
9.6119995 5.17875 0.80650002
18.927586 5.1224422 0.87140238
4.4942503 5.4089999 0.80000001
4.5361648 5.4369559 0.79433542
4.7844443 5.458889 0.7868889
5.0973806 5.4159026 0.87732744
4.6280775 -3.3614793 -0.64732462
11.450862 -3.4503105 -0.6915862
4.9297347 -2.8733058 0.85958695
12.201 -2.9956 0.7974
12.3102 -2.9967999 0.84280002
12.991687 -2.8621716 0.9008081
13.010468 -2.8778226 0.86978179
1.0890772 0.35681209 -0.19512752
1.324519 0.31251267 -0.19887975
1.5622394 0.31959859 -0.22948767
5.0875182 5.4215765 0.85921735
5.3948998 5.394825 0.87824422
11.422897 -3.4165127 -0.71182054
2.7343929 -3.2113214 -0.74092859
2.9052222 -3.1813855 -0.7193889
3.1353149 -3.2193415 -0.70187527
3.3631334 -3.194911 -0.65706664
13.01675 -2.9205 0.87874997
4.9263444 -2.6253653 0.86199605
1.5648465 0.32243937 -0.22844049
13.608714 0.25257143 -0.19257143
15.177406 0.36843219 -0.17867796
5.386694 5.3945112 0.87854797
5.5822268 5.3778081 0.87864536
5.9065719 5.3572187 0.91715312
3.3648195 -3.1943295 -0.6571098
3.6905951 -3.2215595 -0.64469045
3.8072162 -3.2139909 -0.6612252
4.2020001 -3.006 -0.50400001
4.4143333 -3.081625 -0.53391665
4.6233497 -3.0948634 -0.63930053
4.9258695 -2.6242938 0.865655
12.99553 -2.6435151 0.86613637
13.009489 -2.6211476 0.87198108
4.9283471 -2.4057207 0.86870563
15.178667 0.37034783 -0.17695652
15.3499 0.42853001 -0.13861001
15.600655 0.37402618 -0.067068063
0.97465515 0.53664458 -0.098750003
5.8999858 5.3652143 0.92761427
6.1172247 5.3765545 0.92425615
6.3040242 5.37886 0.86314976
8.5959692 5.2971077 0.85224617
9.443222 5.2883058 0.83638889
9.6413355 5.3400874 0.87850362
9.8365269 5.3649182 0.91880912
13.172016 5.3850951 0.85585713
13.353765 5.3815489 0.85686272
4.6217918 -3.090956 -0.63335741
18.922159 4.1234322 1.1152544
9.3015003 4.4975004 1.0785
9.6530552 4.4852638 1.0460278
9.8715162 4.4566021 1.0464301
10.052361 4.4366946 1.0546389
11.196714 4.4954286 1.0772856
11.408 4.4930606 1.0349697
11.63781 4.4855714 1.0579762
11.888087 4.4780173 1.0482632
12.155956 4.280652 1.0627391
12.372196 4.272706 1.0558628
12.64027 4.2892542 1.0595714
12.860295 4.2962952 1.0661148
18.92214 4.3758798 1.12275
8.7393332 4.6613336 1.0273333
8.8629999 4.655108 1.0304325
9.1351175 4.6243529 1.0197353
9.3884544 4.5546365 1.0302122
13.359706 5.3811178 0.86147058
18.928576 5.376369 0.87843347
4.4980001 5.5780001 0.778
4.5318899 5.5972753 0.80296332
4.9007754 5.6511836 0.82671428
5.0252876 5.5912776 0.89795989
18.928331 5.6241045 0.88427615
3.6508536 5.8670974 0.80207318
3.8813157 5.895421 0.82905263
0.97681153 0.53653771 -0.10502778
1.1094443 0.62337112 -0.20428269
4.621069 -3.0781724 -0.639
10.960167 -3.0068333 -0.72783333
11.07575 -3.0272501 -0.72749996
11.4027 -3.1815333 -0.72079998
2.8988979 -2.9626532 -0.74244899
4.1845555 -2.9316666 -0.514
4.2670002 -2.9949999 -0.51999998
4.6255145 -2.8500168 -0.62748325
9.3786364 4.5602274 1.0339091
9.5312634 4.505579 1.0417895
10.465667 4.5761666 1.0445
10.618319 4.5950227 1.0507727
10.876919 4.6192975 1.061919
11.142222 4.5900741 1.068926
11.331167 4.5333333 1.068
11.802 4.5050001 1.132
12.022 4.506 1.135
12.727467 4.6841335 1.1135334
12.865958 4.7153749 1.0735416
13.007571 4.744143 1.0835714
18.919046 4.6257968 1.1327919
9.2212725 4.9488182 1.0199091
9.2746668 4.973 1.0393333
11.699 4.8610001 1.029
11.978 4.9733334 1.045
12.015 4.9850001 1.059
13.136806 4.7738333 1.0804167
13.389971 4.827353 1.0862942
13.5405 4.8535004 1.0829999
18.917517 4.8727369 1.1359264
6.1795239 5.1616192 1.0136666
6.3429475 5.213263 1.0299474
6.6440716 5.1590357 1.01825
6.8392801 5.20296 1.02552
7.1546998 5.1328497 1.01265
7.383256 5.1130695 1.0223489
7.6104999 5.1438498 1.0445
7.925889 5.2126665 1.008963
8.1464462 5.1803231 1.0203692
8.3641195 5.1806798 1.0348001
3.8804855 5.8939419 0.83047825
4.1367631 5.9320445 0.84967411
4.2852654 5.9452243 0.8390612
4.5355606 5.8861365 0.80119699
4.958077 5.8554616 0.89600003
5.0283766 5.8625207 0.96178085
18.925993 5.8308973 0.89162326
4.3429999 6.0279999 0.78899997
4.586 6.052 0.76849997
5.2203751 7.161025 0.88592499
5.3650513 7.2132611 0.85611027
5.4056668 7.2550001 0.84899998
1.1043067 0.61612791 -0.20255859
4.6260366 -2.8550386 -0.63354909
10.952758 -2.8630607 -0.65377271
11.095181 -2.9696364 -0.70072728
11.4425 -2.9161501 -0.67790002
11.708333 -2.8321154 -0.64002562
11.799919 -2.8400919 -0.65464365
4.6334653 -2.5885408 -0.63258141
8.3744001 5.1881599 1.0382
8.6095095 5.1623583 1.0268868
8.8871927 5.1735001 1.0337949
9.1129065 5.1880312 1.0434999
9.4274998 5.0700002 1.0805
9.717 5.2049999 1.1245
9.8375711 5.1809287 1.1612858
10.059 5.1960001 1.1670001
10.388 5.2255001 1.1815
10.556 5.1810002 1.1799999
18.922283 5.1216311 1.1361765
5.104002 5.415349 1.1095858
5.3904581 5.3946252 1.1235501
1.1027832 0.61836916 -0.1950957
5.3902502 7.2585626 0.84350002
26.678947 8.4146347 0.84681737
5.1830001 8.7035456 0.95490909
26.618965 8.6112957 0.84616834
5.1656876 8.7943754 0.92815626
26.618965 8.7712069 0.85341382
26.693789 9.4132557 0.85444444
26.630501 9.8321667 0.88499999
5.8975 10.419167 0.9425
6.1464667 10.464467 0.93546665
6.2950001 10.466875 0.93900001
6.1564999 10.5075 0.96150005
6.329 10.520333 0.94666666
7.6370001 13.498 0.78299999
7.4791365 13.543181 0.91240907
7.6280513 13.552231 0.81853849
7.8546457 13.552563 0.89341664
8.1180859 13.553259 0.88168967
10.948617 -4.5915332 1.1116834
11.125697 -4.5923486 1.1148533
11.383426 -4.5937963 1.1117778
11.622432 -4.5950456 1.1186136
4.6305614 -2.605458 -0.63301075
5.385745 5.3953915 1.1232463
5.6183734 5.3883829 1.1156451
5.8886914 5.3833437 1.1141993
1.103542 0.61194336 -0.19884278
11.639059 -4.5951767 1.102897
11.875827 -4.5954714 1.1222211
12.133275 -4.5969491 1.1292551
12.391052 -4.5974107 1.1351157
12.635297 -4.5969672 1.1446264
12.885633 -4.5978613 1.1447624
13.13228 -4.598927 1.1438049
13.37419 -4.598671 1.1417469
13.615915 -4.6004367 1.1373521
13.870416 -4.6014414 1.1417143
14.124425 -4.6002054 1.1210548
14.378063 -4.6001897 1.0735697
14.6325 -4.5999999 1.1353333
4.6294508 -2.5975668 -0.62091547
11.709328 -2.5792656 -0.65295315
11.858363 -2.5896363 -0.65298992
12.130844 -2.5473557 -0.63353336
12.340177 -2.5230882 -0.68997061
12.729334 -2.5353334 -0.73366666
12.761499 -2.5434999 -0.736
4.6069369 -2.3274503 -0.63447869
5.890842 5.3842964 1.1102095
6.1301885 5.3856659 1.1212267
6.3671045 5.3772707 1.1349242
1.1156666 0.62810528 -0.2050807
15.378633 0.62456495 -0.15695198
15.561419 0.59390473 -0.066571429
17.327 0.73766667 -0.059833333
0.97896713 0.93220073 -0.14737956
14.635289 -4.5991316 1.0704342
14.872473 -4.5962434 1.0860541
15.136192 -4.5956869 1.0880241
15.371163 -4.5679183 1.1116637
15.5915 -4.5711665 1.2383333
3.7091668 -4.4742498 1.013
3.8814015 -4.4722953 1.0538257
4.1291947 -4.4745207 1.0841236
4.3836365 -4.4828634 1.1057273
4.6047235 -2.3287549 -0.62863088
6.3847108 5.3786483 1.1349609
6.6176648 5.3838496 1.1522415
6.8746266 5.3748507 1.1556623
7.1245804 5.3749619 1.1622119
0.97712207 0.93786228 -0.12840137
4.3749056 -4.4817972 1.1046959
4.6212549 -4.4817181 1.1167991
4.8783441 -4.4103231 1.1056813
4.6081991 -2.3273256 -0.64576626
4.8145475 -2.2667935 -0.63036066
5.1373954 -2.3423929 -0.62797815
7.114141 5.3760209 1.1585704
7.3690548 5.3760109 1.155219
7.6225724 5.3784232 1.1652782
7.8713069 5.3734851 1.1693614
8.129652 5.3734808 1.1533607
0.97570115 0.93571681 -0.1253584
4.8771458 -4.4132791 1.1058782
15.2335 -4.3225002 1.021
15.373391 -4.380312 1.0839894
15.61685 -4.3608499 1.2315
4.9115281 -4.1258783 1.1021142
5.1423244 -2.3421621 -0.62559462
5.3631797 -2.3410945 -0.62352121
5.6221738 -2.330838 -0.61171299
8.136775 5.371325 1.1553
8.3679447 5.3503389 1.1649238
8.6132212 5.3210716 1.180976
8.8915062 5.3287692 1.1550897
9.1336021 5.2999897 1.1426531
9.384943 5.364038 1.1768868
9.6277275 5.3696947 1.1575305
9.8560495 5.3505411 1.1479672
0.97689748 0.93316799 -0.13126953
4.9106331 -4.1233859 1.1264719
15.222072 -4.0742145 1.0165714
15.361588 -4.1304064 1.077974
15.587 -4.1294999 1.2209444
4.9129829 -3.8751276 1.1135948
5.6170387 -2.3326364 -0.6167143
5.8685994 -2.3266315 -0.66114497
11.70625 -2.484 -0.69375002
11.878204 -2.478796 -0.60516328
12.150267 -2.4370401 -0.61031997
12.363195 -2.4331725 -0.65991956
12.614404 -2.4079616 -0.67207694
12.854625 -2.4189501 -0.679425
13.015 -2.4389999 -0.69999999
17.114599 -2.2867999 -0.57599998
17.403376 -2.309875 -0.58625001
17.662865 -2.316946 -0.57459462
17.873266 -2.3162665 -0.60046667
18.089333 -2.3186667 -0.57616669
18.426455 -2.3235455 -0.58972728
18.596001 -2.3268094 -0.57628572
18.8722 -2.3362 -0.63866669
19.074425 -2.2996697 -0.62516981
5.6486249 -2.0864999 -0.64574999
9.8475685 5.3519998 1.1423669
10.102551 5.2769308 1.2098621
10.407941 5.3558822 1.2381177
10.5457 5.3200998 1.24
10.761 5.2950001 1.232
12.939 5.36725 1.171875
13.139121 5.3852425 1.1148485
13.34464 5.3802295 1.0969836
18.924967 5.374269 1.1444175
5.0200176 5.6036062 1.1072659
18.92585 5.622828 1.1482667
4.9959998 5.9530001 1.102
5.0287499 5.9172502 1.127
0.97266895 0.9315303 -0.12713574
4.9122224 -3.8724999 1.1294568
15.213486 -3.8862 1.0138571
15.367492 -3.9019508 1.0833852
15.560445 -3.912111 1.2117223
4.9134498 -3.6257613 1.1048748
5.0272646 5.8719311 1.1306878
18.9235 5.8274918 1.1591083
5.0373335 6.0019999 1.0996667
26.672874 8.4181137 1.1708523
26.607561 8.6160231 1.1621137
26.60672 8.7697601 1.15684
26.685925 9.4206972 1.1710303
26.62089 9.8273335 1.1972222
7.507 13.494 1.069
7.4913335 13.549666 1.0233333
7.5581665 13.557 1.1070417
7.949389 13.548445 1.0665555
8.0940256 13.554785 1.086962
10.953352 -4.5941854 1.3592963
11.12039 -4.5934324 1.3628221
11.3676 -4.594842 1.361621
5.6556563 -2.0614581 -0.66124427
5.9093318 -2.1856501 -0.66502243
6.1834645 -2.1307142 -0.61787856
6.2940249 -2.0490251 -0.60624999
11.774528 -2.0884304 -0.64187342
12.008 -2.237 -0.69700003
14.979333 -2.0266666 -0.53299999
15.135 -2.0186512 -0.61120927
15.349667 -2.0369999 -0.597
15.61875 -2.0504999 -0.64674997
15.833834 -2.1025 -0.57499999
16.123198 -2.0836065 -0.63785243
16.391476 -2.0921428 -0.59690475
16.629698 -2.0835454 -0.68487877
16.7985 -2.0885527 -0.64428949
19.076099 -2.17785 -0.61035001
16.3729 -4.3766251 1.7029001
16.154034 -4.1252933 1.5674138
16.380508 -4.1313639 1.7080728
15.993 -3.8169999 1.5055001
16.162731 -3.8977857 1.5772858
16.377731 -3.8679643 1.7071072
16.354856 -3.7378571 1.699
12.988464 -2.8514266 1.6406446
13.002 -2.8618824 1.6649412
12.989004 -2.6272359 1.633266
13.002251 -2.5727501 1.59475
12.989588 -2.3879063 1.639625
13.005605 -2.357934 1.6059121
4.9141746 -3.6222622 1.1081941
15.414 -3.5009999 1.142
4.916501 -3.3728354 1.1099088
15.334 -3.4890001 1.071
4.919868 -3.131124 1.1134263
11.389563 -4.5966249 1.3486249
11.62928 -4.5960999 1.36414
11.882772 -4.596386 1.3758713
12.128114 -4.5980825 1.3830928
12.371667 -4.5995059 1.3952988
12.612788 -4.5985293 1.3944
12.864581 -4.598742 1.3956344
13.129402 -4.6004148 1.3762804
13.367638 -4.6004252 1.371375
13.634896 -4.6025715 1.3648312
13.899986 -4.603548 1.3594383
14.143182 -4.6011214 1.3497878
14.375119 -4.6001492 1.3292836
19.077158 -2.1731403 -0.63674563
5.4398336 -1.8154696 -0.68795526
5.596529 -1.895386 -0.64514285
5.8630433 -1.8721638 -0.62356037
6.1718493 -1.9051232 -0.6199863
6.3154445 -1.832 -0.60522223
4.9202495 -3.1250541 1.1111931
12.473 -3.017 1.0085
12.654094 -3.0169375 1.0755937
12.864843 -3.0157452 1.1136079
4.9230866 -2.8658705 1.112753
13.007462 -2.335923 1.6174616
12.99445 -2.2051001 1.64065
13.050284 -2.1860316 1.613
13.362846 -2.1631281 1.6554359
13.630849 -2.1674151 1.6436793
13.864931 -2.1694484 1.6089655
14.141143 -2.1715715 1.6422501
14.348933 -2.1748667 1.6352333
14.627125 -2.1786563 1.5878125
14.85253 -2.1784117 1.6145294
15.155629 -2.1822963 1.5894444
15.359612 -2.1813612 1.6264167
15.6078 -2.1851332 1.6466
15.885903 -2.187871 1.584742
16.104692 -2.1884999 1.6569231
16.393999 -2.1922858 1.6696191
16.616266 -2.1933668 1.6174333
16.832706 -2.1919999 1.6525882
17.147215 -2.1934285 1.6446428
17.38373 -2.1948845 1.6249231
17.624599 -2.1970999 1.5985
17.873571 -2.2001429 1.5555714
18.115749 -2.2032499 1.619
18.36923 -2.2065384 1.6216538
18.640429 -2.2141905 1.6134762
18.903109 -2.112 1.6131871
18.908068 -1.8710203 1.6128783
14.336375 -4.5999999 1.29175
14.6184 -4.60005 1.3438625
14.886205 -4.5996628 1.369506
15.137871 -4.5999193 1.3865968
15.359366 -4.6017332 1.3819667
15.658899 -4.5927877 1.3624949
15.903506 -4.5630603 1.4282771
16.011999 -4.527 1.4910001
4.4393749 -4.4796252 1.266625
4.6247501 -4.4836154 1.3017596
4.881391 -4.4073963 1.3215768
15.699718 -4.3764358 1.2854103
15.8979 -4.3824 1.4069999
6.338881 -1.8628187 -0.60634375
11.739789 -1.8322314 -0.59063637
11.769004 -1.9182793 -0.63818866
15.1692 -1.9966 -0.70719999
15.280666 -1.9893334 -0.71600002
16.207001 -1.75425 -0.71200001
16.264 -1.7646 -0.7022
16.940115 -1.8224359 -0.57511538
17.021999 -1.829 -0.65100002
19.062967 -1.8359678 -0.53135484
5.1841698 -1.5612174 -0.68817824
4.9225874 -2.8755732 1.1082587
12.704375 -2.9955001 1.068875
12.979619 -2.8852727 1.1314148
13.011388 -2.8926418 1.1221492
18.919001 -1.9529999 1.5880001
18.90765 -1.6240975 1.6145325
18.908392 -1.3721455 1.6119747
18.908243 -1.124077 1.6223462
18.904873 -0.87724203 1.6167643
18.901157 -0.62271708 1.6173356
18.902079 -0.37571222 1.6260719
18.900438 -0.12514019 1.632
15.901263 -4.3782258 1.4095789
16.016285 -4.3774285 1.4905714
4.9015741 -4.1238232 1.3252491
15.703362 -4.1215692 1.2987586
15.901943 -4.1288238 1.4094014
16.019501 -4.1290002 1.495
4.9107194 -3.8794384 1.3295
15.703123 -3.8928947 1.3019649
15.913143 -3.8915715 1.4196786
5.1722374 -1.5499322 -0.69049156
5.3574791 -1.6506608 -0.6585089
5.6358504 -1.6383458 -0.60814488
5.8570695 -1.5911025 -0.57185245
13.01438 -2.888845 1.1092676
4.9219794 -2.6250474 1.1076673
12.994333 -2.6351666 1.1160001
15.885344 -3.8859687 1.4019063
16.015858 -3.8734286 1.4927143
4.9060378 -3.6204295 1.3101202
4.9131832 -3.3782895 1.3121685
4.9118514 -3.1217861 1.3056376
12.944 -3.0149999 1.2539999
13.058875 -3.015625 1.295
4.9163899 -2.8790329 1.2982308
18.899395 -0.12786841 1.612921
18.896929 0.1237482 1.6300144
18.895864 0.37031427 1.6255143
18.896254 0.62032878 1.6278973
18.896544 0.87316781 1.6295906
18.897112 1.1267451 1.6282222
8.2131367 1.3183637 1.7283636
8.2600002 1.3200001 1.7208
18.895952 1.372653 1.6247007
8.2278748 1.745875 1.69075
8.2751427 1.7411429 1.6992857
18.89879 1.6213953 1.612093
5.8464475 -1.5954965 -0.57158041
6.089747 -1.6126988 -0.5816747
6.3413911 -1.6482608 -0.6034348
6.5668821 -1.537647 -0.6067059
11.731301 -1.7021747 -0.61977708
11.872379 -1.6643434 -0.6278494
12.103071 -1.6210536 -0.6109286
12.266 -1.614 -0.62199998
15.604282 -1.5608466 -0.61068809
15.850389 -1.6425556 -0.63566667
16.18708 -1.701919 -0.68816215
16.265583 -1.7365834 -0.69966668
16.66 -1.729 -0.53600001
17.129 -1.6586666 -0.50333333
17.368126 -1.586375 -0.50700003
17.562666 -1.6805 -0.51216668
19.077999 -1.745 -0.51800001
5.161375 -1.439875 -0.70387501
12.99323 -2.6412735 1.1278849
13.007085 -2.6105564 1.1165633
4.9244585 -2.408308 1.1086127
5.126708 -2.3470886 1.1141504
4.9216251 -2.92975 1.302125
12.991064 -2.8509095 1.3855851
13.014647 -2.8739719 1.361169
4.9208479 -2.6321075 1.2909493
12.99122 -2.6293876 1.3929375
13.005298 -2.608973 1.3263243
4.9267983 -2.4108992 1.2733394
5.1247392 -2.3450544 1.2991413
5.395 -2.350131 1.3110358
18.898487 1.6219914 1.6387863
8.2155056 1.8174483 1.6714368
8.2659264 1.8177408 1.6472222
18.9 1.8756689 1.6335744
18.900682 2.1234138 1.6272414
18.901489 2.3770366 1.6285402
18.898314 2.6240802 1.6269708
18.894806 2.8748848 1.6282231
18.897287 3.1276667 1.625069
5.1664953 -1.4358506 -0.68891114
5.3597941 -1.3310243 -0.67559999
5.1290255 -2.347409 1.1130853
5.3684816 -2.3485036 1.1083826
5.5301261 -2.3521791 1.1157894
12.996359 -2.404434 1.1016037
13.009198 -2.3645315 1.1173153
5.3947234 -2.350383 1.3172766
5.5268574 -2.3520815 1.3323061
12.993639 -2.384582 1.3775984
13.007554 -2.3654158 1.3766683
12.994379 -2.1942413 1.3631724
13.046263 -2.1885424 1.3798389
13.361037 -2.1622407 1.3892963
13.614968 -2.166625 1.372875
13.887974 -2.1691053 1.3891053
14.110641 -2.1714871 1.4197179
14.363321 -2.1756427 1.3451786
14.617225 -2.1777999 1.391
14.898846 -2.1801155 1.3265384
15.143861 -2.1788056 1.3786944
15.376318 -2.182909 1.345
15.634 -2.1843793 1.3440344
15.884629 -2.1856666 1.3741852
16.160192 -2.1897309 1.3615
16.398582 -2.1908889 1.3485
16.6075 -2.1923499 1.38135
16.890751 -2.19525 1.4514999
18.895201 3.1352999 1.6274199
18.900789 3.3750732 1.6304065
18.903044 3.6210368 1.624125
18.906824 3.868592 1.610008
18.908651 4.118403 1.6063954
18.910244 4.3747654 1.5995479
18.904858 4.6306572 1.5967143
18.904213 4.8810372 1.6002963
18.909698 5.1278672 1.5979557
5.2358999 5.4098001 1.5107
5.4183998 5.4046998 1.5483
5.3538694 -1.336 -0.67238045
5.6204162 -1.3775876 -0.62254864
5.8683548 -1.4141352 -0.57833165
6.1185598 -1.3901268 -0.59856719
6.3933158 -1.3837193 -0.60807019
16.895727 -2.1948636 1.4033182
17.101965 -2.1926551 1.3754828
17.343353 -2.1943529 1.4166471
17.625818 -2.199091 1.4014546
17.890142 -2.2012856 1.4055429
18.108778 -2.2038889 1.3602222
18.404001 -2.2205715 1.3275714
18.645144 -2.2270715 1.3297857
18.90579 -2.1241608 1.381063
18.911526 -1.8758377 1.3703701
18.911484 -1.6230928 1.3732384
18.912317 -1.3722914 1.3684173
18.910078 -1.1262157 1.370451
18.907234 -0.87155467 1.3749063
13.009892 -2.3757501 1.1158378
12.993667 -2.1995833 1.1126666
13.049226 -2.190244 1.114189
13.382363 -2.1613333 1.1219394
13.619596 -2.1644468 1.1438298
13.885086 -2.1694 1.1570572
14.124674 -2.1719348 1.1255652
14.3801 -2.1745 1.1398333
14.641231 -2.1777692 1.1443077
14.870348 -2.1783044 1.1564348
15.117976 -2.1800714 1.1069524
15.347923 -2.1811538 1.1067308
15.609724 -2.1823792 1.1202759
15.854172 -2.1861429 1.1284286
16.14538 -2.1864762 1.071619
16.36837 -2.1903703 1.0853333
16.613556 -2.1914999 1.0893055
16.870792 -2.1922069 1.0991725
17.137852 -2.1954815 1.1361852
17.380259 -2.1960001 1.1334444
17.610449 -2.1956897 1.1232414
17.886333 -2.2014 1.1515334
18.114353 -2.2019999 1.1507647
18.392103 -2.2059655 1.1287587
18.580894 -2.2092106 1.1162106
18.91423 -2.1102052 1.1542307
5.3892665 5.4054499 1.54425
5.6307044 5.3948956 1.5819826
5.8819771 5.3938522 1.6086249
6.1134748 5.3877878 1.6077696
6.3873577 5.3881507 1.6093147
6.613308 5.3833704 1.6196651
6.3537998 -1.361975 -0.61062497
6.5259409 -1.4722941 -0.60211766
15.551893 -1.4043446 -0.61924648
17.194334 -1.477 -0.50883335
5.4761391 -1.2356782 -0.68968695
5.6382742 -1.141865 -0.68248469
18.904217 -0.87397295 1.3675946
18.901901 -0.62351853 1.371858
18.900818 -0.37414771 1.3733125
18.906784 -0.13838889 1.3975
19.02026 -0.070370369 1.2828889
18.911224 0.11827907 1.415659
19.019882 0.1190678 1.2819153
18.909777 0.37607694 1.4149846
19.019625 0.36792856 1.2820536
18.913404 0.63095194 1.4144711
18.911701 -2.1160789 1.1459123
18.915339 -1.8766786 1.141494
18.915312 -1.6275688 1.1376108
18.917391 -1.3789759 1.1380663
18.914492 -1.1269764 1.135071
18.911097 -0.87477422 1.1409677
18.907988 -0.62937647 1.1434236
6.6084499 5.3818998 1.6432
6.8815317 5.3827577 1.6187958
7.1207089 5.3793011 1.6114582
7.3689604 5.3826985 1.6211706
7.6122155 5.380867 1.6211468
5.6327052 -1.1501329 -0.67693639
5.8401732 -1.0674356 -0.65457428
6.1080575 -1.1514099 -0.6104508
6.2649999 -1.247 -0.611
12.610835 -1.0337439 -0.59138018
3.7047999 -0.78000003 -0.74080002
3.8394001 -0.81639999 -0.71087998
18.9265 0.60511112 1.391
19.023424 0.62413561 1.2782034
18.917467 0.8717258 1.4112823
19.025017 0.87693548 1.2798065
18.920015 1.124944 1.408064
19.026571 1.1224464 1.2807857
18.926731 1.3753043 1.4003739
19.026157 1.3691579 1.2845789
18.92721 1.6231472 1.4012636
19.027046 1.6220232 1.2819767
18.929255 1.8734444 1.4025
19.025812 1.8732083 1.2856041
18.923161 2.125484 1.4083871
18.90675 -0.62254411 1.1323676
18.905605 -0.37538853 1.1380829
18.908234 -0.19473438 1.1345625
19.034262 -0.075309522 1.1339881
19.034536 0.12268212 1.1381589
19.032524 0.37267831 1.1345105
19.033186 0.62415862 1.1251173
19.033791 0.87715942 1.1242101
19.039042 1.126554 1.1140541
7.6230998 5.3820333 1.6208333
7.8769517 5.3851166 1.6088955
8.1247129 5.3809619 1.622834
8.3723946 5.381886 1.6274741
8.6192989 5.3801136 1.6144431
3.8441226 -0.80996627 -0.70180368
4.0229998 -0.82499999 -0.69700003
5.9066091 -0.96378154 -0.67192
12.660764 -0.876836 -0.59746772
18.926777 2.1256192 1.4002222
19.026318 2.1190908 1.2881591
18.922565 2.3768218 1.4114263
19.019321 2.3700566 1.2900378
18.922567 2.624788 1.406322
19.018925 2.6276414 1.2870566
18.917397 2.8743224 1.4129256
19.019161 2.8738749 1.2940714
18.918976 3.129312 1.414384
19.019392 3.121913 1.2978913
18.92461 3.3784492 1.4186525
19.023766 3.3714256 1.3034893
18.921137 3.6298039 1.4046274
19.037647 1.1202253 1.1238028
19.037115 1.3718525 1.1125064
19.034649 1.6254802 1.1071186
19.037205 1.8787018 1.1094035
19.036352 2.1269412 1.1099471
19.033106 2.3742189 1.1095799
19.033928 2.627491 1.0980728
8.6209364 5.3799787 1.6203405
8.8744431 5.3780928 1.6191237
9.1290512 5.3820667 1.6264079
9.3699999 5.3818378 1.6208301
9.6199951 5.3803158 1.6169733
9.8675451 5.3772273 1.6368636
12.658171 -0.87843901 -0.58218902
3.7246087 -0.6042192 -0.71852642
3.7969084 -0.63459313 -0.6716361
18.915695 3.6351295 1.4116235
19.026928 3.6004643 1.3065357
18.912815 3.8743262 1.387617
18.915636 4.1252928 1.4005071
18.914333 4.3738551 1.4042463
18.911306 4.6203871 1.413197
18.913 4.8735523 1.4125874
18.918713 5.1274929 1.4080294
5.0904341 5.4200921 1.3525658
19.031107 2.619446 1.1109846
19.035999 2.8769011 1.1037267
19.039717 3.1233296 1.1074716
19.042446 3.3758883 1.1107819
18.917439 3.7059298 1.1186141
19.046028 3.5968194 1.1153473
18.918005 3.8731296 1.1133419
18.921345 4.1325517 1.148
9.8640842 5.3770633 1.6300352
10.124483 5.3741779 1.6319368
10.381737 5.3765483 1.6499462
10.6184 5.3727999 1.6300647
10.87396 5.3741026 1.6444016
11.120554 5.3758488 1.6333094
11.372907 5.3780231 1.637593
3.7992818 -0.64457214 -0.67273712
12.726128 -0.68106031 -0.58783334
12.770194 -0.55864376 -0.59587502
5.1119394 5.4129353 1.3540301
5.3862605 5.3997769 1.3669876
5.626121 5.3841872 1.355781
5.8679557 5.3806553 1.3693349
7.6314492 5.3802319 1.8720797
7.8823118 5.3850098 1.8645297
8.1181602 5.3797436 1.87275
8.3754072 5.3759894 1.8715926
8.6286058 5.3786354 1.876017
8.8824272 5.3790002 1.8502427
11.367707 5.3776584 1.6241708
11.630095 5.3782392 1.6262319
11.874625 5.3758659 1.6174375
12.13078 5.3792858 1.6098242
12.37273 5.3794198 1.61897
12.624713 5.3825345 1.6192178
12.881021 5.38589 1.6355494
13.133091 5.3816972 1.6553333
13.384767 5.3733335 1.6476111
13.543428 5.3591428 1.6462857
18.914419 5.3745885 1.6016693
18.918444 5.643889 1.6073333
12.770874 -0.56411493 -0.61388505
3.7045715 -0.48742858 -0.67914283
3.7826364 -0.49136364 -0.66570908
12.827694 -0.37564102 -0.59313005
12.903553 -0.13575076 -0.59676594
5.8731937 5.3810539 1.3790537
6.1265993 5.3802404 1.3609917
6.3673658 5.3798814 1.3694875
6.6359396 5.378458 1.35351
8.8793182 5.3797274 1.8469887
9.1292295 5.3796668 1.8668402
9.378335 5.3771224 1.8796223
9.6193304 5.3744926 1.8788182
9.8742743 5.3780494 1.8707088
10.11869 5.3753152 1.8543152
10.368771 5.3749375 1.8801666
18.917074 5.6257081 1.5931
18.916864 5.8302569 1.5934054
24.587 7.9029999 1.7176666
6.9629998 8.3249998 1.749
26.709597 8.4240971 1.654375
6.8709998 8.5139999 1.749
26.600679 8.6124048 1.6606717
26.606474 8.7841578 1.654
26.678967 9.4067001 1.67035
26.686571 9.5087147 1.705
26.638739 9.8292179 1.6756521
7.9920001 13.552 1.521
8.07092 13.5498 1.59052
10.943135 -4.595305 1.8816611
11.123793 -4.5964937 1.8761364
11.373613 -4.597168 1.873787
11.630404 -4.5985799 1.8707479
6.6341486 5.3785834 1.3626429
6.8719358 5.3793435 1.3755615
7.1242323 5.3777213 1.3677089
7.3727088 5.3802514 1.3624171
12.907628 -0.13145901 -0.59144264
13.021643 -0.0078571429 -0.59033334
13.140516 0.046833333 -0.60065591
13.373017 0.14835043 -0.59863245
13.554407 0.22850618 -0.60941976
13.613034 0.25789654 -0.60751724
15.180807 0.37935317 -0.61783272
10.376426 5.3742781 1.8762696
10.628232 5.3744583 1.8762976
10.871173 5.3743825 1.8627284
11.125423 5.3736687 1.8690199
11.377801 5.3751793 1.8709551
11.633667 5.3757854 1.8711926
11.878365 5.3729782 1.8722482
11.629556 -4.5977778 1.8763334
11.882077 -4.5983615 1.8585693
12.129349 -4.5973577 1.8606514
12.384558 -4.5990095 1.8848943
12.62601 -4.5992599 1.90354
12.875526 -4.5996404 1.9116579
13.114569 -4.6016212 1.8496315
13.36398 -4.6004357 1.8680594
13.608891 -4.601759 1.8499639
13.871192 -4.6031284 1.8669487
14.122267 -4.6019068 1.8825333
14.387589 -4.6018825 1.9065294
7.3803492 5.3814011 1.3575625
7.6225595 5.3799529 1.3730526
7.8682661 5.3816547 1.3699825
8.1138449 5.3828063 1.3686279
15.180208 0.3817361 -0.59112501
15.26302 0.48433334 -0.61811763
13.457334 0.61285716 -0.70492858
13.549685 0.69485188 -0.70133334
13.8366 0.62900001 -0.6584
14.1685 0.68700004 -0.68225002
14.353235 0.63976473 -0.66623527
14.688833 0.65450001 -0.62933332
14.876833 0.65916669 -0.62433332
15.235001 0.671 -0.64100003
15.348188 0.61622405 -0.61471224
13.647196 0.81930435 -0.71319568
13.874919 0.92929375 -0.66165
14.139744 0.83318603 -0.65100002
14.299749 0.76437503 -0.64950001
15.460286 0.77715474 -0.62414289
11.859 5.3740001 1.8738
12.118554 5.3745828 1.8686979
12.374966 5.3772626 1.8797628
12.627297 5.3814235 1.8872973
12.885167 5.3844895 1.884198
13.132873 5.3770957 1.9029255
13.383052 5.3703437 1.8979896
13.541725 5.3569751 1.8978
18.912994 5.3741903 1.8886197
18.911076 5.6237006 1.8925669
14.374695 -4.6003051 1.8774745
14.640943 -4.6000433 1.9072028
14.863618 -4.5993457 1.9220545
15.112768 -4.6000538 1.9217143
15.354131 -4.6027827 1.8362174
15.623698 -4.6036983 1.8470943
15.903175 -4.606925 1.8536251
16.112474 -4.6107893 1.8512106
16.374985 -4.6142344 1.8514531
16.564356 -4.5681577 1.8429737
16.7798 -4.5637999 1.93195
16.490799 -4.3720002 1.7542
16.584623 -4.3812547 1.8267453
16.780046 -4.3726048 1.929
16.48575 -4.1577501 1.7535
16.581898 -4.133729 1.8238878
16.787077 -4.1268716 1.9401795
16.487 -3.8592 1.755
16.57448 -3.8966346 1.8209519
16.79031 -3.9111035 1.9478966
12.988833 -2.8900001 1.8438333
8.1169901 5.3835478 1.3689849
8.3760643 5.3859024 1.3831654
8.6257401 5.3353205 1.3723677
8.8360529 5.2909732 1.38416
15.460316 0.77778947 -0.60621053
15.514 0.80733335 -0.64066666
16.608999 0.87199998 -0.71200001
16.929993 0.94581687 -0.67601407
17.027363 0.94478786 -0.55809093
13.734385 1.1938846 -0.72015387
13.852166 1.1076488 -0.60991108
14.029586 1.0718275 -0.52686208
16.916895 1.0938066 -0.63408756
17.005167 1.2201667 -0.58583331
12.134756 1.4455366 -0.64248782
18.892 5.7490001 1.8940001
18.909327 5.8228264 1.8970205
20.632999 6.9380002 1.9859999
20.649502 7.1374998 1.9944999
20.594 7.4136667 1.9943334
23.739 7.4546666 1.9803333
23.806334 7.4656668 1.9583334
20.593 7.6079998 1.992
23.737 7.5987778 1.9867778
23.832067 7.6083665 1.9629667
24.112499 7.7305002 1.982
23.725201 7.8629999 1.967
23.8395 7.8205833 1.9624584
24.4562 7.8699999 1.9888
24.637194 7.9219999 1.9288064
6.681818 8.3911591 1.82225
6.8818207 8.3538656 1.8441343
26.699955 8.4227724 1.8632272
6.6667366 8.5541058 1.7941579
6.8944001 8.54 1.7622
23.082375 8.5587502 1.88775
23.254 8.6269999 1.979
24.479631 8.6912107 1.946421
24.533278 8.6794443 1.9416667
26.596928 8.6260004 1.8655357
24.533249 8.7684994 1.9462501
26.590626 8.7721252 1.876125
24.607 9.0620003 1.998
26.666149 9.3971109 1.8547778
26.69525 9.5222502 1.8470833
26.695786 9.8543568 1.8607857
8.0500002 11.47 1.995
7.9650002 11.537 1.982
8.0310001 11.698999 1.997
10.179 13.481 1.903
9.8977537 13.524781 1.8897945
10.089537 13.5215 1.9072963
10.378152 13.514363 1.9556364
10.5176 13.5112 1.9916
11.16725 13.51475 1.93975
10.93464 -4.59656 2.1119001
11.124416 -4.5987606 2.1396353
11.371677 -4.5982399 2.1416447
11.616809 -4.5996323 2.1254559
12.988586 -2.8472726 1.8662182
13.003445 -2.9258888 1.8752222
12.985336 -2.6256406 1.8586046
13.003 -2.691 1.847
12.985855 -2.3865621 1.8715827
13.006279 -2.3175247 1.8178197
12.989683 -2.2043293 1.8863902
13.063473 -2.1835818 1.8283091
8.8448601 5.2900176 1.3713334
9.1680002 5.3827033 1.3711103
9.3730001 5.3879461 1.3706936
9.6057892 5.3271918 1.3792893
9.8680601 5.2800241 1.3790241
10.086011 5.2790422 1.3822632
12.133954 1.4462296 -0.63795918
12.288143 1.4296429 -0.56785715
12.666 1.438 -0.70200002
12.832 1.4595001 -0.60100001
13.468 1.468926 -0.71622223
13.600349 1.377 -0.69861907
13.862445 1.2999444 -0.68101853
14.147952 1.3969355 -0.64064515
14.32321 1.4516512 -0.61360466
16.929001 1.45275 -0.69024998
17.134796 1.3858775 -0.56842858
17.272516 1.4752759 -0.57220691
12.08182 1.6284459 -0.63323539
11.619327 -4.5984898 2.1177959
11.866175 -4.5999818 2.113523
12.117949 -4.5985203 2.087949
12.370842 -4.5988946 2.1064
12.624207 -4.6002064 2.13925
12.87065 -4.5999799 2.1629601
13.126702 -4.6017838 2.1155045
13.38467 -4.6011705 2.1247613
13.609477 -4.6013956 2.0898952
13.863739 -4.6024318 2.1086023
14.124143 -4.6013927 2.1269286
14.381708 -4.6009583 2.1407499
13.065127 -2.1891489 1.8431489
13.361976 -2.1636341 1.8712683
13.6241 -2.1675251 1.90425
13.883615 -2.1704769 1.8810462
14.122323 -2.1729355 1.8982581
14.378511 -2.1767209 1.8470697
14.606861 -2.1770277 1.8926111
14.887366 -2.1803334 1.8313
15.104244 -2.1806586 1.8745854
15.376238 -2.1820953 1.906
15.631926 -2.1860371 1.8935926
15.863 -2.1870713 1.9010357
16.165751 -2.1907084 1.8553333
16.364399 -2.1903 1.8971
16.612625 -2.1909375 1.8849375
16.903263 -2.1938422 1.8490527
17.102116 -2.1936538 1.8468461
17.35306 -2.1968822 1.8274118
17.649733 -2.1991334 1.8764
17.862297 -2.197963 1.8937037
18.116817 -2.2030909 1.8742727
18.366947 -2.2085791 1.8764737
18.647999 -2.2168572 1.8778571
18.898436 -2.1164014 1.8870952
8.432889 -1.7702777 1.9618889
8.6359167 -1.7705833 1.9656667
8.7918892 -1.7661111 1.9758888
9.1705999 -1.7816 1.96345
9.3714285 -1.7675714 1.9873571
9.5908575 -1.7753571 1.982
10.02 -1.803 1.9809999
10.554222 -1.8211666 1.9834445
11.131333 -1.7993333 1.9896666
11.821157 -1.7975789 1.9934736
13.183474 -1.8406316 1.9929473
13.348 -1.795 1.995
18.901302 -1.873 1.8795283
10.083368 5.2788072 1.3767719
10.425564 5.3745642 1.3735898
10.57968 5.3140168 1.3670238
10.812 5.2868166 1.3697667
11.140713 5.3749423 1.3933793
11.371236 5.3766322 1.4048491
11.625329 5.3768816 1.4143816
11.883813 5.37568 1.4046533
12.141525 5.3788304 1.413
12.378554 5.3790002 1.3888514
12.626333 5.3820386 1.376218
12.889421 5.3858418 1.3913684
12.0585 1.6353571 -0.60442859
12.29165 1.60715 -0.52410001
13.406428 1.5125357 -0.67939287
13.606 1.548 -0.60600001
13.856001 1.552 -0.61300004
14.164625 1.576625 -0.62975001
14.342684 1.5731579 -0.60552633
14.5 1.642 -0.58600003
17.201 1.501 -0.70099998
17.405207 1.6024266 -0.64564681
17.53721 1.7229155 -0.67116904
12.139176 1.7875921 -0.63581598
12.284 1.8025 -0.52649999
14.42025 1.7755001 -0.58649999
17.373363 1.7848182 -0.70990908
17.605562 1.797809 -0.63305616
17.869699 1.8745 -0.58780003
18.036674 1.9484158 -0.60339326
15.983 2.2379999 -0.62
16.151764 2.2324119 -0.65352941
17.995636 2.2275 -0.59390908
18.014368 2.1266837 -0.63128573
14.391102 -4.6018476 2.1204069
14.634875 -4.6013331 2.1534166
14.855308 -4.6011848 2.1894462
15.102862 -4.6004653 2.108362
15.384365 -4.6039867 2.1060271
15.628725 -4.6067257 2.1097844
15.862386 -4.609158 2.1003509
16.120558 -4.6130772 2.1317501
16.36772 -4.6133199 2.1261201
16.624372 -4.6162791 2.1570697
16.862246 -4.6107869 2.1286721
17.116142 -4.5874763 2.1859524
17.287714 -4.5371904 2.2329524
16.921705 -4.3731766 2.0294707
17.138885 -4.3678207 2.1562693
17.275826 -4.3953042 2.2283914
16.941999 -4.1310716 2.0372143
17.146355 -4.1289167 2.160573
17.297077 -4.1452308 2.2315385
16.977375 -3.929625 2.0502501
17.132683 -3.9519773 2.1553864
17.312 -3.9725001 2.2480001
12.982667 -2.9356666 2.1389999
12.888591 5.3865304 1.3883787
13.130579 5.383337 1.3845474
13.371507 5.3778491 1.4093698
13.534657 5.3655939 1.4160625
18.920866 5.3773017 1.4101905
5.0245066 5.625968 1.3495449
18.921371 5.6241207 1.4117845
5.0264497 5.8663087 1.3328389
18.920444 5.8296113 1.4166528
5.1279998 6.1234999 1.43475
26.675051 8.4182501 1.3571334
26.602352 8.6246195 1.3436197
18.903496 -1.8758317 1.8847921
8.5707779 -1.7388889 1.9904444
8.8234005 -1.7442 1.9918001
9.3889999 -1.75 1.998
10.624888 -1.7218889 1.9957777
18.904333 -1.6232222 1.8773333
18.903938 -1.3727838 1.8818649
18.904036 -1.1208541 1.8774514
18.90155 -0.87335002 1.8788214
9.9359503 -0.59265 1.9829
10.016 -0.54874998 1.9915
10.466346 -0.59469229 1.9889231
10.516 -0.56199998 1.9960001
13.101 -0.52200001 1.995
18.899351 -0.62528276 1.8744
9.9144087 -0.41009092 1.976909
10.1958 -0.32100001 1.9724
10.387809 -0.35999998 1.9802766
10.518 -0.37799999 1.99
18.900122 -0.36970732 1.8616341
18.014887 2.1263714 -0.65068865
15.462079 2.4859474 -0.59907895
15.553616 2.4748461 -0.57792306
15.998 2.4549999 -0.73400003
16.093418 2.3775148 -0.67654479
16.382999 2.4763334 -0.66891664
17.982811 2.3724666 -0.63782805
18.00275 2.27795 -0.71044999
15.340605 2.6174662 -0.6290226
12.985625 -2.8500605 2.0888405
13.020143 -2.9552858 2.093143
9.2064619 -2.7122307 2.2111537
9.3622379 -2.6186826 2.2304604
9.655407 -2.6306102 2.2350171
9.7945004 -2.575 2.2341666
10.159924 -2.6995385 2.2271283
10.337253 -2.6238794 2.2421205
10.595875 -2.6200314 2.2437813
10.988 -2.723 2.2090001
11.13321 -2.7152631 2.2229736
11.337882 -2.7047646 2.2338235
11.559 -2.727 2.2249999
12.983098 -2.624881 2.1002798
13 -2.7309999 2.109
9.4416943 -2.44225 2.235389
9.7275 -2.446625 2.2402501
9.7979527 -2.4496667 2.2442856
10.358769 -2.4696155 2.2479999
12.982567 -2.387567 2.0947909
26.598534 8.612133 1.3914666
26.615 8.7704706 1.3679411
26.685831 9.41078 1.3620678
26.6915 9.5035 1.424
26.624077 9.8281536 1.3355385
7.7282858 13.555285 1.2737143
7.8935332 13.5526 1.3272667
10.942608 -4.5954809 1.6457089
11.126472 -4.595993 1.621274
11.37811 -4.5962849 1.6210583
11.628865 -4.5967898 1.6187311
11.877852 -4.5963473 1.6202
12.121044 -4.5957031 1.6345055
12.374849 -4.5997205 1.6476989
12.629653 -4.5998368 1.6535919
12.878653 -4.5986524 1.6616956
18.89904 -0.37474257 1.8720891
8.4838438 -0.074000001 1.8955313
8.5400572 -0.071171425 1.8713429
8.9100475 -0.077380955 1.8692857
9.1236343 -0.088585362 1.8706585
9.2994213 -0.082223684 1.8623685
10.347387 -0.21174194 1.9763225
18.898424 -0.12709352 1.8726834
8.5500002 0.0068000001 1.9188
9.3213339 0.0026666666 1.9296666
18.895781 0.12224822 1.8648865
18.893097 0.37487501 1.8690348
18.892155 0.6258074 1.8678519
15.890819 0.94181818 1.9919091
16.082846 0.94546157 1.9938462
16.438091 0.95300001 1.9654546
16.528 0.95566666 1.9663334
18.892853 0.87485367 1.8680732
15.340046 2.6178243 -0.64369464
15.672 2.5116 -0.71100003
15.838 2.5254998 -0.66900003
16.165388 2.5506945 -0.71913886
16.350189 2.5514927 -0.67000002
17.957848 2.6278296 -0.60555297
14.8296 2.9760001 -0.7324
15.353337 2.8069069 -0.63433719
15.5742 2.902 -0.63819999
15.8723 2.9626999 -0.65700001
16.021999 2.987 -0.62699997
17.938931 2.8013489 -0.58893025
10.686334 3.1478889 -0.67633331
11.734 3.2056801 -0.73435998
11.812547 3.1959419 -0.71766281
12.010333 3.204 -0.71533334
14.859904 3.0649424 -0.6949231
15.399 3.138 -0.73100001
16.108038 3.1227221 -0.64343518
12.869971 -4.6004348 1.6465797
13.108589 -4.6009178 1.6035479
13.360987 -4.6008801 1.6002533
13.628038 -4.6021795 1.5980641
13.88587 -4.6029611 1.6109091
14.113933 -4.6014729 1.5978514
14.363974 -4.6009474 1.6071711
14.630615 -4.601295 1.6406538
14.893015 -4.600853 1.6591618
15.105315 -4.6009817 1.645463
15.393492 -4.6034098 1.6420492
15.616706 -4.6030884 1.6412941
15.868711 -4.6039324 1.6338983
16.141518 -4.5785518 1.6237587
16.357363 -4.5605907 1.7131819
16.14275 -4.3698997 1.5586166
16.377501 -4.3565001 1.70525
12.981274 -2.4032209 2.1017151
13.109889 -2.2872221 2.1096222
13.394667 -2.2997334 2.1559334
13.636071 -2.2948928 2.1780357
13.877629 -2.2982962 2.1911852
14.132812 -2.3001251 2.1858749
14.3592 -2.3058 2.1991
14.613722 -2.294611 2.1869445
14.9344 -2.2853999 2.1451001
15.135177 -2.2937646 2.1657648
15.395778 -2.2988889 2.1774814
15.643706 -2.3009412 2.1866469
15.895445 -2.2923334 2.1619999
16.108667 -2.2978334 2.1733334
16.379168 -2.3093333 2.1954999
16.642401 -2.2908001 2.1666
16.7952 -2.2896001 2.1574001
17.11375 -2.286 2.15925
17.386091 -2.3155453 2.2079091
17.591667 -2.3273332 2.2326665
17.876999 -2.3049998 2.1935
18.152 -2.2803333 2.1386666
18.427666 -2.3133333 2.1943333
18.578501 -2.3253334 2.22
18.854385 -2.2696154 2.2023847
13.11045 -2.2112501 2.03265
13.271667 -2.1956668 2.0469999
13.643 -2.177 2.0039999
13.893 -2.184 2.0050001
14.038 -2.177 2.0015001
14.27 -2.191 2.023
14.647 -2.1930001 2.0313334
14.907666 -2.184 2.0093334
15.063499 -2.214 2.0475001
15.345 -2.2309999 2.066
15.66525 -2.19175 2.0125
15.846286 -2.1902857 2.0257142
16.088249 -2.197 2.0374999
16.378334 -2.2153335 2.0574999
16.652 -2.1992857 2.0350001
16.857 -2.2014 2.0358
17.127199 -2.2149999 2.0652001
17.388166 -2.2008333 2.0346665
17.559668 -2.2149999 2.0753334
17.930334 -2.1996665 2.0046668
18.101 -2.2055001 2.0219998
18.386999 -2.2149999 2.023
18.624001 -2.223 2.056
18.91188 -2.1239402 2.1236069
19.002001 -2.2409999 2.1459999
9.3929996 -1.751 2.0009999
9.6890001 -1.7582 2.0042
9.7819996 -1.7593334 2.0236666
10.1786 -1.7745 2.0494001
10.355572 -1.7866286 2.0440285
10.538797 -1.8295135 2.0585542
11.19375 -1.7720001 2.05425
11.414001 -1.7783333 2.0401332
11.654154 -1.7882308 2.0594871
11.794075 -1.8023226 2.1015053
12.165334 -1.7638334 2.0495
12.363 -1.7765 2.0673749
12.649875 -1.7819999 2.1022501
12.920316 -1.7943158 2.075
18.892057 0.86836541 1.867923
10.52679 1.2102631 1.9748948
15.888379 1.114069 1.9889311
16.090563 1.111375 1.99
16.432285 1.1011429 1.9718095
16.538 1.105 1.962
18.892269 1.1195769 1.864777
8.1875734 1.3135333 1.8198134
8.2810001 1.2625 1.8164999
18.892937 1.370664 1.859568
8.2290001 1.747 1.7725
8.2790003 1.743 1.757
10.498 1.655 1.982
10.545308 1.7083846 1.9770769
17.165455 1.678 1.9603636
18.894182 1.615033 1.8619174
8.2386065 1.7829697 1.7962728
8.2707596 1.8152 1.79564
10.4835 1.9647501 1.97325
10.532952 1.9361905 1.9829524
17.156 1.998 1.96
18.895508 1.8705928 1.8618786
8.2244129 2.0669565 1.8969566
8.2771034 2.0713103 1.8595862
10.495501 2.0139999 1.9765
10.528308 2.019923 1.9756154
14.709259 2.1011851 1.9647408
14.863074 2.0797777 1.9525186
15.045222 2.0665555 1.9587222
15.391167 2.0588334 1.9658334
16.106894 3.1319065 -0.63210571
11.907488 3.2884634 -0.67253661
12.147387 3.4084918 -0.61848778
12.263951 3.4506452 -0.54377419
16.162983 3.2965789 -0.63129824
16.279499 3.3435001 -0.56
17.887501 3.3240001 -0.50349998
12.156838 3.6154854 -0.61133659
12.573918 2.6003673 2.1059184
12.890565 2.6476305 2.0942826
13.087094 2.6077547 2.0728867
18.910517 2.6298645 2.1047034
19.018084 2.6430833 2.2409167
10.935058 2.8687143 2.2196572
11.094681 2.8606384 2.2112978
11.459091 2.8695455 2.2197273
11.60095 2.8899126 2.2059875
12.914143 2.7662857 2.1265714
13.133533 2.8237333 2.0874
13.3636 2.9196501 2.1868501
15.900381 2.9626191 2.0443335
16.155182 2.9699092 2.1017272
16.359072 2.9322143 2.0492144
16.551001 2.9130001 2.0079999
18.917135 2.8837543 2.1113391
19.012857 2.8798096 2.2343333
8.1170006 3.2416668 2.0253334
10.936338 3.1257539 2.2201693
11.0412 3.0360999 2.2109001
11.418982 3.1292777 2.2126667
11.579758 3.1125352 2.2086666
15.91 3.1139565 2.0630291
16.118616 3.0723076 2.1872308
16.296 3.1400001 2.1440001
16.582666 3.02 2.1700001
16.879 3.063 2.2119999
12.925546 -1.8032727 2.0838182
13.152425 -1.8294333 2.0613832
13.357471 -1.7774118 2.0482354
13.566625 -1.777625 2.0536251
13.913438 -1.773375 2.1018126
14.100238 -1.7849047 2.0935237
14.378316 -1.8065263 2.0640001
14.625969 -1.7931563 2.0866251
14.879786 -1.7915714 2.1065714
15.116158 -1.7824211 2.1327894
15.372931 -1.7895173 2.1654482
15.647305 -1.80975 2.1571388
15.842316 -1.8342316 2.0960736
16.118668 -1.789 2.069
16.349751 -1.798125 2.088125
16.63975 -1.7966667 2.1289999
16.877922 -1.7958846 2.1252692
17.086 -1.7904285 2.151
17.313 -1.7920001 2.1400001
17.542 -1.781 2.154
18.181999 -1.8204 2.1800001
18.351833 -1.8742917 2.1915417
18.61775 -1.865 2.2074165
18.914536 -1.8738316 2.1010296
19.011999 -1.7640001 2.2390001
8.6668892 -1.7351111 2.008889
8.9095001 -1.7377143 2.0278571
9.0802221 -1.7374445 2.0444446
9.3914442 -1.7444445 2.0081112
9.6212616 -1.6696905 2.0369048
9.8674002 -1.6982 2.0406001
10.0645 -1.6034167 2.0708332
10.430223 -1.7468889 2.0394444
10.566219 -1.7097583 2.0908902
10.910357 -1.5424286 2.0915713
11.065352 -1.6245883 2.0910001
11.322546 -1.5150909 2.1101818
11.745334 -1.6673334 2.194
11.818437 -1.713309 2.1063273
12.15075 -1.5085 2.1364999
12.465273 -1.5112727 2.132
12.595083 -1.5190001 2.1468334
12.89425 -1.521 2.1564999
13.18666 -1.7029362 2.1263192
15.368238 2.0526667 1.9580952
17.181751 2.05725 1.98
18.89538 2.1261168 1.8601679
17.173832 2.3646667 1.985
18.893188 2.3709927 1.8607318
18.892359 2.622524 1.8616759
15.957 2.9549999 1.9979999
16.016001 2.9790001 1.995
16.447714 2.9544287 1.9785
16.526875 2.9555001 1.967375
18.88965 2.8736715 1.8536571
15.917889 3.0867777 1.9877777
16.104401 3.1766 1.9651999
16.411871 3.0914814 1.972963
16.538401 3.1596 1.9732
18.889717 3.1241772 1.8620851
8.1563892 3.2916667 1.9530001
17.134087 3.3774564 1.9312608
18.891857 3.3705795 1.8627857
12.154247 3.6149445 -0.61632323
12.2585 3.5440001 -0.52999997
16.675167 3.7405 -0.74150002
17.70257 3.7050278 -0.57698613
17.913055 3.7185555 -0.69111109
2.6809635 3.9729879 -0.56130487
2.8991983 3.9183948 -0.59090382
3.0269523 3.8494048 -0.53790474
12.217767 3.782548 -0.60405481
12.264916 3.8135834 -0.66299999
15.046 3.7880001 -0.75
16.696896 3.8126843 -0.72657895
18.91774 3.12925 2.111074
19.012106 3.1274736 2.2326841
8.0925274 3.2867222 2.0324166
10.926774 3.3589435 2.2275848
11.207833 3.4665 2.2128334
11.41751 3.3892245 2.2219388
11.565156 3.3623116 2.2139351
16.596001 3.2609999 2.006
16.893625 3.3117499 2.0276251
17.13525 3.3645 2.0250833
18.923765 3.3721123 2.1173368
19.015272 3.3642728 2.2335
8.1311188 3.5934763 2.0657382
10.914871 3.5837741 2.2419355
11.204785 3.6660357 2.222357
11.384503 3.6345186 2.2237184
11.603742 3.6153872 2.2085483
18.926001 3.5798571 2.1210952
19.011765 3.5791764 2.2189412
8.1234522 3.8422382 2.070262
10.996 3.9679999 2.2190001
11.151162 3.8889749 2.2202251
11.310062 3.8711874 2.223125
13.184444 -1.6818889 2.1245556
13.353374 -1.6082916 2.1022084
13.638556 -1.5233333 2.156889
13.931345 -1.5426545 2.1360545
14.107333 -1.5375 2.1283333
14.352571 -1.5191429 2.1496429
14.690001 -1.5090001 2.1799998
14.8765 -1.53825 2.135
15.127714 -1.5348572 2.1471429
15.375591 -1.5235455 2.1715908
15.6044 -1.5220001 2.1935999
15.841031 -1.7094063 2.1849375
16.188942 -1.5483235 2.1916177
16.32 -1.5426667 2.1807499
16.629999 -1.5286 2.2007999
16.784334 -1.528 2.2146666
17.086 -1.5549999 2.1830001
17.333834 -1.553 2.2045
17.559334 -1.5373333 2.1923332
18.543999 -1.748 2.1925001
18.919376 -1.631974 2.0671558
19.01685 -1.625825 2.2168
8.9324999 -1.4974999 2.0580001
9.0864582 -1.3850695 2.0777917
9.3821554 -1.3980222 2.0876889
9.5594997 -1.3711153 2.0823846
9.9165955 -1.4000213 2.0925639
10.152424 -1.380803 2.1010151
10.376524 -1.3718333 2.1052856
10.911165 -1.3844433 2.1157115
11.095424 -1.3852727 2.1214545
11.325077 -1.3719358 2.130218
11.568153 -1.3826538 2.1368461
11.949889 -1.4082222 2.1254444
12.133582 -1.3804001 2.1370728
18.896 3.3821819 1.8763636
8.1394005 3.6043334 1.9631333
18.898642 3.6233647 1.8703899
8.1405878 3.8569117 1.960853
17.138088 3.9174707 1.9411764
18.902617 3.8837125 1.8691617
18.903149 4.1341667 1.872615
18.903503 4.3830571 1.8726
18.89979 4.627768 1.8722099
18.904287 4.8704576 1.8807966
16.682028 3.8148856 -0.72485715
16.835142 3.8393571 -0.6982857
17.079399 3.9196 -0.67479998
17.340401 3.9674001 -0.68199998
17.666622 3.8792295 -0.58374864
17.887501 3.8981137 -0.70999998
18.077881 3.8659599 -0.72899997
18.261999 3.915 -0.74666667
2.6500919 4.1104693 -0.55509692
2.8593564 4.0999255 -0.58701724
17.406 4.0074997 -0.68849999
17.687641 4.1223025 -0.58670372
17.828827 4.1696205 -0.71499997
18.107201 4.0785999 -0.74260002
18.275 4.0149999 -0.74900001
2.6500001 4.2651668 -0.53116667
12.412857 4.2997141 -0.55771428
12.633611 4.3156667 -0.57733333
12.895918 4.3286886 -0.5921967
11.311213 3.8623333 2.2223866
11.631659 3.8720489 2.2011464
17.146517 3.9361613 2.0479355
18.926125 3.8981874 2.1182344
19.024666 3.8945 2.224875
10.597079 4.170579 2.2384474
10.9455 4.1417499 2.2262499
11.155951 4.1215644 2.2292824
11.287272 4.1125002 2.2291365
11.589609 4.1132174 2.2310436
11.844384 4.1659231 2.2390385
18.932611 4.1285973 2.1325696
19.011366 4.119 2.2259667
7.71 4.4549999 2.092
7.8509865 4.3824134 2.1063733
8.1188574 4.3619142 2.1242285
8.363286 4.3835859 2.1296856
8.5475264 4.3473158 2.2204211
10.606436 4.3695726 2.1877258
10.862783 4.3416986 2.1893253
12.105353 -1.3599412 2.1359413
12.320111 -1.3888148 2.1431482
12.598873 -1.3627324 2.1483521
12.90566 -1.3848298 2.1508086
13.060333 -1.3446667 2.1551666
13.450389 -1.3966111 2.1570556
13.620263 -1.3650877 2.1614387
13.845218 -1.3783913 2.1705434
14.082653 -1.3720417 2.1575277
14.338591 -1.3863636 2.1636364
14.593264 -1.3713421 2.1787632
14.792 -1.35325 2.1845
15.219666 -1.37 2.1873333
15.384649 -1.3781228 2.1929123
15.596395 -1.3874419 2.1960931
15.811178 -1.3631786 2.2074642
16.221863 -1.3696591 2.2083409
16.347334 -1.3804286 2.2093809
16.628111 -1.3838888 2.2114444
16.854059 -1.3702353 2.2257059
17.084572 -1.3748572 2.2368572
17.427 -1.3816667 2.2376666
17.517 -1.257 2.2409999
18.918671 -1.3769391 2.0680733
19.014952 -1.3778334 2.2185476
9.1577921 -1.1635472 2.0813773
9.3946552 -1.1446552 2.0987587
9.5887499 -1.1181818 2.1189773
9.9449396 -1.173303 2.106606
10.117857 -1.1380286 2.1144571
18.903187 4.8796077 1.8730187
18.909403 5.123497 1.8762641
6.165 5.3909731 1.7737297
6.3737826 5.390348 1.8168551
6.6337323 5.3842859 1.8380892
6.880589 5.3820677 1.8637055
7.1275139 5.3783631 1.866411
7.3859329 5.3806758 1.8521117
7.6329618 5.3791156 1.8684231
12.890111 4.3264112 -0.60642225
17.745714 4.2578573 -0.5642857
17.791264 4.2706842 -0.62273681
18.479 4.4400001 -0.616
18.987 4.5580001 -0.74800003
19.075001 4.6728435 -0.5983687
6.0834999 4.9675002 -0.54349995
7.1741185 4.981636 -0.60753906
7.3674407 4.9475226 -0.61435312
10.883264 4.3392105 2.1903157
11.109797 4.3123293 2.2099113
11.374583 4.3654833 2.1884999
11.612375 4.2855415 2.2211251
11.898243 4.3702431 2.2092972
12.161146 4.3836069 2.1993258
12.311818 4.3888183 2.2002728
12.51625 4.4277501 2.2414999
18.923304 4.4151516 2.1180909
19.014313 4.4102502 2.227875
7.4404373 4.6728749 2.0464375
7.6666322 4.6219263 2.0691764
7.8434153 4.600554 2.0738001
8.0937204 4.55124 2.1026399
8.4634285 4.6258574 2.0972857
8.527667 4.7393332 2.1210001
10.571753 4.6274405 2.1597376
10.876685 4.6050272 2.1432192
11.123161 4.5702581 2.1599677
11.369658 4.6334391 2.1476343
11.62339 4.6363173 2.1435244
11.870571 4.6361427 2.1570001
13.891 -4.6040001 2.3210001
14.140775 -4.6033874 2.3614626
14.384754 -4.6036153 2.3731999
14.600173 -4.6044536 2.4238267
14.845176 -4.6041226 2.3972106
15.143063 -4.6044626 2.3571374
15.374644 -4.6061778 2.3534
15.608484 -4.608129 2.3449194
15.886253 -4.6112685 2.3608358
16.12262 -4.6135001 2.3717401
16.384716 -4.6167998 2.3958833
16.611181 -4.6176 2.4091637
16.86717 -4.6198292 2.4070733
17.104029 -4.6232648 2.3845294
17.342432 -4.5938659 2.3393283
17.60084 -4.5717602 2.444
13.222357 -4.3875895 2.4934464
13.295548 -4.3579679 2.4919193
17.374399 -4.3751001 2.2937
10.086839 -1.1532258 2.1081612
10.349667 -1.1538148 2.1148334
10.632474 -1.0917895 2.1832106
10.928768 -1.1535178 2.1425178
11.066191 -1.146881 2.1266904
11.362722 -1.1501666 2.1375833
11.610518 -1.1496207 2.1610346
11.873857 -1.0862857 2.1850715
12.155887 -1.1807272 2.142091
12.34166 -1.1646596 2.147851
12.634962 -1.1613846 2.1643653
12.896836 -1.1405102 2.1754081
13.097667 -1.1386111 2.1720555
13.39275 -1.1505001 2.197
13.639081 -1.1764054 2.1646757
13.856342 -1.1634737 2.1756315
14.109804 -1.1602157 2.1679609
14.360056 -1.1592778 2.1748333
14.621897 -1.1713103 2.1871724
14.856125 -1.1463751 2.2045
15.0726 -1.123 2.2184
15.423538 -1.1809231 2.1956153
15.622594 -1.1738125 2.2021875
15.837591 -1.1764545 2.2082727
16.225666 -1.1915834 2.2079167
16.316307 -1.1675769 2.2084231
16.569286 -1.1665714 2.2227857
16.865063 -1.194 2.22525
17.107601 -1.1904 2.2398
17.391001 -1.232 2.2409999
17.557333 -1.1436666 2.2449999
18.915987 -1.1227161 2.0665431
19.018314 -1.1199803 2.2258432
14.704111 -0.92155552 2.1449444
7.3604684 4.9477215 -0.61871517
7.5419998 4.9634666 -0.6863333
13.541 4.823 -0.50300002
19.079824 4.8763895 -0.59821451
4.6034327 5.2133603 -0.62094593
6.1951113 5.0336032 -0.55492061
6.4004827 5.0328445 -0.61789006
11.862286 4.6055002 2.1612144
12.087625 4.5907187 2.1832187
12.3739 4.6666999 2.2077
12.54275 4.6974998 2.2172501
15.443791 4.6546268 2.2059553
15.623127 4.6337638 2.1985455
15.855388 4.6162448 2.2088776
16.090706 4.6004119 2.2185588
16.334208 4.5863333 2.2307501
16.578251 4.6132498 2.2342501
16.795 4.7470002 2.243
18.913401 4.6237998 2.1098363
19.01523 4.6339998 2.2283077
7.3902502 4.8069 2.0464499
7.6593809 4.8119998 2.0521905
7.8126469 4.9537649 2.0874705
8.3686409 4.8616848 2.0894566
8.6288328 4.8493891 2.1266665
8.8632317 4.9027677 2.1478035
9.0990858 4.8985429 2.1750286
9.4198217 4.9253778 2.1442444
9.6144428 4.9026556 2.1621804
9.8568621 4.9088101 2.1723793
10.119596 4.9134617 2.1667693
10.401667 4.9082408 2.1777964
10.563895 4.8506317 2.1722105
17.374424 -4.3660607 2.2916062
17.634623 -4.3685999 2.4585779
13.245167 -4.1831665 2.4871666
13.338127 -4.1121745 2.480119
13.52675 -4.0634999 2.4516249
17.369194 -4.1210446 2.2885075
17.639416 -4.1192164 2.4618001
13.396671 -3.8795033 2.4747114
13.528118 -3.9122353 2.4496469
17.340727 -3.9722726 2.2643635
13.439451 -3.6306453 2.4671936
13.547231 -3.6216154 2.4578462
13.458319 -3.3813076 2.4595165
13.531428 -3.3788571 2.4594285
13.179 -3.0095 2.3924999
13.465641 -3.1752052 2.4502308
13.526182 -3.1712728 2.4602728
12.961559 -2.8648176 2.3091509
13.05825 -2.9772499 2.4047499
10.371125 -2.5641251 2.25225
10.689609 -2.5978696 2.2532175
10.7665 -2.5355 2.2550001
11.245 -2.7030001 2.2539999
14.688675 -0.92019999 2.1436501
14.843718 -0.90146154 2.1270001
15.114812 -0.90106249 2.056375
15.300264 -0.88132352 2.1010883
17.731001 -0.76499999 2.2490001
18.921238 -0.87604547 2.0795681
19.016735 -0.87816328 2.2335305
9.9004488 -0.58324301 2.058785
10.012 -0.62900001 2.1700001
10.465417 -0.58911669 2.0138667
12.475 -0.65899998 2.0610001
12.568169 -0.59112048 2.0942531
12.898 -0.61799997 2.0544286
13.122183 -0.58509755 2.0598781
17.656 -0.74699998 2.2435
18.91967 -0.63244998 2.0820999
19.017138 -0.63307846 2.2344511
9.8957386 -0.41391891 2.0430181
10.186385 -0.3263846 2.0588462
10.465049 -0.42778048 2.0221708
10.503333 -0.40600002 2.0046666
12.492 -0.31200001 2.0969999
12.566474 -0.41443589 2.0928974
6.3963041 5.0325732 -0.62221342
6.5864468 5.0373435 -0.61332911
6.8713717 5.0513897 -0.61803669
10.575466 4.8583407 2.1681137
10.870083 4.8807917 2.1459999
11.108 4.8593335 2.1486666
11.379 4.8625331 2.1559999
11.602535 4.8615355 2.1590357
11.862933 4.8805332 2.1681666
12.160844 4.868875 2.1742814
12.389966 4.8392415 2.1779654
12.614722 4.8730555 2.2027779
12.856916 4.8715415 2.2319584
13.188666 4.9108462 2.1747692
13.314895 4.9101582 2.1761053
13.5105 4.8952498 2.2255001
14.722 4.9629998 2.108
14.803045 4.990818 2.1684546
15.409227 4.7747502 2.1905456
15.588 4.7529998 2.1670001
15.925 4.7645001 2.1785002
16.639999 4.756 2.244
18.900517 4.8754826 2.0797586
19.019257 4.8725896 2.2313333
7.4749999 5.1716666 2.0952222
7.6124339 5.1305847 2.1153207
7.84582 5.1317601 2.1068201
8.3819103 5.1138539 2.1006293
8.6689615 5.0974998 2.1235385
8.8792219 5.1141109 2.141089
9.007 5.0570002 2.1440001
9.4369564 5.1456375 2.1469564
9.5855112 5.0973334 2.1538668
9.887722 5.1157594 2.1571112
10.10129 5.1121054 2.1604211
10.4505 5.1778336 2.1543334
11.349781 -2.6054096 2.2583144
11.603323 -2.5986309 2.2624154
11.8596 -2.6129601 2.2683599
12.652589 -2.6153836 2.281096
12.93053 -2.6197479 2.2838235
9.643611 -2.383111 2.2732778
9.902607 -2.3805001 2.2987144
10.129809 -2.3821428 2.3413808
10.371585 -2.4115539 2.3078616
10.62087 -2.3848262 2.362
10.87574 -2.3908904 2.3384931
11.125542 -2.3816667 2.3867917
11.405976 -2.4183614 2.3329158
11.6294 -2.407057 2.3238714
11.877237 -2.4072237 2.3316841
12.121227 -2.3853409 2.348
12.376171 -2.3824856 2.4028285
12.66225 -2.381875 2.4377501
12.56585 -0.4174 2.0962501
12.919556 -0.35966668 2.1292222
13.148009 -0.39384684 2.0711081
13.266467 -0.26893333 2.1281333
18.915001 -0.37432653 2.0729184
19.01873 -0.38153967 2.2335079
10.431091 -0.17718183 2.0171819
10.530001 -0.162 2.0075002
13.242 -0.23 2.089
13.335999 -0.23415001 2.1540501
18.915001 -0.118 2.0760102
19.017069 -0.12298276 2.2313275
18.911558 0.13353921 2.0765097
19.015192 0.12308772 2.2309649
11.037808 0.42176595 2.222383
11.42012 0.42372 2.20964
11.5644 0.3612 2.2145998
18.909904 0.37981915 2.0773299
19.01494 0.36535293 2.2309608
11.043756 0.61746156 2.2239358
11.39812 0.61265999 2.2075801
11.535 0.69599998 2.2090001
16.239 0.60299999 2.2490001
17.141714 0.61585712 2.1364286
6.8733835 5.0511336 -0.61397547
7.0587163 5.0122452 -0.60252887
10.445 5.1393332 2.1585
10.593625 5.1169877 2.154875
10.860652 5.0997825 2.166913
11.110714 5.0915236 2.1815715
11.402177 5.1471763 2.1929412
11.648334 5.1208334 2.1993611
11.858 5.1093822 2.2047353
12.135283 5.1326604 2.2120566
12.373483 5.1025343 2.1947069
12.583208 5.0635419 2.1982501
12.8074 5.1873999 2.2305999
13.190763 5.1550527 2.186079
13.339581 5.1118183 2.1917455
13.54375 5.131 2.2135
14.4108 5.1719141 2.1594858
14.629787 5.1405106 2.166234
14.801472 5.1129327 2.127764
17.380001 5.2255001 2.243
18.915768 5.1243167 2.0879834
19.025049 5.1093998 2.2335999
7.1422758 5.3783793 2.0245173
7.3691587 5.3780317 2.0562539
7.595706 5.3696032 2.0954707
7.8652353 5.3700824 2.0671999
8.1217146 5.3774285 2.0624287
12.622408 -2.4007778 2.4047778
12.941819 -2.3934574 2.3274415
13.163943 -2.289434 2.3279057
13.347571 -2.2838571 2.2987499
13.604667 -2.2897778 2.3155556
13.901917 -2.29425 2.3411667
14.14485 -2.3038001 2.3175001
14.379774 -2.3071291 2.3046129
14.60929 -2.3074193 2.3290322
14.897617 -2.3097646 2.3385882
15.141528 -2.3115001 2.3658612
15.33788 -2.3106799 2.4026799
15.628767 -2.3149667 2.3887999
15.878633 -2.3192 2.3679667
16.139 -2.3230476 2.3245714
16.374538 -2.3233461 2.3120768
16.603758 -2.3238275 2.3361723
16.883833 -2.3264999 2.3582778
17.118572 -2.3287144 2.3760476
17.361593 -2.326148 2.4199629
17.646601 -2.3278501 2.3526499
17.892834 -2.3313334 2.3677778
18.109875 -2.3357501 2.3961248
18.377056 -2.3429444 2.3325
18.654364 -2.3397274 2.3361363
18.841749 -2.3216429 2.3129642
19.021231 -2.3070385 2.3937306
10.637062 -2.0432501 2.460125
12.978 -2.0610001 2.3150001
13.199229 -2.175246 2.348918
13.3035 -2.1891153 2.3158078
13.65575 -2.2037501 2.3622501
13.864 -2.2328572 2.3854287
18.917454 -2.1420908 2.2761137
17.159 0.61022222 2.1411667
17.353832 0.62349999 2.2213335
18.91217 0.62687385 2.0825405
19.009531 0.60557449 2.2294254
11.040967 0.85878688 2.2204263
11.374434 0.875283 2.2125282
11.5406 0.92444998 2.2105999
15.860953 0.92762792 2.0454884
16.117714 0.91028571 2.0686429
16.327168 0.90349996 2.0148335
17.145666 0.82261109 2.1314445
17.398333 0.8203333 2.2160001
17.517 0.86033332 2.2273333
18.915028 0.88103706 2.0893426
19.007721 0.86081398 2.2292559
10.499 1.225 2.029
10.549847 1.2236154 2.0410769
10.9115 1.1422501 2.1440001
11.069917 1.1316528 2.2203054
11.385197 1.1279017 2.2077868
11.553177 1.1184118 2.1915295
15.870284 1.0971477 2.073875
16.0798 1.0613 2.1845
16.388124 1.0493749 2.1817501
16.962 1.086 2.233
18.91087 1.1215701 2.0822244
19.0082 1.126725 2.2290249
10.4886 1.2616 2.0316
10.589539 1.2703847 2.075923
10.925934 1.3041999 2.1978667
11.052 1.4010834 2.2151666
7.0603743 5.0130162 -0.60111767
7.6815834 5.0532498 -0.61333334
7.9071302 5.1311097 -0.62356162
8.1235132 5.1045651 -0.62229079
8.371521 5.1066241 -0.61963636
8.1414881 5.3790712 2.050488
8.3889093 5.3526769 2.1015639
8.6401634 5.3458161 2.0786326
8.8721075 5.3682947 2.0543928
9.1289587 5.3767853 2.070091
9.3869734 5.3733187 2.1191859
9.6023998 5.3630667 2.1238856
9.8769703 5.3622222 2.1016593
10.121874 5.3675208 2.0753949
10.364849 5.3698869 2.1019244
18.92075 -2.1198332 2.2765834
19.0165 -2.1689231 2.3780384
10.604625 -1.8879861 2.4110973
11.7925 -1.79575 2.28725
13.189784 -1.8460099 2.3608334
13.35402 -1.8222041 2.291245
13.54325 -1.84725 2.27825
15.744 -1.851 2.4349999
15.839143 -1.8838096 2.4088333
18.381231 -1.9098462 2.4347692
18.675251 -1.77025 2.339
18.908468 -1.8270313 2.3075938
19.022083 -1.8716667 2.39575
10.479 -1.686 2.346
10.5359 -1.7164 2.3378
11.7306 -1.674 2.2744
11.7811 -1.6687 2.2865
12.877 -1.618 2.2750001
13.18229 -1.709 2.3141935
13.350125 -1.6964375 2.3002501
15.842667 -1.7309333 2.2736001
18.4 -1.7340666 2.3138001
18.6185 -1.7385 2.3239999
18.999001 -1.572 2.4130001
19.018133 -1.6219296 2.3347032
18.986778 -1.3597778 2.4122221
19.018244 -1.3822353 2.3318067
10.117001 -1.08425 2.2772501
10.3572 -1.0886 2.2786
10.720625 -1.10425 2.431375
10.846095 -1.0824761 2.3487144
11.04775 -1.0892501 2.2720001
11.3904 -1.0856 2.309
11.665751 -1.0805 2.27425
11.8125 -1.099 2.2605
12.102 -1.1003333 2.2731667
12.733 -1.1440001 2.378
12.919333 -1.128 2.3316667
13.185506 -1.0835824 2.4133077
13.346 -1.0558158 2.3101842
13.621437 -1.083125 2.296
13.891632 -1.0911052 2.3203685
14.063499 -1.1 2.2874999
11.102909 1.3859773 2.2063408
11.386 1.4020606 2.2045758
11.550714 1.4057143 2.1919286
18.911877 1.368562 2.0865371
19.006924 1.3816923 2.2307436
10.488556 1.6564444 2.03
10.552299 1.66355 2.0555501
10.914071 1.7207857 2.1743572
11.087985 1.6165882 2.2108088
11.388274 1.616098 2.2096274
11.555214 1.635 2.1798573
17.155773 1.6837727 2.0495
17.3305 1.67875 2.16325
18.915092 1.624155 2.0942869
19.007593 1.6456562 2.2328436
10.494454 1.9486364 2.0466363
10.578444 1.959 2.074111
10.918667 1.7645556 2.1658888
11.07477 1.8871955 2.2111609
11.371542 1.932875 2.2027917
11.5353 1.9464999 2.184
17.1754 1.989 2.0262001
18.907349 1.88433 2.0876989
19.013849 1.9157 2.2302999
10.597166 2.0413334 2.0181665
10.939333 2.0501111 2.1900001
11.068744 2.1237926 2.2184269
11.37325 2.16325 2.21225
8.342 5.0948 -0.61140001
8.568943 5.1227388 -0.67611367
19.081879 5.1249123 -0.60413849
4.5841656 5.3804002 -0.6172756
10.388221 5.3650846 2.0912881
10.616824 5.3602138 2.1168931
10.878356 5.3613558 2.0873654
11.123623 5.3645525 2.0998421
11.37428 5.3671017 2.1117373
11.631865 5.367075 2.120564
11.872557 5.3640885 2.1420162
12.131045 5.3644505 2.1342137
12.372018 5.355618 2.1315181
14.073999 -1.109 2.332
14.393715 -1.1061429 2.267
14.651143 -1.1071428 2.2957144
14.86375 -1.11075 2.2823749
15.072166 -1.1138333 2.3304999
15.359143 -1.1272857 2.3662858
15.677834 -1.1159999 2.3708334
15.840231 -1.1181538 2.3412309
16.150238 -1.1010952 2.4059525
16.364876 -1.10625 2.3366876
16.608923 -1.1146153 2.3281538
16.894201 -1.1195999 2.3329999
17.1446 -1.1298 2.3039
17.376858 -1.1327858 2.3275714
17.572294 -1.070647 2.3037646
17.916 -1.225 2.286
18.986401 -1.1059999 2.4024
19.016706 -1.1367475 2.3266263
10.862 -0.99599999 2.4590001
13.206712 -0.88435203 2.4155519
13.37245 -0.87728858 2.299067
13.53275 -0.83599997 2.2853751
14.676375 -0.90362501 2.3053751
14.876692 -0.91046154 2.2808461
15.096666 -0.90666664 2.358
15.362889 -0.90566665 2.3824444
15.588 -0.82353848 2.464
17.601082 -0.87411928 2.3418348
17.757 -0.78899997 2.4130001
18.9533 -0.85109997 2.3801999
19.016058 -0.8821609 2.3306668
9.9829998 -0.59399998 2.2509999
10.419333 -0.59833336 2.3280001
13.200949 -0.62989706 2.4093971
13.324463 -0.62262499 2.3092749
11.359609 2.1084347 2.2053914
11.556455 2.0639091 2.1879091
14.693657 2.1236858 2.0465143
14.846143 2.1008573 2.0619285
15.125526 2.1098421 2.0912106
15.352428 2.0742857 2.0748215
15.597636 2.146909 2.182909
15.893167 2.1663332 2.2335
17.151875 2.0530999 2.064275
17.313334 2.0743334 2.1376667
18.916037 2.1264298 2.099916
19.014524 2.100857 2.2308571
11.111561 2.3063657 2.2148049
11.363966 2.3770001 2.2159655
11.555385 2.387327 2.1946347
12.608303 2.4474545 2.1080606
12.867036 2.4315715 2.1275713
13.094697 2.4395909 2.1145756
15.3765 2.2709999 2.1745
17.155025 2.348475 2.054775
17.284 2.4016666 2.1236665
18.914463 2.3788612 2.1037962
19.0172 2.4177999 2.2337
10.94712 2.62428 2.224
11.136886 2.6492572 2.2090285
11.36075 2.6448333 2.2159166
11.596457 2.6293509 2.2042632
12.59831 2.6196702 2.1067114
4.5838423 5.3718524 -0.62351578
4.8133531 5.4197645 -0.61958826
5.0747128 5.4220943 -0.64534497
8.6732311 5.2907691 -0.59353846
8.8013573 5.3735714 -0.64328575
19.07782 5.3715663 -0.59582597
4.2328334 5.7431669 -0.64416665
4.3858685 5.7410131 -0.5790658
12.383636 5.3509545 2.1431818
12.621348 5.3675056 2.1098876
12.881755 5.3801546 2.1027546
13.135211 5.3767705 2.1259816
13.369377 5.3596311 2.1453853
13.535913 5.357739 2.0885217
14.199 5.2859998 2.0810001
14.341459 5.2800813 2.1252162
14.619244 5.276135 2.1292434
14.794923 5.2654614 2.1211538
17.415358 5.3969998 2.2355001
17.604401 5.4664001 2.2282
18.919968 5.3721452 2.0901451
19.018538 5.3464618 2.2313077
17.387297 5.5971851 2.2204444
17.617001 5.6216002 2.2216001
17.910484 5.6436129 2.2318065
18.035889 5.6700001 2.2201111
18.919672 5.6142931 2.0950346
19.0172 5.6117001 2.2325001
17.439428 5.8859048 2.2226667
17.63409 5.8862729 2.23
17.8512 5.8273001 2.2384
18.075001 5.757 2.2219999
18.903114 5.8099713 2.0733142
19.017599 5.8120999 2.2293
16.42411 6.2319999 2.1506667
16.61775 6.2279501 2.1619
16.827667 6.2311668 2.1611667
17.39283 6.1587796 2.2079153
17.638081 6.17172 2.1968
13.351636 -0.62663639 2.3034546
13.505 -0.71200001 2.2809999
17.597231 -0.63009399 2.3421369
18.716999 -0.64300001 2.3875
18.963667 -0.65716666 2.4073334
19.015682 -0.62234092 2.3390682
10.387167 -0.41725001 2.3
13.194153 -0.37694159 2.4056642
13.332047 -0.3638941 2.3101764
13.506 -0.32499999 2.283
17.598328 -0.37858197 2.3376474
18.9804 -0.3946 2.4028001
19.018766 -0.37519482 2.3408182
13.207313 -0.122125 2.4265389
13.356496 -0.13616522 2.307739
13.526 -0.17299999 2.2739999
17.600784 -0.12405173 2.3381896
13.206243 1.1188252 2.4205244
13.362856 1.1257938 2.3238246
13.5155 1.1035 2.2940001
15.865922 1.1237167 2.373311
16.115042 1.1320208 2.2728333
16.312834 1.0971667 2.2773333
16.695999 1.10875 2.3225
16.756001 1.1589999 2.3345001
17.216999 1.09 2.3110001
17.40275 1.0862501 2.3280001
17.604395 1.0782105 2.3750789
19.019857 1.0547143 2.2534287
10.685471 1.395 2.4349117
10.959531 1.3862857 2.3563879
11.009121 1.3835555 2.3120909
13.210808 1.373376 2.411232
13.361132 1.3801099 2.3228571
13.53425 1.35575 2.2995
15.874977 1.374523 2.3741539
4.3745546 5.7411513 -0.57800841
4.5880055 5.608326 -0.63563609
4.9555864 5.5915174 -0.65348274
5.0399709 5.6096144 -0.63859487
17.914738 5.6661339 -0.59566498
17.5909 6.1459999 2.2038999
17.907621 6.1854482 2.2064483
18.079315 6.2174211 2.2001579
18.330334 6.1996665 2.1983333
18.717751 6.2177501 2.2444999
18.891333 6.2075 2.2398334
19.0975 6.1914997 2.158
19.396999 6.1830001 2.1963334
16.159399 6.3202 2.2096
16.392279 6.3160558 2.1916111
16.677818 6.3778181 2.1644547
16.839636 6.428091 2.1700909
17.206572 6.3347144 2.2211428
17.359861 6.314889 2.207139
17.610666 6.3288889 2.1858888
18.855 6.2530003 2.2365
20.568825 6.4604249 2.1050251
16.885063 6.5859065 2.1945
17.021999 6.6950002 2.1849999
17.723 6.5110002 2.2390001
17.908001 6.546 2.2395
18.117889 6.6211667 2.2341666
18.349142 6.6121426 2.2287142
18.528 6.6230001 2.2360001
20.588247 6.6244435 2.1120827
20.7675 6.6805 2.234
20.497999 6.9190001 2.1110001
20.589832 6.8722439 2.1186388
20.782499 6.8934999 2.23825
20.582716 7.1218762 2.1148672
20.788422 7.1092105 2.2359474
20.585056 7.3789816 2.1149259
20.794647 7.3634706 2.2384706
23.715307 7.4401922 2.1299231
20.497 7.5819998 2.118
20.579117 7.6351395 2.0982094
20.842001 7.6544447 2.2264445
23.713531 7.6251774 2.1056452
20.57272 7.8696799 2.1020401
17.890858 5.6760001 -0.64600003
18.03735 5.6345716 -0.58338094
18.481001 5.7249999 -0.52899998
18.516001 5.7410002 -0.52600002
18.89382 5.6111751 -0.62590784
19.048754 5.5699921 -0.58298415
3.6410105 5.9522552 -0.5521915
3.8227446 5.9534254 -0.56431913
4.1226149 5.7850986 -0.5717324
4.3428869 5.7626414 -0.56446224
4.5684185 5.8488603 -0.62837207
17.6096 -0.1398 2.3216
18.912001 -0.093000002 2.401
19.016787 -0.133275 2.3433375
11.101228 0.19695455 2.4895
11.333889 0.19599999 2.4944444
11.5805 0.19749999 2.4990001
13.211276 0.12215672 2.4294553
13.344345 0.11767858 2.3212023
17.60969 0.12234454 2.3366387
18.7195 0.067500003 2.385
18.962688 0.12818751 2.3984375
19.015173 0.11846377 2.3354638
10.995001 0.44 2.4225001
11.04146 0.39541 2.3733001
11.354589 0.32082352 2.4562354
11.58875 0.32412499 2.42275
13.20827 0.38268852 2.423213
13.331744 0.36940697 2.3197792
15.852715 0.42317241 2.3951898
16.136749 0.42008334 2.273875
15.870895 1.36825 2.3772082
16.100107 1.3795319 2.2746384
16.292 1.3725715 2.2777143
16.734333 1.4406667 2.3330002
17.630177 1.4046482 2.3449721
17.8445 1.4614999 2.3639998
18.673 1.428 2.401
18.972555 1.4737778 2.4008889
19.011875 1.425125 2.2969167
10.683848 1.5841818 2.4419999
10.993363 1.5971212 2.3627577
11.01011 1.6000854 2.3114634
13.214431 1.6367069 2.4122758
13.35335 1.6253494 2.3276987
13.5271 1.6177 2.3011
15.867743 1.6209179 2.3769846
16.104523 1.6326818 2.2749772
16.351049 1.62445 2.2866499
16.636499 1.518 2.322
17.629898 1.6381204 2.3411667
18.497 1.561 2.3510001
18.656799 1.6214 2.3887999
18.975136 1.6258919 2.3729999
19.008167 1.6245 2.3066669
20.590433 7.8730001 2.1094668
20.790333 7.8274999 2.2401667
23.705559 7.8347354 2.1402059
23.774 7.8249998 2.003
20.583673 8.0568914 2.1159999
20.7782 8.0953999 2.2381999
23.687 8.0865002 2.2325001
23.69927 8.4034328 2.0981081
23.936666 8.4333334 2.0139999
26.701292 8.4193907 2.0876341
23.708616 8.5606155 2.1471539
23.8936 8.5859995 2.0816
24.422251 8.6475 2.0351501
26.676357 8.6762505 2.0804286
24.482 8.7625008 2.0415001
24.536375 8.7797499 2.0411251
26.681843 8.803895 2.0936842
24.372999 9.0550003 2.23
24.665001 9.0997505 2.0657501
24.892 9.2054996 2.1261668
24.962 9.2709999 2.1819999
25.014 9.2684994 2.1224999
26.6875 9.8584375 2.1335001
8.1203461 11.463577 2.062423
8.3737497 11.471334 2.0903332
8.5569086 11.479455 2.1349092
8.0610838 11.576667 2.0387499
8.3710003 11.5487 2.1345999
8.5752497 11.514667 2.138
8.7243748 12.989 2.091625
8.8270664 12.989733 2.1372001
9.1243334 12.88 2.2449999
9.4262104 12.974368 2.1301053
9.6308823 12.992706 2.121294
9.8507776 12.987416 2.1461666
10.2018 12.9896 2.1173999
10.381235 12.990765 2.1498237
10.6324 12.99095 2.1429
10.7995 12.987715 2.1405714
8.717 13.018 2.082
8.8883848 13.036769 2.1643076
9.0872307 13.084461 2.2283845
9.4569998 13.022476 2.1057143
9.5965004 13.055875 2.1438251
9.8910456 13.050454 2.1522727
10.08913 13.042739 2.1708262
10.394278 13.052889 2.1191111
10.637367 13.058408 2.1488776
10.811 13.076591 2.1302726
9.6635714 13.325571 2.076
9.7976665 13.473333 2.0776668
10.0679 13.4254 2.0754001
10.306714 13.443 2.0904286
10.577909 13.460546 2.0798182
10.864546 13.424136 2.0977728
11.063 13.4722 2.0985
9.8183002 13.5242 2.0371001
10.130619 13.51981 2.0315239
10.424286 13.513 2.0250001
10.60929 13.51229 2.0406451
10.8105 13.512167 2.0756667
11.05625 13.5085 2.0847499
10.93342 -4.5973401 2.34604
4.5714927 5.8365812 -0.63894087
17.910671 5.8400664 -0.59176761
18.637001 5.7764997 -0.52349997
18.926001 5.8156667 -0.57333332
19.065386 5.8294921 -0.60931218
3.9423139 6.0399766 -0.60320932
4.0776381 6.0704651 -0.5834834
4.579 6.0220003 -0.722
5.1375556 7.1875553 -0.5644815
16.11661 0.40452173 2.2906523
16.310272 0.3708182 2.3742728
16.5555 0.37150002 2.3694999
17.61261 0.37180507 2.3353729
17.809999 0.38600001 2.4130001
18.942852 0.36011112 2.3986297
19.013281 0.37433803 2.3359156
10.991 0.56233335 2.4243333
11.010642 0.62130278 2.323
13.205077 0.61852306 2.4242539
13.345506 0.62661052 2.3222528
13.536 0.74800003 2.296
15.853077 0.62308717 2.3866513
16.125479 0.61986959 2.2701449
16.351799 0.61540002 2.2792001
16.681 0.59766668 2.3210001
16.773499 0.56449997 2.3245001
17.456333 0.62099999 2.2653334
17.602797 0.61926854 2.3420186
17.754 0.68099999 2.286
18.159 0.68800002 2.319
18.739 0.50700003 2.3959999
18.971916 0.60366666 2.4042501
19.011034 0.60516667 2.3253334
19.009666 1.6317291 2.3213124
10.674236 1.8944027 2.4440277
10.955636 1.9146818 2.4015
11.011409 1.9193803 2.3259859
13.216375 1.8760955 2.4116178
13.37812 1.8668933 2.3215466
13.521778 1.8777778 2.3074443
15.870062 1.8713731 2.3810415
16.115499 1.8726087 2.2743044
16.338333 1.9205556 2.2706666
17.63699 1.8792076 2.3366604
17.7945 1.95 2.2940001
18.634001 1.96 2.3963332
18.935167 1.8693888 2.3868334
19.007727 1.8898787 2.3431213
10.634381 2.1348145 2.437237
10.93774 2.1151481 2.3729999
11.015632 2.1363859 2.3252807
10.928429 -4.6012859 2.3902857
11.131034 -4.5987387 2.3698068
11.389809 -4.5987673 2.4017944
11.643673 -4.5994754 2.3893564
11.882407 -4.6010232 2.3614419
12.130692 -4.6005425 2.336915
12.383453 -4.600965 2.3409069
12.63556 -4.6029201 2.3794534
12.862648 -4.6026196 2.4169579
13.141689 -4.5966554 2.4171553
13.356908 -4.594079 2.3802106
13.607615 -4.6015902 2.3482771
13.868559 -4.6035733 2.335603
5.1499305 7.1960835 -0.56695831
5.3929667 7.2375331 -0.54246664
5.506 7.2490001 -0.58499998
5.4485002 7.2645645 -0.54309678
5.506125 7.2773747 -0.564125
21.919334 7.7235279 -0.65519446
21.907181 7.7573638 -0.61827272
22.019001 8.1595001 -0.67149997
26.704874 8.4084997 -0.59143752
5.1797142 8.7231426 -0.62414289
26.644445 8.6241665 -0.58985186
5.2043333 8.7729998 -0.61366665
26.640142 8.775857 -0.58992857
24.742001 9.1689997 -0.69400001
5.4386668 9.7416668 -0.54766667
5.4534092 9.8174095 -0.63354546
6.9688573 12.342286 -0.6982857
7.0547223 12.356277 -0.70416665
7.342 12.411333 -0.69516665
7.3893332 12.539667 -0.67666668
7.4547038 12.873777 -0.57525927
7.5674582 12.859208 -0.59762502
7.4829998 13.02 -0.54000002
7.6564999 13.15 -0.50950003
7.6919999 13.449666 -0.50766665
7.8204999 13.440001 -0.50400001
7.6459999 13.547 -0.50557142
7.777 13.569 -0.50625002
10.74 -4.5029998 -0.26199999
10.889182 -4.5234547 -0.3159394
11.171025 -4.5734124 -0.33655
11.377408 -4.5845251 -0.30939168
11.622371 -4.591258 -0.27604839
11.880104 -4.5991044 -0.30318749
12.077464 -4.5582213 -0.29731429
12.272333 -4.539 -0.26277778
19.012857 0.60123807 2.3156667
10.719363 0.8799091 2.4264545
10.876 0.91723078 2.4136922
11.012115 0.87329751 2.3087769
13.204488 0.8663193 2.4244285
13.35149 0.88273001 2.32269
13.548667 0.85566664 2.2998333
15.858332 0.86975378 2.388387
16.130054 0.87349093 2.2726181
16.2924 0.86620003 2.2765999
16.6325 0.7895 2.3115001
17.449333 0.82366669 2.263
17.609293 0.86199999 2.3439174
17.856001 0.90600002 2.3
18.184999 0.90200001 2.306
18.972052 0.86289471 2.3949473
19.012875 0.85793751 2.3084376
10.712459 1.1465833 2.4360833
10.96866 1.1200401 2.3661399
11.007958 1.1192708 2.3094895
13.207381 1.133 2.417381
11.015509 2.1277895 2.3258071
13.218141 2.1194766 2.4080782
13.382949 2.1281922 2.3220897
13.533834 2.1325002 2.3053334
14.839 2.1129999 2.378
15.0875 2.148 2.457
15.355 2.1929998 2.395
15.627 2.1807144 2.3838573
15.867783 2.1215389 2.3768809
16.127441 2.0936177 2.277853
16.340429 2.1082857 2.2777143
16.871 2.0085001 2.3439999
17.346001 2.0669999 2.2509999
17.636606 2.1311927 2.3381743
17.834 2.0035 2.2985001
18.6465 2.0949998 2.3945
18.985867 2.079 2.3474
19.008242 2.1179631 2.3305554
10.637356 2.3696027 2.4782603
10.946619 2.444762 2.361619
11.015083 2.2892499 2.3379722
13.21803 2.3700371 2.4108963
13.380017 2.3807628 2.322
13.210175 3.3664751 2.4178751
13.410621 3.384161 2.3291495
13.513833 3.3943334 2.3133335
15.746 3.2639999 2.4360001
15.804103 3.3747156 2.3669608
16.076813 3.34325 2.2966251
16.947001 3.3893332 2.3625
17.333 3.4070001 2.316
17.629017 3.3874745 2.378356
18.998501 3.3109999 2.3759999
19.018782 3.3205311 2.3232501
10.670729 3.627322 2.4831185
10.916602 3.6230483 2.3449037
13.211439 3.6317368 2.4271402
13.38711 3.6237795 2.3331182
13.507 3.5882502 2.3140001
15.747499 3.5440001 2.4779999
15.810905 3.6244452 2.3694453
12.271111 -4.5574446 -0.26077777
2.6660593 -4.4665732 -0.34020057
2.8933327 -4.4579139 -0.36244631
13.338875 2.3821249 2.3264999
13.5204 2.3262 2.3041999
15.859281 2.3767729 2.3778703
16.13225 2.4258332 2.2890832
16.387667 2.451 2.303
16.813 2.4960001 2.3429999
17.635389 2.2937222 2.3547499
18.743 2.418 2.405
18.98279 2.3822632 2.3776317
19.010824 2.4138 2.3187251
10.626105 2.5792105 2.4898949
10.935281 2.6213164 2.3164318
11.172833 2.7223332 2.4475
13.214211 2.6293159 2.4135036
13.342031 2.6168787 2.3284242
13.533 2.7055001 2.3485
15.749 2.5599999 2.471
15.786126 2.6162789 2.3715158
16.18 2.6263783 2.3009729
16.337084 2.6364584 2.3023751
16.62109 2.658 2.3276362
16.817083 2.60975 2.3499167
17.641924 2.6557212 2.3383076
18.937666 2.6983333 2.3676667
10.660334 5.3233333 2.4583333
10.8661 5.3320498 2.4442501
11.101291 5.3475161 2.4720967
11.404727 5.3454547 2.4726365
12.205 5.3540001 2.2509999
12.386 5.3337998 2.2564001
12.8685 5.2979999 2.253
13.01 5.3530002 2.2709999
13.985666 5.3083334 2.2839999
14.1134 5.3643999 2.3009999
14.665857 5.4207144 2.2582858
14.915477 5.367568 2.3856213
15.068441 5.3343234 2.3880293
15.380466 5.3530669 2.4790666
16.224499 5.3035002 2.4910002
16.524 5.395 2.4949999
17.429125 5.3900623 2.2680001
17.653214 5.3800716 2.3888571
18.979429 5.3965716 2.4251428
19.022484 5.37609 2.3259017
14.1745 5.6005001 2.3169999
14.907128 5.6284189 2.3517692
15.048071 5.6723571 2.2999287
16.708 5.5764999 2.4759998
16.872999 5.5977812 2.4530001
17.139793 5.6274605 2.4419682
17.399469 5.6143675 2.3669591
17.624956 5.5993767 2.4409854
17.8055 5.5482502 2.4282501
18.396 5.7020001 2.2809999
18.98225 5.6307502 2.4200001
19.026016 5.6152458 2.3294425
14.698 5.7744999 2.3985
14.876968 5.8170476 2.3428414
15.0345 5.7720003 2.2855
15.558 5.8189998 2.362
16.972599 5.7950001 2.4103999
17.076385 5.771769 2.425077
17.484333 5.8537779 2.2711112
15.793769 3.6263516 2.3836923
16.057375 3.612 2.29825
16.656668 3.7193334 2.339
16.916615 3.6173077 2.3655386
17.636196 3.6319218 2.381125
19.016167 3.6136665 2.257
10.685369 3.8531315 2.4827895
10.906416 3.8758919 2.3367567
13.218215 3.8777845 2.4295385
13.368051 3.8713622 2.337971
13.535111 3.8935556 2.317111
15.715281 3.9834688 2.4069688
15.794922 3.8648381 2.3771667
16.097334 3.8763332 2.2953334
16.364067 3.8906 2.3052001
16.620834 3.836 2.3286667
16.89809 3.8708181 2.3606365
17.084444 3.9245555 2.3665555
17.637983 3.8805001 2.3882167
2.8802035 -4.4600797 -0.36653984
3.146558 -4.4566221 -0.3760024
3.3640482 -4.4665785 -0.36253011
17.635588 3.8697205 2.3901029
18.9748 3.9333999 2.4105999
19.018234 3.9014692 2.3142469
10.639571 4.1487856 2.3651903
10.802333 4.0378737 2.344954
13.219666 4.127316 2.4264209
13.349191 4.1284561 2.3435955
13.5355 4.1533999 2.3176
15.432585 4.1847639 2.3900189
15.610065 4.0825834 2.3797052
15.838518 4.1058149 2.3057408
16.098713 4.1681428 2.3110001
16.362595 4.1534061 2.3093126
16.593834 4.1544585 2.3166666
16.871 4.139174 2.3407826
18.960667 2.727 2.3670001
19.014286 2.6743429 2.3187144
10.404857 2.9318094 2.4914761
10.574487 2.8619189 2.4945405
10.924697 2.8872759 2.3168344
11.084154 2.8903077 2.425077
11.26 2.9330001 2.4835715
13.211913 2.8746014 2.4226665
13.387963 2.889426 2.324389
13.530251 2.98225 2.31075
14.1335 2.829 2.4549999
15.781443 2.8753221 2.3640335
16.125408 2.8785455 2.3009999
16.315001 2.8635483 2.3014839
16.635334 2.7966666 2.332
17.641102 2.8805144 2.3518479
17.835501 2.9145 2.3010001
18.655666 2.8716667 2.4006667
18.918501 2.8569167 2.40325
19.014875 2.8987083 2.3140278
10.424 3.0197001 2.4965999
10.701667 3.1488571 2.4669046
10.900038 3.1036124 2.3683875
17.484692 5.8534617 2.2746153
17.613239 5.8812175 2.3851304
17.9765 5.9219999 2.2635
18.164 5.96 2.283
18.610001 5.7690001 2.302
18.988001 5.8085713 2.4174285
19.027 5.8126616 2.3351912
16.680363 6.2344546 2.4010909
16.823 6.224 2.2609999
17.474714 6.1025 2.2677858
17.611588 6.1297936 2.373127
17.969334 6.0843334 2.2566667
18.158916 6.1092501 2.2727499
18.371897 6.1752758 2.2770345
18.639631 6.2033157 2.2900527
18.915251 6.2259374 2.31375
19.11137 6.2185555 2.3267407
19.36544 6.2279601 2.3473599
19.571272 6.2240911 2.3659091
19.889223 6.2353334 2.3995557
20.033001 6.2459998 2.267
16.229 6.3555002 2.2580001
16.427151 6.4411497 2.3673999
16.645603 6.4142947 2.4215257
16.856457 6.4652858 2.4496286
17.213333 6.3476667 2.2590001
17.403299 6.3634 2.2872
17.651306 6.3381109 2.3822501
17.811874 6.46 2.4602499
18.584 6.3000002 2.2579999
18.886299 6.3716002 2.2692001
19.063334 6.3978333 2.2688332
19.9275 6.263 2.3485
20.118999 6.2820001 2.4099998
20.360334 6.3623333 2.3144445
20.945 6.4959998 2.4760001
17.910555 6.5725555 2.4183333
18.02 6.6659999 2.266
18.344501 6.6035004 2.2519999
18.52 6.5970001 2.2565
20.737 6.6799998 2.3180001
20.878319 6.6136365 2.3293636
19.906834 6.9615002 2.3866668
20.032 6.9029999 2.3759999
20.912468 6.8742814 2.3524375
19.967176 7.0918236 2.4061766
20.016499 7.13625 2.38275
20.916353 7.1241765 2.3528531
19.974649 7.3932972 2.431108
20.004 7.3485003 2.3800001
20.633751 7.3947501 2.391
20.90016 7.37852 2.3392601
23.735666 7.4386668 2.2623334
19.9695 7.6245651 2.4451523
20.011 7.5469999 2.3829999
20.411499 7.6069999 2.38925
20.623667 7.6613336 2.3923333
20.89238 7.6351032 2.3246379
23.725582 7.6471667 2.2610834
23.754 7.5630002 2.273
19.970762 7.8180475 2.4429047
20.146999 7.8393998 2.3875999
20.4368 7.8649998 2.3898001
20.624714 7.8402858 2.3915713
20.843334 7.8636665 2.2996666
3.3608589 -4.4656715 -0.36246011
3.6303961 -4.4659686 -0.37940881
16.855833 4.1971664 2.3328333
17.03611 4.1105556 2.3617778
17.450001 4.0100002 2.3859999
17.641653 4.1268268 2.3884327
17.754 4.1745 2.2940001
18.613001 4.1360002 2.402
18.971834 4.1555834 2.42275
19.016592 4.1301327 2.3194897
8.5185719 4.3527145 2.2548571
10.579756 4.3835273 2.3655272
12.4468 4.3523998 2.2602
12.626938 4.431375 2.2693124
12.85475 4.48 2.2990832
13.220181 4.3742361 2.4088612
13.330737 4.3655963 2.3504825
13.532769 4.3353076 2.3211539
15.424036 4.3754745 2.3624897
15.574657 4.3526287 2.3313999
15.873102 4.3643332 2.2653847
16.143652 4.3502173 2.2704349
16.33935 4.3393488 2.2701163
16.596666 4.3725557 2.2716668
10.898078 3.1228189 2.3603103
11.1806 3.013 2.4837999
11.256 3.0020001 2.49
13.210972 3.1159532 2.4254394
13.409429 3.1420779 2.3242338
13.5236 3.152 2.3152001
15.736667 3.0533333 2.3783333
15.798268 3.1201477 2.353322
16.119118 3.1312549 2.2970393
16.302334 3.0274444 2.3053334
16.898285 3.1764286 2.3445714
17.0375 3.1199999 2.2940001
17.632957 3.1234276 2.3610218
17.759001 3.0139999 2.2909999
18.627001 3.0186667 2.398
18.901001 3.0799999 2.385
19.018164 3.1400232 2.3121512
10.710217 3.3915217 2.4718478
10.901789 3.3683772 2.3517258
13.210732 3.3605366 2.426244
20.879278 7.8756976 2.3186512
23.717215 7.8730001 2.2644999
20.456667 8.0223331 2.3946667
20.5345 8.0284996 2.3945
20.876696 8.1182394 2.316087
23.703722 8.1057224 2.2620556
23.692381 8.3517141 2.2679524
23.691221 8.5708895 2.2714446
23.801001 8.7040005 2.27
24.211 8.9084005 2.3162
24.34 8.9613333 2.296
24.1882 9.0441999 2.3146
24.257999 9.0810003 2.3080001
24.905001 9.2349997 2.26
25.445999 9.2889996 2.316
25.556 9.3529997 2.3099999
25.766001 9.3879995 2.3269999
8.4829998 11.48 2.2595
9.4641666 12.870667 2.2651668
9.6382666 12.8958 2.2732
9.8811426 12.846 2.2835715
10.14048 12.88648 2.2759199
10.386824 12.876411 2.2915883
10.653412 12.883853 2.2900295
10.780666 12.905666 2.2943332
9.1669998 13.08 2.253
9.7028751 13.063 2.2783749
9.974 13.034 2.346
10.152434 13.06687 2.2824347
10.491333 13.035 2.3540001
10.653519 13.084259 2.2926297
10.860857 13.077642 2.3081429
11.062 13.197 2.408
9.9025002 13.363 2.4154999
10.112 13.3805 2.4264998
10.380333 13.363833 2.4306667
10.612375 13.4355 2.4616251
10.9351 13.4205 2.4589
11.060875 13.47525 2.4811251
10.472333 13.504 2.49
10.598333 13.510667 2.4949999
10.979 13.505 2.487
11.095667 13.512 2.4953334
10.944303 -4.6004848 2.600394
11.129129 -4.601871 2.5959032
11.368183 -4.6015668 2.6198168
11.626709 -4.6029634 2.6526728
11.888115 -4.6021028 2.6208463
12.143109 -4.6025205 2.600589
12.382941 -4.6017942 2.5913088
12.636564 -4.6025324 2.6210485
12.861415 -4.6025848 2.6660378
13.142375 -4.5689998 2.6698749
3.6318307 -4.465261 -0.37924767
3.8905637 -4.4282727 -0.41732728
16.605366 4.3508 2.2747333
16.837852 4.3435588 2.2835882
17.067333 4.348 2.3028889
17.465 4.3780003 2.3493333
17.639179 4.3319106 2.3675075
18.982779 4.3413334 2.4277778
19.017763 4.3876877 2.3264625
10.551216 4.6119895 2.3509052
12.472 4.6669998 2.2539999
12.634666 4.6848335 2.2776666
12.8552 4.599 2.2898002
13.190642 4.5393214 2.4094999
13.280862 4.5484138 2.3683794
13.899 4.7329998 2.4200001
15.415273 4.6189427 2.3724067
15.625714 4.5387144 2.2934287
15.85375 4.5246668 2.2591667
16.123751 4.5240002 2.2565
16.425142 4.5198574 2.256
16.5755 4.525125 2.257375
16.868 4.54175 2.2811251
17.134832 4.6230001 2.283
17.402693 4.6257691 2.2868462
17.624889 4.5799999 2.2914445
18.990143 4.6125717 2.4238572
19.020128 4.6280107 2.3208387
9.1210003 4.993 2.2579999
10.554311 4.8180404 2.3471756
12.66 4.7880001 2.2809999
12.901115 4.8069615 2.303654
13.115372 4.8595142 2.2915428
13.171806 -4.3925805 2.6789355
13.37975 -4.4252501 2.50425
13.888 -4.4899998 2.592
14.198667 -4.4723334 2.648
17.715084 -4.3917084 2.5122499
17.906223 -4.3791895 2.6174569
18.068624 -4.3642497 2.7084999
13.167492 -4.125257 2.6769273
13.400499 -4.1925001 2.5025001
17.720001 -4.1754999 2.5067501
17.886614 -4.1616592 2.6047614
18.106285 -4.1677141 2.7290001
13.181304 -3.8771548 2.6600296
13.18815 -3.6284859 2.6393127
13.19417 -3.3803625 2.6211812
13.186839 -3.1584837 2.5525162
13.147361 -4.5695276 2.6707222
13.6705 -4.5826998 2.517
13.88242 -4.5909357 2.5420644
14.151536 -4.5916429 2.5878215
14.359423 -4.5918078 2.6250384
14.597577 -4.6056538 2.6500385
14.909754 -4.6054916 2.5947378
15.13175 -4.6079288 2.5788214
15.345125 -4.6083751 2.5651875
15.626225 -4.6118226 2.5835161
15.883 -4.6149216 2.617902
16.121468 -4.6156936 2.6478226
16.370697 -4.618875 2.6536608
16.625906 -4.6222501 2.6548438
16.875723 -4.6216669 2.624537
17.121069 -4.6237726 2.5917728
17.390175 -4.6257 2.59605
17.627819 -4.6121311 2.5690656
17.897896 -4.5855699 2.6333838
18.035 -4.5461998 2.6988001
13.170156 -4.3769999 2.6833687
3.855005 -4.4508219 -0.39998353
4.0633135 -4.4260945 -0.47062132
4.3964238 -4.4002848 -0.4591192
4.6544847 -4.4674845 -0.38944331
13.042 4.8699999 2.3440001
13.432 4.9085832 2.3321667
13.59075 4.8886752 2.358
13.853416 4.8607917 2.4104583
14.157727 4.8846364 2.4581819
14.399447 4.9015265 2.4762895
14.591 4.8886924 2.4749999
15.116211 4.9467368 2.4551053
15.411316 4.8522143 2.4390409
15.587563 4.9127812 2.4728751
15.99 4.9864998 2.4560001
16.931 4.7804999 2.2610002
17.143999 4.8927779 2.2828889
17.288 4.7825003 2.28
17.720222 4.9008889 2.2891111
17.750999 4.7985001 2.2869999
18.977285 4.843143 2.4221427
19.023876 4.8834381 2.3200381
9.1989994 5.0310001 2.2719998
9.3984003 5.1308002 2.3174
9.5951109 5.1389999 2.3217778
9.8582859 5.2004285 2.3497143
10.4105 5.0655003 2.2969999
10.5965 5.19175 2.3594999
10.8598 5.2006001 2.3664
11.1125 5.2224998 2.3860002
11.271 5.1859999 2.3824999
13.002 5.0960002 2.257
14.1055 5.1227503 2.3157501
14.40055 5.0766001 2.47965
14.5465 5.0695834 2.4629166
14.884926 5.1450739 2.3214445
15.07937 5.1105928 2.3893926
15.358958 5.0665832 2.4527082
15.562833 5.0746112 2.4637222
15.951096 5.1652856 2.4678571
16.095167 5.1079817 2.455426
16.3347 5.1215 2.4389
17.440374 5.1243124 2.2756875
17.580687 5.1530623 2.325875
17.943001 5.0609999 2.3150001
18.035999 5.092 2.323
18.976501 5.0722499 2.4215002
19.022415 5.1344237 2.3227203
9.9180002 5.3077693 2.4133847
10.133429 5.3517618 2.4602857
10.354625 5.3445001 2.4547083
10.616834 5.3066111 2.4501112
13.185667 -3.1308334 2.5483334
11.149143 -2.3840001 2.5332856
11.4134 -2.3896 2.5746
11.691999 -2.3905001 2.5244999
11.867864 -2.3889546 2.5363183
12.138222 -2.3891666 2.550611
12.337571 -2.3897142 2.5830715
12.65225 -2.3915 2.56425
12.927282 -2.368587 2.5302825
13.199333 -2.2643332 2.7353334
15.429 -2.3099999 2.5050001
15.656625 -2.3178749 2.513875
15.8268 -2.3196001 2.5237
17.3505 -2.3248334 2.5075002
17.627571 -2.3314285 2.5198572
17.857635 -2.3318181 2.5377274
18.124308 -2.3396153 2.5713077
18.380589 -2.3454118 2.5466471
18.620222 -2.3452222 2.5544446
18.924786 -2.3432143 2.5547142
19.012333 -2.333111 2.5516667
13.19326 -2.0875206 2.6511233
15.913 -2.0373182 2.5583181
16.0105 -2.0320001 2.5250001
18.399429 -2.1061428 2.6861429
18.622 -2.0947144 2.6552858
18.91643 -2.0182858 2.6441429
19.014294 -2.0263529 2.5967648
13.184772 -1.9428636 2.5693409
15.885433 -1.9241333 2.5567334
16.0725 -1.849 2.5250001
18.378166 -1.9188889 2.5994999
18.642334 -1.9597778 2.6206665
18.886223 -1.9567778 2.6078889
19.018801 -1.901175 2.566025
13.189 -1.2615 2.74
18.368999 -1.262 2.7260001
11.7394 -1.0563999 2.5778
11.811 -1.062 2.572
13.192775 -1.1154798 2.621289
15.899653 -1.0985067 2.57848
16.066099 -1.0783499 2.53075
17.945 -1.179 2.5179999
18.384333 -1.0540833 2.7141666
18.647667 -1.0911667 2.6401668
18.89875 -1.0524501 2.6530499
13.19638 -0.93185002 2.6059401
15.40475 -0.93924999 2.5475001
15.657769 -0.90215385 2.5803077
15.857875 -0.91025001 2.5870416
16.15 -0.90399998 2.539
15.873567 0.6304667 2.5967
16.042667 0.57133335 2.5426667
18.5935 0.62599999 2.5244999
13.179956 0.86830437 2.507174
15.866333 0.87601513 2.5994849
16.109001 0.99675 2.5545001
18.5935 0.972 2.5289998
11.607666 1.0315 2.5915
13.182858 1.0747143 2.5091429
15.874244 1.1220723 2.5815394
16.290501 1.0090001 2.5675001
18.589001 1.015 2.526
13.187 1.2975 2.5159998
15.878494 1.3751085 2.5941808
18.591249 1.4302499 2.53475
13.1958 1.697 2.5035999
15.870916 1.6249231 2.5908251
18.566999 1.508 2.5320001
13.195842 1.8666842 2.5116842
15.874673 1.8783866 2.5911667
13.2 2.0039999 2.5179999
15.407001 2.1606667 2.6013334
15.729667 2.1294444 2.5943334
15.860545 2.1193359 2.591321
16.136 2.21 2.582
10.577 2.4960001 2.5
15.864429 2.3832858 2.5952857
4.6584897 -4.4689932 -0.36922377
4.8997264 -4.4199386 -0.40140978
12.119025 -4.6044502 2.8610001
12.350022 -4.603159 2.8382728
12.588638 -4.6061063 2.8450639
12.84152 -4.6044793 2.8916667
13.134209 -4.565948 2.9365313
15.202 -4.6164999 2.7595
15.351235 -4.609941 2.7619412
15.665182 -4.6127272 2.8139091
15.827616 -4.6160002 2.8342307
16.119947 -4.6192632 2.8892105
16.388611 -4.6224999 2.9038334
16.620695 -4.6213479 2.8471522
16.861778 -4.6247778 2.8252592
17.123487 -4.6254392 2.8279512
17.368387 -4.6271138 2.830909
17.623714 -4.6289387 2.8804083
17.867222 -4.6319556 2.8875999
18.143196 -4.6225176 2.887125
18.391891 -4.5908728 2.9284728
18.517 -4.5583334 2.9966667
13.160393 -4.3687348 2.9326582
18.178875 -4.3688126 2.77475
18.387985 -4.3747206 2.8991911
18.529119 -4.3614402 2.9901199
13.161597 -4.1268182 2.9040129
16.108818 -0.90627271 2.5260909
16.387667 -0.90466666 2.5491667
16.65711 -0.90333337 2.5626667
16.784 -0.912 2.523
17.995499 -0.75599998 2.6795001
18.104 -0.76990908 2.6759999
18.359879 -0.87036365 2.7025454
18.649422 -0.85242105 2.6493685
18.904045 -0.88590908 2.6544092
19.020308 -0.89238459 2.6375384
18.359083 -0.60900003 2.70825
18.636778 -0.60266668 2.6472223
18.920553 -0.6326316 2.655
19.009916 -0.63408333 2.6351666
13.199903 -0.34833696 2.6641195
15.83832 -0.33627999 2.6642401
16.077749 -0.27675 2.5220001
18.361864 -0.3638919 2.7042704
18.649857 -0.36835715 2.6577857
18.927013 -0.38092405 2.6570759
19.005545 -0.36418182 2.6309092
13.204193 -0.088842109 2.585
15.883328 -0.11394656 2.5999923
16.041889 -0.15844445 2.5177221
18.367189 -0.1152973 2.7019188
18.66177 -0.113 2.6619999
18.933218 -0.12479487 2.6579871
19.006266 -0.13339999 2.6330667
11.61025 0.189375 2.5016251
11.980333 0.213 2.513
12.124788 0.19775757 2.5238485
12.435715 0.17561905 2.5429049
12.636833 0.19566667 2.5443332
12.814692 0.17792307 2.5632308
13.203375 0.1013125 2.5901251
15.866725 2.3816869 2.5987403
10.570235 2.6411765 2.5099411
11.222333 2.7420001 2.6153333
11.339 2.7349999 2.6429999
15.863939 2.6219654 2.6158104
16.134428 2.7162857 2.5848572
16.331667 2.6804445 2.6174445
10.451143 2.8651428 2.5067143
10.566117 2.8317647 2.5148823
11.095966 2.9376333 2.5092332
11.687 2.8469999 2.6010001
11.866236 2.8428824 2.6548824
12.184182 2.8399091 2.7190909
12.29575 2.8387499 2.7244999
15.079 2.9909999 2.589
15.379714 2.8464286 2.5999999
15.633938 2.846875 2.6101251
15.853608 2.8169215 2.6276667
16.131489 2.838532 2.5738723
16.3575 2.7897501 2.5999999
16.611 2.802 2.6542501
16.832335 2.8086667 2.6829998
17.136 2.8169999 2.7320001
10.4629 3.0896001 2.5223999
10.5646 3.169775 2.5322001
11.12075 3.0163751 2.50825
13.195312 3.1399999 2.5048749
10.576843 3.3762858 2.5609143
13.186083 3.3256667 2.5099168
15.8629 3.4955001 2.6394
10.576352 3.6275492 2.5862393
13.188666 3.6849999 2.5120001
15.867882 3.6253264 2.6321805
10.585778 3.8824949 2.5735049
15.863083 3.8887222 2.6407778
4.9029593 -4.4142323 -0.40401107
10.222 -4.2723331 -0.43133333
10.361509 -4.2997637 -0.41009092
10.6566 -4.4312501 -0.35368332
10.84865 -4.4373498 -0.36210001
11.113474 -4.3948946 -0.35252631
11.3205 -4.4712501 -0.32499999
12.089406 -4.3667269 -0.32152209
12.279483 -4.368 -0.26067415
3.7051785 -4.1450357 -0.32425001
3.8633254 -4.2135048 -0.33846602
13.16396 -4.1293263 2.9133878
18.201834 -4.1945 2.7958333
18.406063 -4.2193751 2.9083126
18.522499 -4.2460003 2.987
13.169022 -3.8748705 2.8899136
13.18 -3.640902 2.8636079
13.186399 -3.4849 2.8022001
12.664 -2.3959999 2.8599999
12.841166 -2.3709445 2.8815
13.183714 -2.2679644 2.8206785
18.367409 -2.2768636 2.8382728
12.985 -2.223 2.927
13.168021 -2.1894791 2.8308125
18.373096 -2.1379678 2.8163872
12.984142 -1.3521428 2.9301429
13.161314 -1.2989428 2.8792286
18.371904 -1.2739524 2.8263333
12.222 -1.102 2.7639999
12.961291 -1.1117917 2.92925
13.169917 -1.12 2.8406389
18.37291 -1.1001515 2.8202424
12.990636 -0.92818183 2.9322727
13.148443 -0.90815192 2.86919
18.357849 -0.87271696 2.7831321
12.9545 -0.5395 2.9159999
13.144862 -0.64793748 2.900275
18.357018 -0.63524997 2.7786667
13.147351 -0.36345947 2.884027
13.198162 0.10248718 2.5992649
14.939777 0.18388888 2.569
15.190429 0.18785715 2.5632858
15.323462 0.20276923 2.5683076
15.6686 0.1647 2.5783999
15.863703 0.077405408 2.6114326
16.11977 0.11392308 2.559
16.355467 0.1698 2.5902667
16.600769 0.18176924 2.5946922
16.819 0.17 2.6229999
17.180311 0.16562068 2.6077242
17.316999 0.17213333 2.6100667
17.592701 0.20289999 2.5953
17.856556 0.13144444 2.598
18.131111 0.05688889 2.7086666
18.356922 0.098461539 2.6796923
18.657999 0.13043749 2.6503749
18.910769 0.12517948 2.6451924
19.01 0.061000001 2.632
11.6081 0.3062 2.5022001
11.9815 0.29725 2.51525
12.137333 0.30883333 2.5181251
12.454177 0.2932353 2.5251765
12.632636 0.30900002 2.533
12.822111 0.33222222 2.5552223
13.178945 0.33616668 2.5448704
14.910286 0.28600001 2.5645714
15.18 0.29223076 2.5613847
15.327222 0.30922222 2.5677779
15.6416 0.28419998 2.5859001
15.866566 0.41050506 2.5942829
16.192286 0.27642858 2.5877142
16.388615 0.29576924 2.5783846
16.607933 0.28486666 2.5964
16.764 0.30700001 2.6029999
17.162096 0.28804761 2.6183333
17.271858 0.26699999 2.6014285
17.646334 0.27000001 2.5956666
17.811001 0.259 2.6100001
18.102501 0.27899998 2.6360002
18.383894 0.34521052 2.6875262
18.636499 0.324375 2.6217501
18.916739 0.33030435 2.649739
19.003 0.34900001 2.632
13.178667 0.62199998 2.5058334
15.857539 0.63185215 2.6140349
15.861506 3.8730948 2.6310632
10.582982 4.1047816 2.5832727
15.865532 4.1204505 2.6498199
10.5898 4.4123411 2.5884471
15.574 4.4769998 2.5033333
15.86111 4.3719149 2.6522074
10.593184 4.5882068 2.5893679
15.595538 4.6536155 2.5123847
15.859554 4.6198783 2.6639731
10.592935 4.8511882 2.601855
10.763 4.7810001 2.5114999
14.472667 4.8683333 2.5033333
14.669304 4.8710871 2.527739
14.863 4.8730001 2.5227692
15.136499 4.9095001 2.5585001
15.4166 4.9433999 2.5818
15.579692 4.8906922 2.5658462
15.860666 4.8653169 2.6762834
10.58998 5.1576834 2.6055148
10.967333 5.1300001 2.582
11.2 5.2410002 2.6300001
3.8669519 -4.2134576 -0.33737072
4.1516013 -4.2123313 -0.34908926
4.288816 -4.2141843 -0.32786843
13.160957 -0.36514285 2.8802714
18.363419 -0.38166666 2.7995269
13.173842 -0.23278947 2.8788948
18.364229 -0.13011429 2.8077905
12.573 0.1445 2.8084998
12.907 0.148 2.8840001
13.171969 0.077833332 2.8792424
17.712999 0.111 2.7780001
17.936001 0.107 2.8099999
18.21525 0.036249999 2.7690001
18.345934 0.058733333 2.8327
13.116584 0.46816668 2.9220834
18.130999 0.37966666 2.8086667
18.334999 0.37099999 2.806
13.114511 0.62417018 2.9382341
12.999 0.94400001 2.9389999
13.1222 0.87633848 2.935277
13.144313 1.1229062 2.9375312
13.131244 1.3898108 2.9445946
13.115941 1.6104118 2.9473825
13.1342 1.86695 2.9542501
13.123 2.0785 2.94575
13.209 2.3998182 2.9227273
13.189 2.5688 2.9275
12.241 2.839 2.7520001
12.349 2.8383334 2.7566667
12.62475 2.8363333 2.8189168
12.947 2.8369999 2.9000001
13.059 3.7172501 2.96225
13.127685 3.8808422 2.9535789
13.159227 4.1339998 2.967
13.123 4.3953938 2.9668181
12.109 4.5159998 2.803
13.15993 4.624907 2.9718373
10.575 4.9263334 2.7520001
13.093116 4.8313847 2.9781923
10.578808 5.1619616 2.7675769
10.567938 5.2931252 2.7751875
11.945 5.362 2.7539999
18.438999 6.9260001 2.7520001
18.4345 7.0235004 2.7565
20.959667 7.9133334 2.9106667
10.202 13.444 2.7650001
10.308875 13.471624 2.784375
10.4485 13.514667 2.7934999
12.15675 -4.6036253 3.0232499
12.3573 -4.6020498 3.04775
12.584133 -4.6071 3.0683334
12.852167 -4.6187224 3.096
13.167282 -4.5860767 3.1893334
11.336667 5.2166667 2.5526667
15.627714 5.0392857 2.6565714
15.842625 5.0479999 2.698875
10.221666 5.3706665 2.5126667
10.383343 5.3675141 2.5385427
10.574865 5.3178878 2.5782697
10.875941 5.3270588 2.532294
11.128704 5.3438888 2.5538518
11.379465 5.3615689 2.5640862
11.577778 5.3635926 2.602963
11.863001 5.3594999 2.7354999
15.245 5.2979999 2.5
15.384727 5.3118181 2.507
15.56275 5.3652501 2.5039999
16.361 5.3790002 2.5239999
16.590445 5.3865557 2.5093334
15.729 5.52 2.543
15.898666 5.5506668 2.5616667
16.055231 5.5579233 2.5847692
16.487 5.5710001 2.5079999
16.682636 5.5716362 2.5592728
16.847668 5.5699167 2.56125
17.146471 5.571588 2.5234706
17.425785 5.5677857 2.5533571
17.599167 5.5677085 2.5415416
17.794624 5.5630002 2.572125
16.616333 6.2183332 2.5086668
16.7155 6.4710002 2.5025001
16.901857 6.4622855 2.5098572
17.861 6.375 2.5039999
20.474001 6.3660002 2.5
17.945499 6.5345001 2.5039999
18.13275 6.6777501 2.5225
18.480101 6.7282 2.6579001
18.507999 6.7013335 2.6136668
20.962999 6.5 2.549
18.457016 6.880672 2.6685245
18.521929 6.8802857 2.6193571
18.453062 7.0160627 2.6950626
18.555 7.0238571 2.6032858
20.018999 7.4439998 2.5090001
19.976999 7.5679998 2.506
20.249001 7.5349998 2.5380001
20.349056 7.6577225 2.5690556
20.196667 7.8776665 2.523
20.40921 7.8778949 2.5852106
20.603666 7.8771667 2.6413333
20.959999 7.9699998 2.6760001
20.4125 8.0267506 2.5822501
20.569 8.0419998 2.631
20.959333 8.107667 2.678
9.2213335 11.065333 2.5810001
10.6081 12.7045 2.6259999
10.626387 12.860591 2.6027954
10.664864 13.134545 2.5989544
10.816999 13.2065 2.5910001
9.9060001 13.496 2.6159999
10.205412 13.469412 2.6217058
10.335857 13.489071 2.655
10.67025 13.40575 2.6085937
10.848333 13.389417 2.5788333
11.055445 13.481667 2.5812223
9.7399998 13.508 2.5610001
9.8540001 13.518 2.5995455
10.142 13.515692 2.6382692
10.401231 13.511461 2.6836154
10.60247 13.509 2.5964117
10.998 13.509 2.5339999
11.116211 13.512631 2.5303683
11.2925 13.516 2.5332501
10.9535 -4.5999999 2.7722502
11.128142 -4.6013927 2.7909999
11.390706 -4.6025295 2.8285589
11.631441 -4.6024704 2.8737352
11.895044 -4.6025558 2.8817334
12.1198 -4.6022 2.8684001
13.166108 -4.6019731 3.1986217
16.917 -4.6273079 3.0297692
17.131611 -4.6251111 3.0475001
17.37553 -4.6307645 3.0997646
17.62579 -4.6303158 3.1385789
17.856762 -4.6350951 3.1808572
18.144041 -4.6346402 3.11288
18.381954 -4.6407728 3.1011364
18.630041 -4.5824447 3.0634723
18.758999 -4.5555 3.1139998
13.194792 -4.3671818 3.1738052
18.659813 -4.3896132 3.0572267
13.194642 -4.1263828 3.1467161
13.187447 -3.9200637 3.1082339
13.18 -4.6856666 3.25
18.143715 -4.6364288 3.2661428
18.377647 -4.6398826 3.2914705
18.629444 -4.6412225 3.3289444
18.877207 -4.6475515 3.3552759
19.129353 -4.6465883 3.3958824
19.359818 -4.6480455 3.4290454
19.579924 -4.652 3.4376924
19.886999 -4.6534286 3.4874287
20.0546 -4.6567998 3.4893999
19.452 -4.6550002 3.5090001
19.6224 -4.652 3.5253999
19.909733 -4.6549335 3.5650666
20.155384 -4.6558461 3.5681922
20.315001 -4.6561999 3.6489999
4.2946196 -4.2146759 -0.32549295
4.9412689 -4.1367183 -0.39404699
9.9612179 -4.1326957 -0.46513045
10.155933 -4.1868 -0.43979999
10.13668 -4.1782999 -0.44330001
10.387413 -4.1755137 -0.45091742
10.554334 -4.0887141 -0.38552383
10.88 -4.25 -0.30199999
12.082382 -4.130856 -0.32495752
12.28393 -4.1226001 -0.25828236
3.4778078 -3.7991538 -0.34784615
3.6274943 -3.8818314 -0.35149437
3.8665714 -3.8604643 -0.34182143
4.0483999 -3.9042001 -0.3382
4.9340658 -3.9229014 -0.38499999
4.9328327 -3.9209249 -0.39048183
10.5948 -3.9860001 -0.32820001
11.997666 -3.839 -0.33566669
12.114086 -3.8650575 -0.30466506
12.282148 -3.8710001 -0.25709876
3.4766667 -3.6949334 -0.30293334
3.5793824 -3.6358528 -0.42548528
3.7967272 -3.7006364 -0.37354547
4.6118674 -3.5537033 -0.38972145
4.6125259 -3.5537419 -0.3887794
4.7648335 -3.7393334 -0.38133332
12.058636 -3.7138 -0.32871765
12.2762 -3.7090001 -0.25999999
3.4181292 -3.3338621 -0.38040087
3.5748808 -3.350369 -0.4375
3.5801477 -3.3477182 -0.4400973
4.3670001 -3.3426666 -0.28999999
4.6328506 -3.4721322 -0.44389656
3.3588183 -3.2225454 -0.48381817
3.6872282 -3.113842 -0.35685965
3.7949588 -3.1282878 -0.40873972
4.1033077 -3.0736923 -0.36546153
4.3779998 -3.119 -0.414
11.744 -3.006 -0.26300001
11.904654 -3.0257692 -0.2836923
12.093228 -3.040657 -0.27485713
12.257 -3.0829999 -0.259
3.7157431 -2.775841 -0.28765139
3.869 -2.7633333 -0.28833333
3.8635478 -2.7688985 -0.33221874
